2026-08-17T23:52:58.260066+00:00 WARNING 'ansible_navigator.image_manager.puller._log_message' Image inspection failed, image assumed to be corrupted or missing
2026-08-17T23:52:58.263036+00:00 WARNING 'ansible_navigator.image_manager.puller._log_message' stdout: []

2026-08-17T23:52:58.263092+00:00 WARNING 'ansible_navigator.image_manager.puller._log_message' stderr: Error: ghcr.io/ansible/creator-ee:v0.22.0: image not known

2026-08-17T23:53:26.934805+00:00 ERROR 'ansible_navigator.image_manager.puller._log_message' Execution environment pull failed
2026-08-18T02:16:31.239909+00:00 WARNING 'ansible_navigator.image_manager.puller._log_message' Image inspection failed, image assumed to be corrupted or missing
2026-08-18T02:16:31.240262+00:00 WARNING 'ansible_navigator.image_manager.puller._log_message' stdout: 
2026-08-18T02:16:31.240303+00:00 WARNING 'ansible_navigator.image_manager.puller._log_message' stderr: time="2026-08-17T19:16:31-07:00" level=warning msg="RunRoot is pointing to a path (/run/user/1001/containers) which is not writable. Most likely podman will fail."
Error: creating events dirs: mkdir /run/user/1001: permission denied

2026-08-18T02:16:31.323451+00:00 ERROR 'ansible_navigator.image_manager.puller._log_message' Execution environment pull failed
2026-08-18T02:16:31.498834+00:00 CRITICAL 'ansible_navigator.actions.run_playbook._handle_message' Unhandled message from runner queue, discarded: {'event': 'verbose', 'uuid': '58b479a8-a2ac-4db1-b0bc-d1a262932862', 'counter': 1, 'stdout': '\x1b[33mWARN\x1b[0m[0000] RunRoot is pointing to a path (/run/user/1001/containers) which is not writable. Most likely podman will fail. ', 'start_line': 0, 'end_line': 1, 'runner_ident': 'b2dc414f-d7be-46dc-b616-421eab7ebd64', 'created': '2026-08-18T02:16:31.491659+00:00'}
2026-08-18T02:16:31.499188+00:00 CRITICAL 'ansible_navigator.actions.run_playbook._handle_message' Unhandled message from runner queue, discarded: {'event': 'verbose', 'uuid': '6c5e95f4-6a70-44b7-a03f-c931a00a1431', 'counter': 2, 'stdout': 'Error: creating events dirs: mkdir /run/user/1001: permission denied', 'start_line': 1, 'end_line': 2, 'runner_ident': 'b2dc414f-d7be-46dc-b616-421eab7ebd64', 'created': '2026-08-18T02:16:31.492202+00:00'}
2026-08-18T02:16:50.106724+00:00 WARNING 'ansible_navigator.image_manager.puller._log_message' Image inspection failed, image assumed to be corrupted or missing
2026-08-18T02:16:50.107087+00:00 WARNING 'ansible_navigator.image_manager.puller._log_message' stdout: 
2026-08-18T02:16:50.107119+00:00 WARNING 'ansible_navigator.image_manager.puller._log_message' stderr: time="2026-08-17T19:16:50-07:00" level=warning msg="RunRoot is pointing to a path (/run/user/1001/containers) which is not writable. Most likely podman will fail."
Error: creating events dirs: mkdir /run/user/1001: permission denied

2026-08-18T02:16:50.185530+00:00 ERROR 'ansible_navigator.image_manager.puller._log_message' Execution environment pull failed
2026-08-18T02:16:50.350425+00:00 CRITICAL 'ansible_navigator.actions.run_playbook._handle_message' Unhandled message from runner queue, discarded: {'event': 'verbose', 'uuid': 'f7ee5c58-d9fb-44f0-a511-697fff353c7f', 'counter': 1, 'stdout': '\x1b[33mWARN\x1b[0m[0000] RunRoot is pointing to a path (/run/user/1001/containers) which is not writable. Most likely podman will fail. ', 'start_line': 0, 'end_line': 1, 'runner_ident': '3de5bd8c-27eb-430f-96e4-089a11dbf9a8', 'created': '2026-08-18T02:16:50.343629+00:00'}
2026-08-18T02:16:50.350795+00:00 CRITICAL 'ansible_navigator.actions.run_playbook._handle_message' Unhandled message from runner queue, discarded: {'event': 'verbose', 'uuid': '99d5cbf0-f079-4e87-98a3-83f39520f5d4', 'counter': 2, 'stdout': 'Error: creating events dirs: mkdir /run/user/1001: permission denied', 'start_line': 1, 'end_line': 2, 'runner_ident': '3de5bd8c-27eb-430f-96e4-089a11dbf9a8', 'created': '2026-08-18T02:16:50.344578+00:00'}
2026-08-18T02:17:02.857466+00:00 WARNING 'ansible_navigator.image_manager.puller._log_message' Image inspection failed, image assumed to be corrupted or missing
2026-08-18T02:17:02.857863+00:00 WARNING 'ansible_navigator.image_manager.puller._log_message' stdout: 
2026-08-18T02:17:02.857953+00:00 WARNING 'ansible_navigator.image_manager.puller._log_message' stderr: time="2026-08-17T19:17:02-07:00" level=warning msg="RunRoot is pointing to a path (/run/user/1001/containers) which is not writable. Most likely podman will fail."
Error: creating events dirs: mkdir /run/user/1001: permission denied

2026-08-18T02:17:02.935097+00:00 ERROR 'ansible_navigator.image_manager.puller._log_message' Execution environment pull failed
2026-08-18T02:18:25.271420+00:00 INFO 'ansible_navigator.setup_logger' New ansible-navigator instance, logging initialized
2026-08-18T02:18:25.271667+00:00 INFO 'ansible_navigator.setup_logger' New ansible-runner instance, logging initialized
2026-08-18T02:18:25.271698+00:00 DEBUG 'ansible_navigator.main' Jinja2==3.1.6 
2026-08-18T02:18:25.271719+00:00 DEBUG 'ansible_navigator.main' MarkupSafe==3.0.3 
2026-08-18T02:18:25.271736+00:00 DEBUG 'ansible_navigator.main' Parsley==1.3 
2026-08-18T02:18:25.271752+00:00 DEBUG 'ansible_navigator.main' PySocks==1.7.1 
2026-08-18T02:18:25.271768+00:00 DEBUG 'ansible_navigator.main' PyYAML==5.4.1 
2026-08-18T02:18:25.271785+00:00 DEBUG 'ansible_navigator.main' Pygments==2.21.0 
2026-08-18T02:18:25.271801+00:00 DEBUG 'ansible_navigator.main' ansible-builder==3.1.1 
2026-08-18T02:18:25.271817+00:00 DEBUG 'ansible_navigator.main' ansible-compat==24.10.0 
2026-08-18T02:18:25.271833+00:00 DEBUG 'ansible_navigator.main' ansible-core==2.14.18 
2026-08-18T02:18:25.271849+00:00 DEBUG 'ansible_navigator.main' ansible-lint==6.22.2 
2026-08-18T02:18:25.271865+00:00 DEBUG 'ansible_navigator.main' ansible-navigator==24.2.0 
2026-08-18T02:18:25.271881+00:00 DEBUG 'ansible_navigator.main' ansible-runner==2.4.3 
2026-08-18T02:18:25.271897+00:00 DEBUG 'ansible_navigator.main' attrs==26.1.0 /home/devops/.local/lib/python3.9/site-packages/attrs/__init__.py
2026-08-18T02:18:25.271913+00:00 DEBUG 'ansible_navigator.main' bindep==2.14.0 /home/devops/.local/lib/python3.9/site-packages/bindep/__init__.py
2026-08-18T02:18:25.271929+00:00 DEBUG 'ansible_navigator.main' black==25.11.0 /home/devops/.local/lib/python3.9/site-packages/black/__init__.cpython-39-x86_64-linux-gnu.so
2026-08-18T02:18:25.271945+00:00 DEBUG 'ansible_navigator.main' bracex==2.6 /home/devops/.local/lib/python3.9/site-packages/bracex/__init__.py
2026-08-18T02:18:25.271961+00:00 DEBUG 'ansible_navigator.main' cffi==1.14.5 /usr/lib64/python3.9/site-packages/cffi/__init__.py
2026-08-18T02:18:25.271977+00:00 DEBUG 'ansible_navigator.main' chardet==4.0.0 /usr/lib/python3.9/site-packages/chardet/__init__.py
2026-08-18T02:18:25.271994+00:00 DEBUG 'ansible_navigator.main' click==8.1.8 /home/devops/.local/lib/python3.9/site-packages/click/__init__.py
2026-08-18T02:18:25.272009+00:00 DEBUG 'ansible_navigator.main' cockpit==356.2 /usr/lib/python3.9/site-packages/cockpit/__init__.py
2026-08-18T02:18:25.272025+00:00 DEBUG 'ansible_navigator.main' cryptography==36.0.1 /usr/lib64/python3.9/site-packages/cryptography/__init__.py
2026-08-18T02:18:25.272041+00:00 DEBUG 'ansible_navigator.main' dasbus==1.7 /usr/lib/python3.9/site-packages/dasbus/__init__.py
2026-08-18T02:18:25.272057+00:00 DEBUG 'ansible_navigator.main' dbus-python==1.2.18 
2026-08-18T02:18:25.272072+00:00 DEBUG 'ansible_navigator.main' decorator==4.4.2 /usr/lib/python3.9/site-packages/decorator.py
2026-08-18T02:18:25.272088+00:00 DEBUG 'ansible_navigator.main' distro==1.9.0 /home/devops/.local/lib/python3.9/site-packages/distro/__init__.py
2026-08-18T02:18:25.272148+00:00 DEBUG 'ansible_navigator.main' file-magic==0.4.0 
2026-08-18T02:18:25.272173+00:00 DEBUG 'ansible_navigator.main' filelock==3.19.1 /home/devops/.local/lib/python3.9/site-packages/filelock/__init__.py
2026-08-18T02:18:25.272191+00:00 DEBUG 'ansible_navigator.main' idna==2.10 /usr/lib/python3.9/site-packages/idna/__init__.py
2026-08-18T02:18:25.272207+00:00 DEBUG 'ansible_navigator.main' importlib-metadata==6.2.1 
2026-08-18T02:18:25.272224+00:00 DEBUG 'ansible_navigator.main' iniparse==0.4 /usr/lib/python3.9/site-packages/iniparse/__init__.py
2026-08-18T02:18:25.272253+00:00 DEBUG 'ansible_navigator.main' insights-core==3.7.7 
2026-08-18T02:18:25.272269+00:00 DEBUG 'ansible_navigator.main' jsonschema-specifications==2025.9.1 
2026-08-18T02:18:25.272286+00:00 DEBUG 'ansible_navigator.main' jsonschema==4.25.1 /home/devops/.local/lib/python3.9/site-packages/jsonschema/__init__.py
2026-08-18T02:18:25.272301+00:00 DEBUG 'ansible_navigator.main' lockfile==0.12.2 /home/devops/.local/lib/python3.9/site-packages/lockfile/__init__.py
2026-08-18T02:18:25.272317+00:00 DEBUG 'ansible_navigator.main' lxml==4.6.5 /usr/lib64/python3.9/site-packages/lxml/__init__.py
2026-08-18T02:18:25.272333+00:00 DEBUG 'ansible_navigator.main' markdown-it-py==3.0.0 
2026-08-18T02:18:25.272348+00:00 DEBUG 'ansible_navigator.main' mdurl==0.1.2 /home/devops/.local/lib/python3.9/site-packages/mdurl/__init__.py
2026-08-18T02:18:25.272364+00:00 DEBUG 'ansible_navigator.main' mypy_extensions==1.1.0 /home/devops/.local/lib/python3.9/site-packages/mypy_extensions.py
2026-08-18T02:18:25.272380+00:00 DEBUG 'ansible_navigator.main' nftables==0.1 /usr/lib/python3.9/site-packages/nftables/__init__.py
2026-08-18T02:18:25.272396+00:00 DEBUG 'ansible_navigator.main' onigurumacffi==1.4.1 /home/devops/.local/lib/python3.9/site-packages/onigurumacffi.py
2026-08-18T02:18:25.272412+00:00 DEBUG 'ansible_navigator.main' packaging==26.3 /home/devops/.local/lib/python3.9/site-packages/packaging/__init__.py
2026-08-18T02:18:25.272427+00:00 DEBUG 'ansible_navigator.main' pathspec==1.1.1 /home/devops/.local/lib/python3.9/site-packages/pathspec/__init__.py
2026-08-18T02:18:25.272443+00:00 DEBUG 'ansible_navigator.main' pbr==7.0.3 /home/devops/.local/lib/python3.9/site-packages/pbr/__init__.py
2026-08-18T02:18:25.272459+00:00 DEBUG 'ansible_navigator.main' perf==0.1 /usr/lib64/python3.9/site-packages/perf.cpython-39-x86_64-linux-gnu.so
2026-08-18T02:18:25.272475+00:00 DEBUG 'ansible_navigator.main' pip==21.3.1 /usr/lib/python3.9/site-packages/pip/__init__.py
2026-08-18T02:18:25.272491+00:00 DEBUG 'ansible_navigator.main' platformdirs==4.4.0 /home/devops/.local/lib/python3.9/site-packages/platformdirs/__init__.py
2026-08-18T02:18:25.272506+00:00 DEBUG 'ansible_navigator.main' ply==3.11 /usr/lib/python3.9/site-packages/ply/__init__.py
2026-08-18T02:18:25.272522+00:00 DEBUG 'ansible_navigator.main' psutil==5.8.0 /usr/lib64/python3.9/site-packages/psutil/__init__.py
2026-08-18T02:18:25.272538+00:00 DEBUG 'ansible_navigator.main' pycairo==1.20.1 
2026-08-18T02:18:25.272553+00:00 DEBUG 'ansible_navigator.main' pycparser==2.20 /usr/lib/python3.9/site-packages/pycparser/__init__.py
2026-08-18T02:18:25.272568+00:00 DEBUG 'ansible_navigator.main' pyinotify==0.9.6 /usr/lib/python3.9/site-packages/pyinotify.py
2026-08-18T02:18:25.272599+00:00 DEBUG 'ansible_navigator.main' pyparsing==2.4.7 /usr/lib/python3.9/site-packages/pyparsing.py
2026-08-18T02:18:25.272634+00:00 DEBUG 'ansible_navigator.main' python-daemon==3.1.2 
2026-08-18T02:18:25.273001+00:00 DEBUG 'ansible_navigator.main' python-dateutil==2.9.0.post0 
2026-08-18T02:18:25.273247+00:00 DEBUG 'ansible_navigator.main' python-linux-procfs==0.7.4 
2026-08-18T02:18:25.273283+00:00 DEBUG 'ansible_navigator.main' pytokens==0.4.1 /home/devops/.local/lib/python3.9/site-packages/pytokens/__init__.cpython-39-x86_64-linux-gnu.so
2026-08-18T02:18:25.273302+00:00 DEBUG 'ansible_navigator.main' pyudev==0.22.0 /usr/lib/python3.9/site-packages/pyudev/__init__.py
2026-08-18T02:18:25.273319+00:00 DEBUG 'ansible_navigator.main' referencing==0.36.2 /home/devops/.local/lib/python3.9/site-packages/referencing/__init__.py
2026-08-18T02:18:25.273335+00:00 DEBUG 'ansible_navigator.main' requests==2.25.1 /usr/lib/python3.9/site-packages/requests/__init__.py
2026-08-18T02:18:25.273351+00:00 DEBUG 'ansible_navigator.main' resolvelib==0.5.4 /usr/lib/python3.9/site-packages/resolvelib/__init__.py
2026-08-18T02:18:25.273367+00:00 DEBUG 'ansible_navigator.main' rich==15.0.0 /home/devops/.local/lib/python3.9/site-packages/rich/__init__.py
2026-08-18T02:18:25.273394+00:00 DEBUG 'ansible_navigator.main' rpds-py==0.27.1 
2026-08-18T02:18:25.273412+00:00 DEBUG 'ansible_navigator.main' ruamel.yaml==0.19.1 /home/devops/.local/lib/python3.9/site-packages/ruamel/yaml/__init__.py
2026-08-18T02:18:25.273428+00:00 DEBUG 'ansible_navigator.main' selinux==3.6 /usr/lib64/python3.9/site-packages/selinux/__init__.py
2026-08-18T02:18:25.273444+00:00 DEBUG 'ansible_navigator.main' sepolicy==3.6 /usr/lib/python3.9/site-packages/sepolicy/__init__.py
2026-08-18T02:18:25.273459+00:00 DEBUG 'ansible_navigator.main' setools==4.4.4 /usr/lib64/python3.9/site-packages/setools/__init__.py
2026-08-18T02:18:25.273475+00:00 DEBUG 'ansible_navigator.main' setroubleshoot==3.3.33 /usr/lib/python3.9/site-packages/setroubleshoot/__init__.py
2026-08-18T02:18:25.273490+00:00 DEBUG 'ansible_navigator.main' setuptools==53.0.0 /usr/lib/python3.9/site-packages/setuptools/__init__.py
2026-08-18T02:18:25.273506+00:00 DEBUG 'ansible_navigator.main' six==1.15.0 /usr/lib/python3.9/site-packages/six.py
2026-08-18T02:18:25.273815+00:00 DEBUG 'ansible_navigator.main' sos==4.11.0 /usr/lib/python3.9/site-packages/sos/__init__.py
2026-08-18T02:18:25.273998+00:00 DEBUG 'ansible_navigator.main' subprocess-tee==0.4.2 
2026-08-18T02:18:25.274034+00:00 DEBUG 'ansible_navigator.main' subscription-manager==1.29.50 
2026-08-18T02:18:25.274053+00:00 DEBUG 'ansible_navigator.main' tomli==2.4.1 /home/devops/.local/lib/python3.9/site-packages/tomli/__init__.py
2026-08-18T02:18:25.274070+00:00 DEBUG 'ansible_navigator.main' typing_extensions==4.16.0 /home/devops/.local/lib/python3.9/site-packages/typing_extensions.py
2026-08-18T02:18:25.274087+00:00 DEBUG 'ansible_navigator.main' tzdata==2026.3 /home/devops/.local/lib/python3.9/site-packages/tzdata/__init__.py
2026-08-18T02:18:25.274103+00:00 DEBUG 'ansible_navigator.main' urllib3==1.26.5 /usr/lib/python3.9/site-packages/urllib3/__init__.py
2026-08-18T02:18:25.274296+00:00 DEBUG 'ansible_navigator.main' wcmatch==10.1 /home/devops/.local/lib/python3.9/site-packages/wcmatch/__init__.py
2026-08-18T02:18:25.274321+00:00 DEBUG 'ansible_navigator.main' yamllint==1.37.1 /home/devops/.local/lib/python3.9/site-packages/yamllint/__init__.py
2026-08-18T02:18:25.274701+00:00 DEBUG 'ansible_navigator.main' zipp==3.23.1 /home/devops/.local/lib/python3.9/site-packages/zipp/__init__.py
2026-08-18T02:18:25.274729+00:00 DEBUG 'ansible_navigator.main' Default collection_doc_cache_path set to: /home/devops/.cache/ansible-navigator/collection_doc_cache.db
2026-08-18T02:18:25.274747+00:00 DEBUG 'ansible_navigator.main' EDITOR environment variable not set
2026-08-18T02:18:25.274765+00:00 DEBUG 'ansible_navigator.main' Default editor_command set to: vi +{line_number} {filename}
2026-08-18T02:18:25.274781+00:00 DEBUG 'ansible_navigator.main' No config file set by ANSIBLE_NAVIGATOR_CONFIG
2026-08-18T02:18:25.274797+00:00 DEBUG 'ansible_navigator.main' Looking in /home/devops
2026-08-18T02:18:25.274959+00:00 DEBUG 'ansible_navigator.main' Looking for '/home/devops/.ansible-navigator.yml', '/home/devops/.ansible-navigator.yaml' and '/home/devops/.ansible-navigator.json'
2026-08-18T02:18:25.275277+00:00 DEBUG 'ansible_navigator.main' Found 0: 
2026-08-18T02:18:25.275326+00:00 DEBUG 'ansible_navigator.main' Looking in /home/devops/ansible
2026-08-18T02:18:25.275347+00:00 DEBUG 'ansible_navigator.main' Looking for '/home/devops/ansible/ansible-navigator.yml', '/home/devops/ansible/ansible-navigator.yaml' and '/home/devops/ansible/ansible-navigator.json'
2026-08-18T02:18:25.275365+00:00 DEBUG 'ansible_navigator.main' Found 0: 
2026-08-18T02:18:25.275382+00:00 DEBUG 'ansible_navigator.main' All found 0: 
2026-08-18T02:18:25.275398+00:00 DEBUG 'ansible_navigator.main' Using: None
2026-08-18T02:18:25.275414+00:00 DEBUG 'ansible_navigator.main' No valid settings file found, using all default values for settings.
2026-08-18T02:18:25.275431+00:00 DEBUG 'ansible_navigator.main' Command provided: 'run'
2026-08-18T02:18:25.275447+00:00 DEBUG 'ansible_navigator.main' EE support enabled: using current working directory for 'ansible.cfg'
2026-08-18T02:18:25.275472+00:00 INFO 'ansible_navigator.main' EE support enabled: found 'ansible.cfg' in current working directory.
2026-08-18T02:18:25.275489+00:00 DEBUG 'ansible_navigator.main' Completed post processing for ansible_runner_artifact_dir. (changed=False)
2026-08-18T02:18:25.275505+00:00 DEBUG 'ansible_navigator.main' Completed post processing for ansible_runner_rotate_artifacts_count. (changed=False)
2026-08-18T02:18:25.275521+00:00 DEBUG 'ansible_navigator.main' Completed post processing for ansible_runner_timeout. (changed=False)
2026-08-18T02:18:25.275537+00:00 DEBUG 'ansible_navigator.main' Completed post processing for cmdline. (changed=False)
2026-08-18T02:18:25.275552+00:00 DEBUG 'ansible_navigator.main' Completed post processing for collection_doc_cache_path. (changed=False)
2026-08-18T02:18:25.275568+00:00 DEBUG 'ansible_navigator.main' Completed post processing for container_engine. (changed=True)
2026-08-18T02:18:25.275584+00:00 DEBUG 'ansible_navigator.main'  before: 'auto'
2026-08-18T02:18:25.275600+00:00 DEBUG 'ansible_navigator.main'  after: 'podman'
2026-08-18T02:18:25.275615+00:00 DEBUG 'ansible_navigator.main' Completed post processing for container_options. (changed=False)
2026-08-18T02:18:25.275631+00:00 DEBUG 'ansible_navigator.main' Completed post processing for display_color. (changed=False)
2026-08-18T02:18:25.275646+00:00 DEBUG 'ansible_navigator.main' Completed post processing for enable_prompts. (changed=False)
2026-08-18T02:18:25.275662+00:00 DEBUG 'ansible_navigator.main' Completed post processing for execution_environment. (changed=False)
2026-08-18T02:18:25.275678+00:00 DEBUG 'ansible_navigator.main' Completed post processing for execution_environment_image. (changed=False)
2026-08-18T02:18:25.275693+00:00 DEBUG 'ansible_navigator.main' Completed post processing for help_builder. (changed=False)
2026-08-18T02:18:25.275709+00:00 DEBUG 'ansible_navigator.main' Completed post processing for help_config. (changed=False)
2026-08-18T02:18:25.275724+00:00 DEBUG 'ansible_navigator.main' Completed post processing for help_doc. (changed=False)
2026-08-18T02:18:25.275740+00:00 DEBUG 'ansible_navigator.main' Completed post processing for help_inventory. (changed=False)
2026-08-18T02:18:25.275756+00:00 DEBUG 'ansible_navigator.main' Completed post processing for help_playbook. (changed=False)
2026-08-18T02:18:25.275771+00:00 DEBUG 'ansible_navigator.main' Completed post processing for images_details. (changed=False)
2026-08-18T02:18:25.275787+00:00 DEBUG 'ansible_navigator.main' Completed post processing for inventory. (changed=True)
2026-08-18T02:18:25.275803+00:00 DEBUG 'ansible_navigator.main'  before: 'Not set'
2026-08-18T02:18:25.275819+00:00 DEBUG 'ansible_navigator.main'  after: '['/home/devops/ansible/inventory']'
2026-08-18T02:18:25.275834+00:00 DEBUG 'ansible_navigator.main' Completed post processing for inventory_column. (changed=False)
2026-08-18T02:18:25.275850+00:00 DEBUG 'ansible_navigator.main' Completed post processing for log_file. (changed=False)
2026-08-18T02:18:25.275866+00:00 DEBUG 'ansible_navigator.main' Completed post processing for pass_environment_variable. (changed=False)
2026-08-18T02:18:25.275881+00:00 DEBUG 'ansible_navigator.main' Completed post processing for playbook. (changed=False)
2026-08-18T02:18:25.275897+00:00 DEBUG 'ansible_navigator.main' Completed post processing for playbook_artifact_replay. (changed=False)
2026-08-18T02:18:25.275914+00:00 DEBUG 'ansible_navigator.main' Completed post processing for playbook_artifact_save_as. (changed=False)
2026-08-18T02:18:25.275934+00:00 DEBUG 'ansible_navigator.main' Completed post processing for plugin_name. (changed=False)
2026-08-18T02:18:25.275949+00:00 DEBUG 'ansible_navigator.main' Completed post processing for pull_arguments. (changed=False)
2026-08-18T02:18:25.275965+00:00 DEBUG 'ansible_navigator.main' Completed post processing for set_environment_variable. (changed=False)
2026-08-18T02:18:25.275980+00:00 DEBUG 'ansible_navigator.main' Completed post processing for settings_effective. (changed=False)
2026-08-18T02:18:25.275999+00:00 DEBUG 'ansible_navigator.main' Completed post processing for settings_sample. (changed=False)
2026-08-18T02:18:25.276015+00:00 DEBUG 'ansible_navigator.main' Completed post processing for settings_schema. (changed=False)
2026-08-18T02:18:25.276031+00:00 DEBUG 'ansible_navigator.main' Completed post processing for settings_sources. (changed=False)
2026-08-18T02:18:25.276046+00:00 DEBUG 'ansible_navigator.main' Completed post processing for time_zone. (changed=False)
2026-08-18T02:18:25.276062+00:00 DEBUG 'ansible_navigator.main' Completed post processing for execution_environment_volume_mounts. (changed=False)
2026-08-18T02:18:25.276077+00:00 DEBUG 'ansible_navigator.main' Completed post processing for mode. (changed=False)
2026-08-18T02:18:25.276093+00:00 DEBUG 'ansible_navigator.main' Completed post processing for playbook_artifact_enable. (changed=False)
2026-08-18T02:18:25.276114+00:00 WARNING 'ansible_navigator.main' Configuration errors encountered, rolling back to previous configuration.
2026-08-18T02:18:25.276171+00:00 DEBUG 'ansible_navigator.main' Prior to rollback: ansible_runner_artifact_dir = 'Not set' (Constants/Not set)
2026-08-18T02:18:25.276191+00:00 DEBUG 'ansible_navigator.main' Prior to rollback: ansible_runner_rotate_artifacts_count = 'Not set' (Constants/Not set)
2026-08-18T02:18:25.276208+00:00 DEBUG 'ansible_navigator.main' Prior to rollback: ansible_runner_timeout = 'Not set' (Constants/Not set)
2026-08-18T02:18:25.276225+00:00 DEBUG 'ansible_navigator.main' Prior to rollback: ansible_runner_write_job_events = 'False' (bool/Defaults)
2026-08-18T02:18:25.276240+00:00 DEBUG 'ansible_navigator.main' Prior to rollback: app = 'run' (str/Command line)
2026-08-18T02:18:25.276256+00:00 DEBUG 'ansible_navigator.main' Prior to rollback: cmdline = 'Not set' (Constants/Not set)
2026-08-18T02:18:25.276273+00:00 DEBUG 'ansible_navigator.main' Prior to rollback: collection_doc_cache_path = '/home/devops/.cache/ansible-navigator/collection_doc_cache.db' (str/Defaults)
2026-08-18T02:18:25.276289+00:00 DEBUG 'ansible_navigator.main' Prior to rollback: config = 'Not set' (Constants/Not set)
2026-08-18T02:18:25.276304+00:00 DEBUG 'ansible_navigator.main' Prior to rollback: container_engine = 'podman' (str/Automatically determined)
2026-08-18T02:18:25.276320+00:00 DEBUG 'ansible_navigator.main' Prior to rollback: container_options = 'Not set' (Constants/Not set)
2026-08-18T02:18:25.276335+00:00 DEBUG 'ansible_navigator.main' Prior to rollback: display_color = 'True' (bool/Defaults)
2026-08-18T02:18:25.276350+00:00 DEBUG 'ansible_navigator.main' Prior to rollback: editor_command = 'vi +{line_number} {filename}' (str/Defaults)
2026-08-18T02:18:25.276366+00:00 DEBUG 'ansible_navigator.main' Prior to rollback: editor_console = 'True' (bool/Defaults)
2026-08-18T02:18:25.276381+00:00 DEBUG 'ansible_navigator.main' Prior to rollback: enable_prompts = 'False' (bool/Defaults)
2026-08-18T02:18:25.276397+00:00 DEBUG 'ansible_navigator.main' Prior to rollback: exec_command = '/bin/bash' (str/Defaults)
2026-08-18T02:18:25.276412+00:00 DEBUG 'ansible_navigator.main' Prior to rollback: exec_shell = 'True' (bool/Defaults)
2026-08-18T02:18:25.276428+00:00 DEBUG 'ansible_navigator.main' Prior to rollback: execution_environment = 'True' (bool/Defaults)
2026-08-18T02:18:25.276443+00:00 DEBUG 'ansible_navigator.main' Prior to rollback: execution_environment_image = 'ghcr.io/ansible/creator-ee:v0.22.0' (str/Defaults)
2026-08-18T02:18:25.276459+00:00 DEBUG 'ansible_navigator.main' Prior to rollback: execution_environment_volume_mounts = 'Not set' (Constants/Not set)
2026-08-18T02:18:25.276474+00:00 DEBUG 'ansible_navigator.main' Prior to rollback: format = 'yaml' (str/Defaults)
2026-08-18T02:18:25.276490+00:00 DEBUG 'ansible_navigator.main' Prior to rollback: help_builder = 'False' (bool/Defaults)
2026-08-18T02:18:25.276505+00:00 DEBUG 'ansible_navigator.main' Prior to rollback: help_config = 'False' (bool/Defaults)
2026-08-18T02:18:25.276521+00:00 DEBUG 'ansible_navigator.main' Prior to rollback: help_doc = 'False' (bool/Defaults)
2026-08-18T02:18:25.276541+00:00 DEBUG 'ansible_navigator.main' Prior to rollback: help_inventory = 'False' (bool/Defaults)
2026-08-18T02:18:25.276558+00:00 DEBUG 'ansible_navigator.main' Prior to rollback: help_playbook = 'False' (bool/Defaults)
2026-08-18T02:18:25.276574+00:00 DEBUG 'ansible_navigator.main' Prior to rollback: images_details = '['everything']' (list/Defaults)
2026-08-18T02:18:25.276589+00:00 DEBUG 'ansible_navigator.main' Prior to rollback: inventory = '['/home/devops/ansible/inventory']' (list/Ansible configuration file)
2026-08-18T02:18:25.276605+00:00 DEBUG 'ansible_navigator.main' Prior to rollback: inventory_column = 'Not set' (Constants/Not set)
2026-08-18T02:18:25.276621+00:00 DEBUG 'ansible_navigator.main' Prior to rollback: lint_config = 'Not set' (Constants/Not set)
2026-08-18T02:18:25.276636+00:00 DEBUG 'ansible_navigator.main' Prior to rollback: lintables = 'Not set' (Constants/Not set)
2026-08-18T02:18:25.276651+00:00 DEBUG 'ansible_navigator.main' Prior to rollback: log_append = 'True' (bool/Defaults)
2026-08-18T02:18:25.276667+00:00 DEBUG 'ansible_navigator.main' Prior to rollback: log_file = '/home/devops/ansible/ansible-navigator.log' (str/Defaults)
2026-08-18T02:18:25.276683+00:00 DEBUG 'ansible_navigator.main' Prior to rollback: log_level = 'warning' (str/Defaults)
2026-08-18T02:18:25.276698+00:00 DEBUG 'ansible_navigator.main' Prior to rollback: mode = 'interactive' (str/Defaults)
2026-08-18T02:18:25.276714+00:00 DEBUG 'ansible_navigator.main' Prior to rollback: osc4 = 'True' (bool/Defaults)
2026-08-18T02:18:25.276730+00:00 DEBUG 'ansible_navigator.main' Prior to rollback: pass_environment_variable = 'Not set' (Constants/Not set)
2026-08-18T02:18:25.276745+00:00 DEBUG 'ansible_navigator.main' Prior to rollback: playbook = 'Not set' (Constants/Not set)
2026-08-18T02:18:25.276761+00:00 DEBUG 'ansible_navigator.main' Prior to rollback: playbook_artifact_enable = 'True' (bool/Defaults)
2026-08-18T02:18:25.276776+00:00 DEBUG 'ansible_navigator.main' Prior to rollback: playbook_artifact_replay = 'Not set' (Constants/Not set)
2026-08-18T02:18:25.276791+00:00 DEBUG 'ansible_navigator.main' Prior to rollback: playbook_artifact_save_as = '{playbook_dir}/{playbook_name}-artifact-{time_stamp}.json' (str/Defaults)
2026-08-18T02:18:25.276807+00:00 DEBUG 'ansible_navigator.main' Prior to rollback: plugin_name = 'Not set' (Constants/Not set)
2026-08-18T02:18:25.276823+00:00 DEBUG 'ansible_navigator.main' Prior to rollback: plugin_type = 'module' (str/Defaults)
2026-08-18T02:18:25.276838+00:00 DEBUG 'ansible_navigator.main' Prior to rollback: pull_arguments = 'Not set' (Constants/Not set)
2026-08-18T02:18:25.276853+00:00 DEBUG 'ansible_navigator.main' Prior to rollback: pull_policy = 'tag' (str/Defaults)
2026-08-18T02:18:25.276869+00:00 DEBUG 'ansible_navigator.main' Prior to rollback: set_environment_variable = 'Not set' (Constants/Not set)
2026-08-18T02:18:25.276884+00:00 DEBUG 'ansible_navigator.main' Prior to rollback: settings_effective = 'False' (bool/Defaults)
2026-08-18T02:18:25.276906+00:00 DEBUG 'ansible_navigator.main' Prior to rollback: settings_sample = 'False' (bool/Defaults)
2026-08-18T02:18:25.276921+00:00 DEBUG 'ansible_navigator.main' Prior to rollback: settings_schema = 'json' (str/Defaults)
2026-08-18T02:18:25.276937+00:00 DEBUG 'ansible_navigator.main' Prior to rollback: settings_sources = 'False' (bool/Defaults)
2026-08-18T02:18:25.276952+00:00 DEBUG 'ansible_navigator.main' Prior to rollback: time_zone = 'UTC' (str/Defaults)
2026-08-18T02:18:25.276968+00:00 DEBUG 'ansible_navigator.main' Prior to rollback: workdir = '/home/devops/ansible' (str/Defaults)
2026-08-18T02:18:25.276983+00:00 DEBUG 'ansible_navigator.main' After rollback: ansible_runner_artifact_dir = 'Not set' (Constants/Not set)
2026-08-18T02:18:25.276999+00:00 DEBUG 'ansible_navigator.main' After rollback: ansible_runner_rotate_artifacts_count = 'Not set' (Constants/Not set)
2026-08-18T02:18:25.277014+00:00 DEBUG 'ansible_navigator.main' After rollback: ansible_runner_timeout = 'Not set' (Constants/Not set)
2026-08-18T02:18:25.277034+00:00 DEBUG 'ansible_navigator.main' After rollback: ansible_runner_write_job_events = 'Not set' (Constants/Not set)
2026-08-18T02:18:25.277050+00:00 DEBUG 'ansible_navigator.main' After rollback: app = 'Not set' (Constants/Not set)
2026-08-18T02:18:25.277066+00:00 DEBUG 'ansible_navigator.main' After rollback: cmdline = 'Not set' (Constants/Not set)
2026-08-18T02:18:25.277081+00:00 DEBUG 'ansible_navigator.main' After rollback: collection_doc_cache_path = 'Not set' (Constants/Not set)
2026-08-18T02:18:25.277097+00:00 DEBUG 'ansible_navigator.main' After rollback: config = 'Not set' (Constants/Not set)
2026-08-18T02:18:25.277113+00:00 DEBUG 'ansible_navigator.main' After rollback: container_engine = 'Not set' (Constants/Not set)
2026-08-18T02:18:25.277129+00:00 DEBUG 'ansible_navigator.main' After rollback: container_options = 'Not set' (Constants/Not set)
2026-08-18T02:18:25.277145+00:00 DEBUG 'ansible_navigator.main' After rollback: display_color = 'Not set' (Constants/Not set)
2026-08-18T02:18:25.277160+00:00 DEBUG 'ansible_navigator.main' After rollback: editor_command = 'Not set' (Constants/Not set)
2026-08-18T02:18:25.277176+00:00 DEBUG 'ansible_navigator.main' After rollback: editor_console = 'Not set' (Constants/Not set)
2026-08-18T02:18:25.277191+00:00 DEBUG 'ansible_navigator.main' After rollback: enable_prompts = 'Not set' (Constants/Not set)
2026-08-18T02:18:25.277207+00:00 DEBUG 'ansible_navigator.main' After rollback: exec_command = 'Not set' (Constants/Not set)
2026-08-18T02:18:25.277223+00:00 DEBUG 'ansible_navigator.main' After rollback: exec_shell = 'Not set' (Constants/Not set)
2026-08-18T02:18:25.277238+00:00 DEBUG 'ansible_navigator.main' After rollback: execution_environment = 'Not set' (Constants/Not set)
2026-08-18T02:18:25.277253+00:00 DEBUG 'ansible_navigator.main' After rollback: execution_environment_image = 'Not set' (Constants/Not set)
2026-08-18T02:18:25.277269+00:00 DEBUG 'ansible_navigator.main' After rollback: execution_environment_volume_mounts = 'Not set' (Constants/Not set)
2026-08-18T02:18:25.277285+00:00 DEBUG 'ansible_navigator.main' After rollback: format = 'Not set' (Constants/Not set)
2026-08-18T02:18:25.277301+00:00 DEBUG 'ansible_navigator.main' After rollback: help_builder = 'Not set' (Constants/Not set)
2026-08-18T02:18:25.277316+00:00 DEBUG 'ansible_navigator.main' After rollback: help_config = 'Not set' (Constants/Not set)
2026-08-18T02:18:25.277331+00:00 DEBUG 'ansible_navigator.main' After rollback: help_doc = 'Not set' (Constants/Not set)
2026-08-18T02:18:25.277347+00:00 DEBUG 'ansible_navigator.main' After rollback: help_inventory = 'Not set' (Constants/Not set)
2026-08-18T02:18:25.277363+00:00 DEBUG 'ansible_navigator.main' After rollback: help_playbook = 'Not set' (Constants/Not set)
2026-08-18T02:18:25.277378+00:00 DEBUG 'ansible_navigator.main' After rollback: images_details = 'Not set' (Constants/Not set)
2026-08-18T02:18:25.277394+00:00 DEBUG 'ansible_navigator.main' After rollback: inventory = 'Not set' (Constants/Not set)
2026-08-18T02:18:25.277409+00:00 DEBUG 'ansible_navigator.main' After rollback: inventory_column = 'Not set' (Constants/Not set)
2026-08-18T02:18:25.277425+00:00 DEBUG 'ansible_navigator.main' After rollback: lint_config = 'Not set' (Constants/Not set)
2026-08-18T02:18:25.277440+00:00 DEBUG 'ansible_navigator.main' After rollback: lintables = 'Not set' (Constants/Not set)
2026-08-18T02:18:25.277455+00:00 DEBUG 'ansible_navigator.main' After rollback: log_append = 'Not set' (Constants/Not set)
2026-08-18T02:18:25.277471+00:00 DEBUG 'ansible_navigator.main' After rollback: log_file = 'Not set' (Constants/Not set)
2026-08-18T02:18:25.277486+00:00 DEBUG 'ansible_navigator.main' After rollback: log_level = 'Not set' (Constants/Not set)
2026-08-18T02:18:25.277502+00:00 DEBUG 'ansible_navigator.main' After rollback: mode = 'Not set' (Constants/Not set)
2026-08-18T02:18:25.277517+00:00 DEBUG 'ansible_navigator.main' After rollback: osc4 = 'Not set' (Constants/Not set)
2026-08-18T02:18:25.277536+00:00 DEBUG 'ansible_navigator.main' After rollback: pass_environment_variable = 'Not set' (Constants/Not set)
2026-08-18T02:18:25.277552+00:00 DEBUG 'ansible_navigator.main' After rollback: playbook = 'Not set' (Constants/Not set)
2026-08-18T02:18:25.277568+00:00 DEBUG 'ansible_navigator.main' After rollback: playbook_artifact_enable = 'Not set' (Constants/Not set)
2026-08-18T02:18:25.277583+00:00 DEBUG 'ansible_navigator.main' After rollback: playbook_artifact_replay = 'Not set' (Constants/Not set)
2026-08-18T02:18:25.277598+00:00 DEBUG 'ansible_navigator.main' After rollback: playbook_artifact_save_as = 'Not set' (Constants/Not set)
2026-08-18T02:18:25.277614+00:00 DEBUG 'ansible_navigator.main' After rollback: plugin_name = 'Not set' (Constants/Not set)
2026-08-18T02:18:25.277630+00:00 DEBUG 'ansible_navigator.main' After rollback: plugin_type = 'Not set' (Constants/Not set)
2026-08-18T02:18:25.277645+00:00 DEBUG 'ansible_navigator.main' After rollback: pull_arguments = 'Not set' (Constants/Not set)
2026-08-18T02:18:25.277661+00:00 DEBUG 'ansible_navigator.main' After rollback: pull_policy = 'Not set' (Constants/Not set)
2026-08-18T02:18:25.277676+00:00 DEBUG 'ansible_navigator.main' After rollback: set_environment_variable = 'Not set' (Constants/Not set)
2026-08-18T02:18:25.277692+00:00 DEBUG 'ansible_navigator.main' After rollback: settings_effective = 'Not set' (Constants/Not set)
2026-08-18T02:18:25.277707+00:00 DEBUG 'ansible_navigator.main' After rollback: settings_sample = 'Not set' (Constants/Not set)
2026-08-18T02:18:25.277723+00:00 DEBUG 'ansible_navigator.main' After rollback: settings_schema = 'Not set' (Constants/Not set)
2026-08-18T02:18:25.277738+00:00 DEBUG 'ansible_navigator.main' After rollback: settings_sources = 'Not set' (Constants/Not set)
2026-08-18T02:18:25.277754+00:00 DEBUG 'ansible_navigator.main' After rollback: time_zone = 'Not set' (Constants/Not set)
2026-08-18T02:18:25.277770+00:00 DEBUG 'ansible_navigator.main' After rollback: workdir = 'Not set' (Constants/Not set)
2026-08-18T02:18:25.277785+00:00 DEBUG 'ansible_navigator.main' Configuration rollback complete.
2026-08-18T02:18:25.277801+00:00 DEBUG 'ansible_navigator.main' Collection doc cache not mounted
2026-08-18T02:18:25.277828+00:00 WARNING 'ansible_navigator.main' Issues were found while applying the settings.
2026-08-18T02:18:25.277847+00:00 INFO 'ansible_navigator.main' Command provided: 'run'
2026-08-18T02:18:25.277875+00:00 ERROR 'ansible_navigator.main' A playbook is required when using the run subcommand
2026-08-18T02:18:25.278121+00:00 INFO 'ansible_navigator.main' Try again with 'run <playbook name>'
2026-08-18T02:18:25.278273+00:00 INFO 'ansible_navigator.main' Configuration failed, using default log file location. (/home/devops/ansible/ansible-navigator.log) Log level set to debug
2026-08-18T02:18:25.278328+00:00 INFO 'ansible_navigator.main' Review the hints and log file to see what went wrong.
2026-08-18T02:18:31.412726+00:00 WARNING 'ansible_navigator.image_manager.puller._log_message' Image inspection failed, image assumed to be corrupted or missing
2026-08-18T02:18:31.413093+00:00 WARNING 'ansible_navigator.image_manager.puller._log_message' stdout: 
2026-08-18T02:18:31.413125+00:00 WARNING 'ansible_navigator.image_manager.puller._log_message' stderr: time="2026-08-17T19:18:31-07:00" level=warning msg="RunRoot is pointing to a path (/run/user/1001/containers) which is not writable. Most likely podman will fail."
Error: creating events dirs: mkdir /run/user/1001: permission denied

2026-08-18T02:18:31.494617+00:00 ERROR 'ansible_navigator.image_manager.puller._log_message' Execution environment pull failed
2026-08-18T02:18:33.690268+00:00 CRITICAL 'ansible_navigator.actions.run_8593._handle_message' Unhandled message from runner queue, discarded: {'event': 'verbose', 'uuid': '569be9d1-ff89-4e66-8060-655b2c394c86', 'counter': 1, 'stdout': '\x1b[33mWARN\x1b[0m[0000] RunRoot is pointing to a path (/run/user/1001/containers) which is not writable. Most likely podman will fail. ', 'start_line': 0, 'end_line': 1, 'runner_ident': 'dd18e6c5-8136-48fa-af7f-9deff6af72ec', 'created': '2026-08-18T02:18:33.689854+00:00'}
2026-08-18T02:18:33.693340+00:00 CRITICAL 'ansible_navigator.actions.run_8593._handle_message' Unhandled message from runner queue, discarded: {'event': 'verbose', 'uuid': 'c313ddd4-a99a-4b54-ad00-ffbf6c6fb7ef', 'counter': 2, 'stdout': 'Error: creating events dirs: mkdir /run/user/1001: permission denied', 'start_line': 1, 'end_line': 2, 'runner_ident': 'dd18e6c5-8136-48fa-af7f-9deff6af72ec', 'created': '2026-08-18T02:18:33.690052+00:00'}
2026-08-18T02:20:08.990326+00:00 WARNING 'ansible_navigator.image_manager.puller._log_message' Image inspection failed, image assumed to be corrupted or missing
2026-08-18T02:20:08.991055+00:00 WARNING 'ansible_navigator.image_manager.puller._log_message' stdout: 
2026-08-18T02:20:08.991195+00:00 WARNING 'ansible_navigator.image_manager.puller._log_message' stderr: time="2026-08-17T19:20:08-07:00" level=warning msg="RunRoot is pointing to a path (/run/user/1001/containers) which is not writable. Most likely podman will fail."
Error: creating events dirs: mkdir /run/user/1001: permission denied

2026-08-18T02:20:09.068974+00:00 ERROR 'ansible_navigator.image_manager.puller._log_message' Execution environment pull failed
2026-08-18T02:20:09.220656+00:00 CRITICAL 'ansible_navigator.actions.run_playbook._handle_message' Unhandled message from runner queue, discarded: {'event': 'verbose', 'uuid': 'ebec7f4f-c4f0-48e3-af47-73e38b1a80f7', 'counter': 1, 'stdout': '\x1b[33mWARN\x1b[0m[0000] RunRoot is pointing to a path (/run/user/1001/containers) which is not writable. Most likely podman will fail. ', 'start_line': 0, 'end_line': 1, 'runner_ident': '68eaff91-aaff-4a22-97da-4ce9b5ca910e', 'created': '2026-08-18T02:20:09.219764+00:00'}
2026-08-18T02:20:09.231559+00:00 CRITICAL 'ansible_navigator.actions.run_playbook._handle_message' Unhandled message from runner queue, discarded: {'event': 'verbose', 'uuid': '168248c4-8a6d-46a2-90a9-1a799cd5084c', 'counter': 2, 'stdout': 'Error: creating events dirs: mkdir /run/user/1001: permission denied', 'start_line': 1, 'end_line': 2, 'runner_ident': '68eaff91-aaff-4a22-97da-4ce9b5ca910e', 'created': '2026-08-18T02:20:09.221387+00:00'}
2026-08-18T02:20:33.078262+00:00 WARNING 'ansible_navigator.image_manager.puller._log_message' Image inspection failed, image assumed to be corrupted or missing
2026-08-18T02:20:33.078639+00:00 WARNING 'ansible_navigator.image_manager.puller._log_message' stdout: 
2026-08-18T02:20:33.078670+00:00 WARNING 'ansible_navigator.image_manager.puller._log_message' stderr: time="2026-08-17T19:20:33-07:00" level=warning msg="RunRoot is pointing to a path (/run/user/1001/containers) which is not writable. Most likely podman will fail."
Error: creating events dirs: mkdir /run/user/1001: permission denied

2026-08-18T02:20:33.294570+00:00 ERROR 'ansible_navigator.image_manager.puller._log_message' Execution environment pull failed
2026-08-18T02:20:33.470462+00:00 CRITICAL 'ansible_navigator.actions.run_playbook._handle_message' Unhandled message from runner queue, discarded: {'event': 'verbose', 'uuid': 'b5d4c91a-d5ae-4b63-b973-76505039a2d8', 'counter': 1, 'stdout': '\x1b[33mWARN\x1b[0m[0000] RunRoot is pointing to a path (/run/user/1001/containers) which is not writable. Most likely podman will fail. ', 'start_line': 0, 'end_line': 1, 'runner_ident': 'c97b3f3f-e45b-46ce-865b-a8f338c04c05', 'created': '2026-08-18T02:20:33.463478+00:00'}
2026-08-18T02:20:33.470850+00:00 CRITICAL 'ansible_navigator.actions.run_playbook._handle_message' Unhandled message from runner queue, discarded: {'event': 'verbose', 'uuid': '939e440f-f525-4400-8771-aeec8e5a2d6f', 'counter': 2, 'stdout': 'Error: creating events dirs: mkdir /run/user/1001: permission denied', 'start_line': 1, 'end_line': 2, 'runner_ident': 'c97b3f3f-e45b-46ce-865b-a8f338c04c05', 'created': '2026-08-18T02:20:33.465920+00:00'}
2026-08-18T02:24:20.137893+00:00 WARNING 'ansible_navigator.image_manager.puller._log_message' Image inspection failed, image assumed to be corrupted or missing
2026-08-18T02:24:20.144951+00:00 WARNING 'ansible_navigator.image_manager.puller._log_message' stdout: 
2026-08-18T02:24:20.145063+00:00 WARNING 'ansible_navigator.image_manager.puller._log_message' stderr: time="2026-08-17T19:24:20-07:00" level=warning msg="RunRoot is pointing to a path (/run/user/1001/containers) which is not writable. Most likely podman will fail."
Error: creating events dirs: mkdir /run/user/1001: permission denied

2026-08-18T02:24:20.234454+00:00 ERROR 'ansible_navigator.image_manager.puller._log_message' Execution environment pull failed
2026-08-18T02:24:20.459903+00:00 CRITICAL 'ansible_navigator.actions.run_playbook._handle_message' Unhandled message from runner queue, discarded: {'event': 'verbose', 'uuid': 'a70ec071-ee5b-42e9-aca6-d30e26726044', 'counter': 1, 'stdout': '\x1b[33mWARN\x1b[0m[0000] RunRoot is pointing to a path (/run/user/1001/containers) which is not writable. Most likely podman will fail. ', 'start_line': 0, 'end_line': 1, 'runner_ident': '433d9011-ef7d-4d91-853c-067b066dae3d', 'created': '2026-08-18T02:24:20.451802+00:00'}
2026-08-18T02:24:20.460236+00:00 CRITICAL 'ansible_navigator.actions.run_playbook._handle_message' Unhandled message from runner queue, discarded: {'event': 'verbose', 'uuid': '9ba614c7-a33c-4a28-bc30-a9eab7fc2b2b', 'counter': 2, 'stdout': 'Error: creating events dirs: mkdir /run/user/1001: permission denied', 'start_line': 1, 'end_line': 2, 'runner_ident': '433d9011-ef7d-4d91-853c-067b066dae3d', 'created': '2026-08-18T02:24:20.453430+00:00'}
2026-08-18T02:33:00.278936+00:00 WARNING 'ansible_navigator.image_manager.puller._log_message' Image inspection failed, image assumed to be corrupted or missing
2026-08-18T02:33:00.279334+00:00 WARNING 'ansible_navigator.image_manager.puller._log_message' stdout: 
2026-08-18T02:33:00.279371+00:00 WARNING 'ansible_navigator.image_manager.puller._log_message' stderr: time="2026-08-17T19:33:00-07:00" level=warning msg="RunRoot is pointing to a path (/run/user/1001/containers) which is not writable. Most likely podman will fail."
Error: creating events dirs: mkdir /run/user/1001/libpod: permission denied

2026-08-18T02:33:00.348195+00:00 ERROR 'ansible_navigator.image_manager.puller._log_message' Execution environment pull failed
2026-08-18T02:33:00.501986+00:00 CRITICAL 'ansible_navigator.actions.run_playbook._handle_message' Unhandled message from runner queue, discarded: {'event': 'verbose', 'uuid': 'b5d48462-50e2-42eb-9893-cebd9fb17fd2', 'counter': 1, 'stdout': '\x1b[33mWARN\x1b[0m[0000] RunRoot is pointing to a path (/run/user/1001/containers) which is not writable. Most likely podman will fail. ', 'start_line': 0, 'end_line': 1, 'runner_ident': 'e032294b-e165-4268-b444-9da002fe8209', 'created': '2026-08-18T02:33:00.501053+00:00'}
2026-08-18T02:33:00.512826+00:00 CRITICAL 'ansible_navigator.actions.run_playbook._handle_message' Unhandled message from runner queue, discarded: {'event': 'verbose', 'uuid': '293e1dd4-1e2f-435b-b21d-d908fa5fa072', 'counter': 2, 'stdout': 'Error: creating events dirs: mkdir /run/user/1001/libpod: permission denied', 'start_line': 1, 'end_line': 2, 'runner_ident': 'e032294b-e165-4268-b444-9da002fe8209', 'created': '2026-08-18T02:33:00.503348+00:00'}
2026-08-18T02:33:34.671131+00:00 WARNING 'ansible_navigator.image_manager.puller._log_message' Image inspection failed, image assumed to be corrupted or missing
2026-08-18T02:33:34.671984+00:00 WARNING 'ansible_navigator.image_manager.puller._log_message' stdout: []

2026-08-18T02:33:34.672035+00:00 WARNING 'ansible_navigator.image_manager.puller._log_message' stderr: time="2026-08-17T19:33:34-07:00" level=warning msg="The cgroupv2 manager is set to systemd but there is no systemd user session available"
time="2026-08-17T19:33:34-07:00" level=warning msg="For using systemd, you may need to log in using a user session"
time="2026-08-17T19:33:34-07:00" level=warning msg="Alternatively, you can enable lingering with: `loginctl enable-linger 1001` (possibly as root)"
time="2026-08-17T19:33:34-07:00" level=warning msg="Falling back to --cgroup-manager=cgroupfs"
Error: ghcr.io/ansible/creator-ee:v0.22.0: image not known
time="2026-08-17T19:33:34-07:00" level=warning msg="Failed to add pause process to systemd sandbox cgroup: dbus: couldn't determine address of session bus"

2026-08-18T02:36:27.570002+00:00 CRITICAL 'ansible_navigator.actions.run_playbook._handle_message' Unhandled message from runner queue, discarded: {'event': 'verbose', 'uuid': '626f0a58-fbf6-4e4c-9918-e097cfd67d10', 'counter': 1, 'stdout': '\x1b[33mWARN\x1b[0m[0000] The cgroupv2 manager is set to systemd but there is no systemd user session available ', 'start_line': 0, 'end_line': 1, 'runner_ident': '54892378-1d29-4cdb-a255-e0d2595480f9', 'created': '2026-08-18T02:36:27.559558+00:00'}
2026-08-18T02:36:27.570477+00:00 CRITICAL 'ansible_navigator.actions.run_playbook._handle_message' Unhandled message from runner queue, discarded: {'event': 'verbose', 'uuid': '39a5d46d-7bbe-47e0-9788-8bdafc8677fc', 'counter': 2, 'stdout': '\x1b[33mWARN\x1b[0m[0000] For using systemd, you may need to log in using a user session ', 'start_line': 1, 'end_line': 2, 'runner_ident': '54892378-1d29-4cdb-a255-e0d2595480f9', 'created': '2026-08-18T02:36:27.559755+00:00'}
2026-08-18T02:36:27.570639+00:00 CRITICAL 'ansible_navigator.actions.run_playbook._handle_message' Unhandled message from runner queue, discarded: {'event': 'verbose', 'uuid': 'bd2171b6-9617-4425-87a9-864d3b67962b', 'counter': 3, 'stdout': '\x1b[33mWARN\x1b[0m[0000] Alternatively, you can enable lingering with: `loginctl enable-linger 1001` (possibly as root) ', 'start_line': 2, 'end_line': 3, 'runner_ident': '54892378-1d29-4cdb-a255-e0d2595480f9', 'created': '2026-08-18T02:36:27.559836+00:00'}
2026-08-18T02:36:27.570742+00:00 CRITICAL 'ansible_navigator.actions.run_playbook._handle_message' Unhandled message from runner queue, discarded: {'event': 'verbose', 'uuid': 'b962a8cf-5e49-4617-ac6c-12921690c077', 'counter': 4, 'stdout': '\x1b[33mWARN\x1b[0m[0000] Falling back to --cgroup-manager=cgroupfs    ', 'start_line': 3, 'end_line': 4, 'runner_ident': '54892378-1d29-4cdb-a255-e0d2595480f9', 'created': '2026-08-18T02:36:27.559928+00:00'}
2026-08-18T02:36:27.632774+00:00 CRITICAL 'ansible_navigator.actions.run_playbook._handle_message' Unhandled message from runner queue, discarded: {'event': 'verbose', 'uuid': 'b68618b3-0d9b-4e58-84a2-26c9cf000ceb', 'counter': 5, 'stdout': '\x1b[33mWARN\x1b[0m[0000] The cgroupv2 manager is set to systemd but there is no systemd user session available ', 'start_line': 4, 'end_line': 5, 'runner_ident': '54892378-1d29-4cdb-a255-e0d2595480f9', 'created': '2026-08-18T02:36:27.622956+00:00'}
2026-08-18T02:36:27.633180+00:00 CRITICAL 'ansible_navigator.actions.run_playbook._handle_message' Unhandled message from runner queue, discarded: {'event': 'verbose', 'uuid': 'd6b41ddb-1449-45fc-ab13-2320b2188f79', 'counter': 6, 'stdout': '\x1b[33mWARN\x1b[0m[0000] For using systemd, you may need to log in using a user session ', 'start_line': 5, 'end_line': 6, 'runner_ident': '54892378-1d29-4cdb-a255-e0d2595480f9', 'created': '2026-08-18T02:36:27.623163+00:00'}
2026-08-18T02:36:27.633842+00:00 CRITICAL 'ansible_navigator.actions.run_playbook._handle_message' Unhandled message from runner queue, discarded: {'event': 'verbose', 'uuid': '9ab1b9d5-f8e3-4489-903f-a7d1a14a49ff', 'counter': 7, 'stdout': '\x1b[33mWARN\x1b[0m[0000] Alternatively, you can enable lingering with: `loginctl enable-linger 1001` (possibly as root) ', 'start_line': 6, 'end_line': 7, 'runner_ident': '54892378-1d29-4cdb-a255-e0d2595480f9', 'created': '2026-08-18T02:36:27.623239+00:00'}
2026-08-18T02:36:27.635569+00:00 CRITICAL 'ansible_navigator.actions.run_playbook._handle_message' Unhandled message from runner queue, discarded: {'event': 'verbose', 'uuid': '379ac41b-762c-4090-9653-65dee2213e65', 'counter': 8, 'stdout': '\x1b[33mWARN\x1b[0m[0000] Falling back to --cgroup-manager=cgroupfs    ', 'start_line': 7, 'end_line': 8, 'runner_ident': '54892378-1d29-4cdb-a255-e0d2595480f9', 'created': '2026-08-18T02:36:27.623304+00:00'}
2026-08-18T02:36:30.002971+00:00 CRITICAL 'ansible_navigator.actions.run_playbook._handle_message' Unhandled message from runner queue, discarded: {'event': 'verbose', 'uuid': '87d9a2e3-3edd-4ddf-bd7e-be94d2bbc20d', 'counter': 9, 'stdout': "\x1b[0;31mERROR! couldn't resolve module/action 'dnf_repository'. This often indicates a misspelling, missing collection, or incorrect module path.\x1b[0m", 'start_line': 8, 'end_line': 9, 'runner_ident': '54892378-1d29-4cdb-a255-e0d2595480f9', 'created': '2026-08-18T02:36:29.992420+00:00'}
2026-08-18T02:36:30.003381+00:00 CRITICAL 'ansible_navigator.actions.run_playbook._handle_message' Unhandled message from runner queue, discarded: {'event': 'verbose', 'uuid': '189a673c-5e03-48d3-a03b-383230883590', 'counter': 10, 'stdout': '\x1b[0;31m\x1b[0m', 'start_line': 9, 'end_line': 10, 'runner_ident': '54892378-1d29-4cdb-a255-e0d2595480f9', 'created': '2026-08-18T02:36:29.993100+00:00'}
2026-08-18T02:36:30.003933+00:00 CRITICAL 'ansible_navigator.actions.run_playbook._handle_message' Unhandled message from runner queue, discarded: {'event': 'verbose', 'uuid': 'a4741c64-b2e7-4a03-ba0c-c0153cc9ab28', 'counter': 11, 'stdout': "\x1b[0;31mThe error appears to be in '/home/devops/ansible/repos.yml': line 6, column 7, but may\x1b[0m", 'start_line': 10, 'end_line': 11, 'runner_ident': '54892378-1d29-4cdb-a255-e0d2595480f9', 'created': '2026-08-18T02:36:29.993299+00:00'}
2026-08-18T02:36:30.004361+00:00 CRITICAL 'ansible_navigator.actions.run_playbook._handle_message' Unhandled message from runner queue, discarded: {'event': 'verbose', 'uuid': '445a9317-8a0f-4dfd-9b46-1dd2888fc1fc', 'counter': 12, 'stdout': '\x1b[0;31mbe elsewhere in the file depending on the exact syntax problem.\x1b[0m', 'start_line': 11, 'end_line': 12, 'runner_ident': '54892378-1d29-4cdb-a255-e0d2595480f9', 'created': '2026-08-18T02:36:29.993367+00:00'}
2026-08-18T02:36:30.004674+00:00 CRITICAL 'ansible_navigator.actions.run_playbook._handle_message' Unhandled message from runner queue, discarded: {'event': 'verbose', 'uuid': '8ec1ec63-546e-4175-9e1f-b28e247aee98', 'counter': 13, 'stdout': '\x1b[0;31m\x1b[0m', 'start_line': 12, 'end_line': 13, 'runner_ident': '54892378-1d29-4cdb-a255-e0d2595480f9', 'created': '2026-08-18T02:36:29.993421+00:00'}
2026-08-18T02:36:30.004977+00:00 CRITICAL 'ansible_navigator.actions.run_playbook._handle_message' Unhandled message from runner queue, discarded: {'event': 'verbose', 'uuid': 'd67a9312-6ce4-4869-9e5e-edd996ee13e5', 'counter': 14, 'stdout': '\x1b[0;31mThe offending line appears to be:\x1b[0m', 'start_line': 13, 'end_line': 14, 'runner_ident': '54892378-1d29-4cdb-a255-e0d2595480f9', 'created': '2026-08-18T02:36:29.993494+00:00'}
2026-08-18T02:36:30.005325+00:00 CRITICAL 'ansible_navigator.actions.run_playbook._handle_message' Unhandled message from runner queue, discarded: {'event': 'verbose', 'uuid': 'b0e27007-d72f-4c2b-aba6-a0d68cefe244', 'counter': 15, 'stdout': '\x1b[0;31m\x1b[0m', 'start_line': 14, 'end_line': 15, 'runner_ident': '54892378-1d29-4cdb-a255-e0d2595480f9', 'created': '2026-08-18T02:36:29.993552+00:00'}
2026-08-18T02:36:30.005708+00:00 CRITICAL 'ansible_navigator.actions.run_playbook._handle_message' Unhandled message from runner queue, discarded: {'event': 'verbose', 'uuid': 'db0d14d3-65ce-4bba-b02d-8bcec674a5c1', 'counter': 16, 'stdout': '\x1b[0;31m  tasks:\x1b[0m', 'start_line': 15, 'end_line': 16, 'runner_ident': '54892378-1d29-4cdb-a255-e0d2595480f9', 'created': '2026-08-18T02:36:29.993603+00:00'}
2026-08-18T02:36:30.006118+00:00 CRITICAL 'ansible_navigator.actions.run_playbook._handle_message' Unhandled message from runner queue, discarded: {'event': 'verbose', 'uuid': 'ee811743-467e-4216-80f0-4e2230eb8356', 'counter': 17, 'stdout': '\x1b[0;31m    - name: repo\x1b[0m', 'start_line': 16, 'end_line': 17, 'runner_ident': '54892378-1d29-4cdb-a255-e0d2595480f9', 'created': '2026-08-18T02:36:29.993662+00:00'}
2026-08-18T02:36:30.006436+00:00 CRITICAL 'ansible_navigator.actions.run_playbook._handle_message' Unhandled message from runner queue, discarded: {'event': 'verbose', 'uuid': '9253dfbd-fc90-4610-833b-8623b68b7ed3', 'counter': 18, 'stdout': '\x1b[0;31m      ^ here\x1b[0m', 'start_line': 17, 'end_line': 18, 'runner_ident': '54892378-1d29-4cdb-a255-e0d2595480f9', 'created': '2026-08-18T02:36:29.993717+00:00'}
2026-08-18T02:38:42.741721+00:00 CRITICAL 'ansible_navigator.actions.run_playbook._handle_message' Unhandled message from runner queue, discarded: {'event': 'verbose', 'uuid': 'b2153413-8b9e-4cb2-909a-451a1ffa391c', 'counter': 1, 'stdout': '\x1b[33mWARN\x1b[0m[0000] The cgroupv2 manager is set to systemd but there is no systemd user session available ', 'start_line': 0, 'end_line': 1, 'runner_ident': 'c227e6ee-777f-4461-ba04-2995433391c1', 'created': '2026-08-18T02:38:42.730161+00:00'}
2026-08-18T02:38:42.743066+00:00 CRITICAL 'ansible_navigator.actions.run_playbook._handle_message' Unhandled message from runner queue, discarded: {'event': 'verbose', 'uuid': 'f44c2318-09d1-428c-bd4b-c45724a80811', 'counter': 2, 'stdout': '\x1b[33mWARN\x1b[0m[0000] For using systemd, you may need to log in using a user session ', 'start_line': 1, 'end_line': 2, 'runner_ident': 'c227e6ee-777f-4461-ba04-2995433391c1', 'created': '2026-08-18T02:38:42.730338+00:00'}
2026-08-18T02:38:42.743533+00:00 CRITICAL 'ansible_navigator.actions.run_playbook._handle_message' Unhandled message from runner queue, discarded: {'event': 'verbose', 'uuid': 'f46f3c30-b54b-43b1-bcda-2170d29faa6a', 'counter': 3, 'stdout': '\x1b[33mWARN\x1b[0m[0000] Alternatively, you can enable lingering with: `loginctl enable-linger 1001` (possibly as root) ', 'start_line': 2, 'end_line': 3, 'runner_ident': 'c227e6ee-777f-4461-ba04-2995433391c1', 'created': '2026-08-18T02:38:42.730399+00:00'}
2026-08-18T02:38:42.743731+00:00 CRITICAL 'ansible_navigator.actions.run_playbook._handle_message' Unhandled message from runner queue, discarded: {'event': 'verbose', 'uuid': 'c5d1b21a-2240-4024-813a-e6bef679845a', 'counter': 4, 'stdout': '\x1b[33mWARN\x1b[0m[0000] Falling back to --cgroup-manager=cgroupfs    ', 'start_line': 3, 'end_line': 4, 'runner_ident': 'c227e6ee-777f-4461-ba04-2995433391c1', 'created': '2026-08-18T02:38:42.730457+00:00'}
2026-08-18T02:38:42.807830+00:00 CRITICAL 'ansible_navigator.actions.run_playbook._handle_message' Unhandled message from runner queue, discarded: {'event': 'verbose', 'uuid': '95702e7b-86f2-4e26-9fe6-05bd014fa291', 'counter': 5, 'stdout': '\x1b[33mWARN\x1b[0m[0000] The cgroupv2 manager is set to systemd but there is no systemd user session available ', 'start_line': 4, 'end_line': 5, 'runner_ident': 'c227e6ee-777f-4461-ba04-2995433391c1', 'created': '2026-08-18T02:38:42.802348+00:00'}
2026-08-18T02:38:42.808046+00:00 CRITICAL 'ansible_navigator.actions.run_playbook._handle_message' Unhandled message from runner queue, discarded: {'event': 'verbose', 'uuid': 'e018451a-9013-4f64-8b68-26913c33fe6a', 'counter': 6, 'stdout': '\x1b[33mWARN\x1b[0m[0000] For using systemd, you may need to log in using a user session ', 'start_line': 5, 'end_line': 6, 'runner_ident': 'c227e6ee-777f-4461-ba04-2995433391c1', 'created': '2026-08-18T02:38:42.802473+00:00'}
2026-08-18T02:38:42.808109+00:00 CRITICAL 'ansible_navigator.actions.run_playbook._handle_message' Unhandled message from runner queue, discarded: {'event': 'verbose', 'uuid': '2a8b4162-ab5c-494e-b8fc-e62d427c3f4a', 'counter': 7, 'stdout': '\x1b[33mWARN\x1b[0m[0000] Alternatively, you can enable lingering with: `loginctl enable-linger 1001` (possibly as root) ', 'start_line': 6, 'end_line': 7, 'runner_ident': 'c227e6ee-777f-4461-ba04-2995433391c1', 'created': '2026-08-18T02:38:42.802560+00:00'}
2026-08-18T02:38:42.808228+00:00 CRITICAL 'ansible_navigator.actions.run_playbook._handle_message' Unhandled message from runner queue, discarded: {'event': 'verbose', 'uuid': '765f8def-1e1b-43b5-b4a4-cdacb8e6385d', 'counter': 8, 'stdout': '\x1b[33mWARN\x1b[0m[0000] Falling back to --cgroup-manager=cgroupfs    ', 'start_line': 7, 'end_line': 8, 'runner_ident': 'c227e6ee-777f-4461-ba04-2995433391c1', 'created': '2026-08-18T02:38:42.802617+00:00'}
2026-08-18T02:41:27.868022+00:00 CRITICAL 'ansible_navigator.actions.run_playbook._handle_message' Unhandled message from runner queue, discarded: {'event': 'verbose', 'uuid': '8bd771a9-dd2b-45b3-9439-8590f801175e', 'counter': 1, 'stdout': '\x1b[33mWARN\x1b[0m[0000] The cgroupv2 manager is set to systemd but there is no systemd user session available ', 'start_line': 0, 'end_line': 1, 'runner_ident': '670fac90-1b7e-458d-8387-8947dec8ef9e', 'created': '2026-08-18T02:41:27.860386+00:00'}
2026-08-18T02:41:27.870226+00:00 CRITICAL 'ansible_navigator.actions.run_playbook._handle_message' Unhandled message from runner queue, discarded: {'event': 'verbose', 'uuid': 'adc37afb-bc5b-4176-9ffa-8c5411778bab', 'counter': 2, 'stdout': '\x1b[33mWARN\x1b[0m[0000] For using systemd, you may need to log in using a user session ', 'start_line': 1, 'end_line': 2, 'runner_ident': '670fac90-1b7e-458d-8387-8947dec8ef9e', 'created': '2026-08-18T02:41:27.860877+00:00'}
2026-08-18T02:41:27.870858+00:00 CRITICAL 'ansible_navigator.actions.run_playbook._handle_message' Unhandled message from runner queue, discarded: {'event': 'verbose', 'uuid': '54bd1c10-bc4f-4d4f-b465-bedd11e31388', 'counter': 3, 'stdout': '\x1b[33mWARN\x1b[0m[0000] Alternatively, you can enable lingering with: `loginctl enable-linger 1001` (possibly as root) ', 'start_line': 2, 'end_line': 3, 'runner_ident': '670fac90-1b7e-458d-8387-8947dec8ef9e', 'created': '2026-08-18T02:41:27.861040+00:00'}
2026-08-18T02:41:27.871125+00:00 CRITICAL 'ansible_navigator.actions.run_playbook._handle_message' Unhandled message from runner queue, discarded: {'event': 'verbose', 'uuid': '4b0d3580-758d-487b-b9f1-019d688c0ba7', 'counter': 4, 'stdout': '\x1b[33mWARN\x1b[0m[0000] Falling back to --cgroup-manager=cgroupfs    ', 'start_line': 3, 'end_line': 4, 'runner_ident': '670fac90-1b7e-458d-8387-8947dec8ef9e', 'created': '2026-08-18T02:41:27.861139+00:00'}
2026-08-18T02:41:27.948085+00:00 CRITICAL 'ansible_navigator.actions.run_playbook._handle_message' Unhandled message from runner queue, discarded: {'event': 'verbose', 'uuid': '7ce6ca31-916c-4814-bc3b-803b964518ad', 'counter': 5, 'stdout': '\x1b[33mWARN\x1b[0m[0000] The cgroupv2 manager is set to systemd but there is no systemd user session available ', 'start_line': 4, 'end_line': 5, 'runner_ident': '670fac90-1b7e-458d-8387-8947dec8ef9e', 'created': '2026-08-18T02:41:27.944847+00:00'}
2026-08-18T02:41:27.948625+00:00 CRITICAL 'ansible_navigator.actions.run_playbook._handle_message' Unhandled message from runner queue, discarded: {'event': 'verbose', 'uuid': '3aacd548-4c8b-4d03-b5f6-eff0c095a721', 'counter': 6, 'stdout': '\x1b[33mWARN\x1b[0m[0000] For using systemd, you may need to log in using a user session ', 'start_line': 5, 'end_line': 6, 'runner_ident': '670fac90-1b7e-458d-8387-8947dec8ef9e', 'created': '2026-08-18T02:41:27.945040+00:00'}
2026-08-18T02:41:27.948966+00:00 CRITICAL 'ansible_navigator.actions.run_playbook._handle_message' Unhandled message from runner queue, discarded: {'event': 'verbose', 'uuid': '7c994463-6cd1-4e08-a9d7-644f7df0f4bd', 'counter': 7, 'stdout': '\x1b[33mWARN\x1b[0m[0000] Alternatively, you can enable lingering with: `loginctl enable-linger 1001` (possibly as root) ', 'start_line': 6, 'end_line': 7, 'runner_ident': '670fac90-1b7e-458d-8387-8947dec8ef9e', 'created': '2026-08-18T02:41:27.945088+00:00'}
2026-08-18T02:41:27.949195+00:00 CRITICAL 'ansible_navigator.actions.run_playbook._handle_message' Unhandled message from runner queue, discarded: {'event': 'verbose', 'uuid': '51bc1173-6fdf-4860-bf23-127bf8cac7ae', 'counter': 8, 'stdout': '\x1b[33mWARN\x1b[0m[0000] Falling back to --cgroup-manager=cgroupfs    ', 'start_line': 7, 'end_line': 8, 'runner_ident': '670fac90-1b7e-458d-8387-8947dec8ef9e', 'created': '2026-08-18T02:41:27.945251+00:00'}
2026-08-18T02:42:16.138836+00:00 CRITICAL 'ansible_navigator.actions.run_playbook._handle_message' Unhandled message from runner queue, discarded: {'event': 'verbose', 'uuid': 'e9dd6b88-28f2-420e-b01c-7cd89ab7ab78', 'counter': 1, 'stdout': '\x1b[33mWARN\x1b[0m[0000] The cgroupv2 manager is set to systemd but there is no systemd user session available ', 'start_line': 0, 'end_line': 1, 'runner_ident': 'b058bff6-d379-4105-ae16-d2391b95505f', 'created': '2026-08-18T02:42:16.132541+00:00'}
2026-08-18T02:42:16.139983+00:00 CRITICAL 'ansible_navigator.actions.run_playbook._handle_message' Unhandled message from runner queue, discarded: {'event': 'verbose', 'uuid': '96665de7-e247-41cc-b3f9-276493535d67', 'counter': 2, 'stdout': '\x1b[33mWARN\x1b[0m[0000] For using systemd, you may need to log in using a user session ', 'start_line': 1, 'end_line': 2, 'runner_ident': 'b058bff6-d379-4105-ae16-d2391b95505f', 'created': '2026-08-18T02:42:16.132698+00:00'}
2026-08-18T02:42:16.140182+00:00 CRITICAL 'ansible_navigator.actions.run_playbook._handle_message' Unhandled message from runner queue, discarded: {'event': 'verbose', 'uuid': 'ee2fb1f4-763e-40e2-b4b3-9c923793636a', 'counter': 3, 'stdout': '\x1b[33mWARN\x1b[0m[0000] Alternatively, you can enable lingering with: `loginctl enable-linger 1001` (possibly as root) ', 'start_line': 2, 'end_line': 3, 'runner_ident': 'b058bff6-d379-4105-ae16-d2391b95505f', 'created': '2026-08-18T02:42:16.132741+00:00'}
2026-08-18T02:42:16.140369+00:00 CRITICAL 'ansible_navigator.actions.run_playbook._handle_message' Unhandled message from runner queue, discarded: {'event': 'verbose', 'uuid': '2482bc4e-7697-4fa3-a32e-308a87dd1ac3', 'counter': 4, 'stdout': '\x1b[33mWARN\x1b[0m[0000] Falling back to --cgroup-manager=cgroupfs    ', 'start_line': 3, 'end_line': 4, 'runner_ident': 'b058bff6-d379-4105-ae16-d2391b95505f', 'created': '2026-08-18T02:42:16.132779+00:00'}
2026-08-18T02:42:16.238395+00:00 CRITICAL 'ansible_navigator.actions.run_playbook._handle_message' Unhandled message from runner queue, discarded: {'event': 'verbose', 'uuid': '5985af73-ebc8-4cdc-9644-8999f7f5b88a', 'counter': 5, 'stdout': '\x1b[33mWARN\x1b[0m[0000] The cgroupv2 manager is set to systemd but there is no systemd user session available ', 'start_line': 4, 'end_line': 5, 'runner_ident': 'b058bff6-d379-4105-ae16-d2391b95505f', 'created': '2026-08-18T02:42:16.235108+00:00'}
2026-08-18T02:42:16.239214+00:00 CRITICAL 'ansible_navigator.actions.run_playbook._handle_message' Unhandled message from runner queue, discarded: {'event': 'verbose', 'uuid': '7bc204dc-8a7a-4507-96b4-7015b98f6727', 'counter': 6, 'stdout': '\x1b[33mWARN\x1b[0m[0000] For using systemd, you may need to log in using a user session ', 'start_line': 5, 'end_line': 6, 'runner_ident': 'b058bff6-d379-4105-ae16-d2391b95505f', 'created': '2026-08-18T02:42:16.235261+00:00'}
2026-08-18T02:42:16.239974+00:00 CRITICAL 'ansible_navigator.actions.run_playbook._handle_message' Unhandled message from runner queue, discarded: {'event': 'verbose', 'uuid': 'e49d4c7d-0f85-4344-b9e2-c926873819da', 'counter': 7, 'stdout': '\x1b[33mWARN\x1b[0m[0000] Alternatively, you can enable lingering with: `loginctl enable-linger 1001` (possibly as root) ', 'start_line': 6, 'end_line': 7, 'runner_ident': 'b058bff6-d379-4105-ae16-d2391b95505f', 'created': '2026-08-18T02:42:16.235356+00:00'}
2026-08-18T02:42:16.240664+00:00 CRITICAL 'ansible_navigator.actions.run_playbook._handle_message' Unhandled message from runner queue, discarded: {'event': 'verbose', 'uuid': '5ec18477-2f49-4962-b825-f441c1b1b681', 'counter': 8, 'stdout': '\x1b[33mWARN\x1b[0m[0000] Falling back to --cgroup-manager=cgroupfs    ', 'start_line': 7, 'end_line': 8, 'runner_ident': 'b058bff6-d379-4105-ae16-d2391b95505f', 'created': '2026-08-18T02:42:16.235469+00:00'}
2026-08-18T02:43:23.885887+00:00 CRITICAL 'ansible_navigator.actions.run_playbook._handle_message' Unhandled message from runner queue, discarded: {'event': 'verbose', 'uuid': 'eb03c0ef-f864-4e43-a6cf-cafe66b78878', 'counter': 1, 'stdout': '\x1b[33mWARN\x1b[0m[0000] The cgroupv2 manager is set to systemd but there is no systemd user session available ', 'start_line': 0, 'end_line': 1, 'runner_ident': '6e51522d-01bb-45fd-8471-920956931180', 'created': '2026-08-18T02:43:23.878780+00:00'}
2026-08-18T02:43:23.886380+00:00 CRITICAL 'ansible_navigator.actions.run_playbook._handle_message' Unhandled message from runner queue, discarded: {'event': 'verbose', 'uuid': '72a55c03-9507-4b6d-87ca-f1460bcc1c1c', 'counter': 2, 'stdout': '\x1b[33mWARN\x1b[0m[0000] For using systemd, you may need to log in using a user session ', 'start_line': 1, 'end_line': 2, 'runner_ident': '6e51522d-01bb-45fd-8471-920956931180', 'created': '2026-08-18T02:43:23.878942+00:00'}
2026-08-18T02:43:23.886514+00:00 CRITICAL 'ansible_navigator.actions.run_playbook._handle_message' Unhandled message from runner queue, discarded: {'event': 'verbose', 'uuid': '8bda90ce-db27-4c4f-b41c-4b1be039f70c', 'counter': 3, 'stdout': '\x1b[33mWARN\x1b[0m[0000] Alternatively, you can enable lingering with: `loginctl enable-linger 1001` (possibly as root) ', 'start_line': 2, 'end_line': 3, 'runner_ident': '6e51522d-01bb-45fd-8471-920956931180', 'created': '2026-08-18T02:43:23.879037+00:00'}
2026-08-18T02:43:23.886616+00:00 CRITICAL 'ansible_navigator.actions.run_playbook._handle_message' Unhandled message from runner queue, discarded: {'event': 'verbose', 'uuid': '4376cc1b-948a-45e7-a376-70ca90d70eaa', 'counter': 4, 'stdout': '\x1b[33mWARN\x1b[0m[0000] Falling back to --cgroup-manager=cgroupfs    ', 'start_line': 3, 'end_line': 4, 'runner_ident': '6e51522d-01bb-45fd-8471-920956931180', 'created': '2026-08-18T02:43:23.879095+00:00'}
2026-08-18T02:43:23.949524+00:00 CRITICAL 'ansible_navigator.actions.run_playbook._handle_message' Unhandled message from runner queue, discarded: {'event': 'verbose', 'uuid': '194e6ef1-592a-4ebf-9ac4-d384fbd56bac', 'counter': 5, 'stdout': '\x1b[33mWARN\x1b[0m[0000] The cgroupv2 manager is set to systemd but there is no systemd user session available ', 'start_line': 4, 'end_line': 5, 'runner_ident': '6e51522d-01bb-45fd-8471-920956931180', 'created': '2026-08-18T02:43:23.946693+00:00'}
2026-08-18T02:43:23.949738+00:00 CRITICAL 'ansible_navigator.actions.run_playbook._handle_message' Unhandled message from runner queue, discarded: {'event': 'verbose', 'uuid': 'fe73d123-bb45-42f4-a870-8e6fc7b19ce5', 'counter': 6, 'stdout': '\x1b[33mWARN\x1b[0m[0000] For using systemd, you may need to log in using a user session ', 'start_line': 5, 'end_line': 6, 'runner_ident': '6e51522d-01bb-45fd-8471-920956931180', 'created': '2026-08-18T02:43:23.946801+00:00'}
2026-08-18T02:43:23.949844+00:00 CRITICAL 'ansible_navigator.actions.run_playbook._handle_message' Unhandled message from runner queue, discarded: {'event': 'verbose', 'uuid': 'ea37934c-f707-42eb-ab60-21798f6b92b4', 'counter': 7, 'stdout': '\x1b[33mWARN\x1b[0m[0000] Alternatively, you can enable lingering with: `loginctl enable-linger 1001` (possibly as root) ', 'start_line': 6, 'end_line': 7, 'runner_ident': '6e51522d-01bb-45fd-8471-920956931180', 'created': '2026-08-18T02:43:23.946844+00:00'}
2026-08-18T02:43:23.949947+00:00 CRITICAL 'ansible_navigator.actions.run_playbook._handle_message' Unhandled message from runner queue, discarded: {'event': 'verbose', 'uuid': '6b0e2e50-c858-4873-95d8-959eeaefdc92', 'counter': 8, 'stdout': '\x1b[33mWARN\x1b[0m[0000] Falling back to --cgroup-manager=cgroupfs    ', 'start_line': 7, 'end_line': 8, 'runner_ident': '6e51522d-01bb-45fd-8471-920956931180', 'created': '2026-08-18T02:43:23.946882+00:00'}
2026-08-18T02:44:04.006103+00:00 CRITICAL 'ansible_navigator.actions.run_playbook._handle_message' Unhandled message from runner queue, discarded: {'event': 'verbose', 'uuid': '2b3f7e36-cc79-4e23-b47c-b59cac544f97', 'counter': 1, 'stdout': '\x1b[33mWARN\x1b[0m[0000] The cgroupv2 manager is set to systemd but there is no systemd user session available ', 'start_line': 0, 'end_line': 1, 'runner_ident': 'a69d5290-5263-4cfe-bb2e-fe940ae67e24', 'created': '2026-08-18T02:44:04.003936+00:00'}
2026-08-18T02:44:04.006713+00:00 CRITICAL 'ansible_navigator.actions.run_playbook._handle_message' Unhandled message from runner queue, discarded: {'event': 'verbose', 'uuid': '041ad82c-dd41-4c96-ba20-4d266a51c116', 'counter': 2, 'stdout': '\x1b[33mWARN\x1b[0m[0000] For using systemd, you may need to log in using a user session ', 'start_line': 1, 'end_line': 2, 'runner_ident': 'a69d5290-5263-4cfe-bb2e-fe940ae67e24', 'created': '2026-08-18T02:44:04.004155+00:00'}
2026-08-18T02:44:04.006963+00:00 CRITICAL 'ansible_navigator.actions.run_playbook._handle_message' Unhandled message from runner queue, discarded: {'event': 'verbose', 'uuid': '0c82d09f-5d66-4d38-ac63-3b2fea2363ac', 'counter': 3, 'stdout': '\x1b[33mWARN\x1b[0m[0000] Alternatively, you can enable lingering with: `loginctl enable-linger 1001` (possibly as root) ', 'start_line': 2, 'end_line': 3, 'runner_ident': 'a69d5290-5263-4cfe-bb2e-fe940ae67e24', 'created': '2026-08-18T02:44:04.004217+00:00'}
2026-08-18T02:44:04.008024+00:00 CRITICAL 'ansible_navigator.actions.run_playbook._handle_message' Unhandled message from runner queue, discarded: {'event': 'verbose', 'uuid': '64f6d3f5-9e66-419e-88b5-b27fe81980dc', 'counter': 4, 'stdout': '\x1b[33mWARN\x1b[0m[0000] Falling back to --cgroup-manager=cgroupfs    ', 'start_line': 3, 'end_line': 4, 'runner_ident': 'a69d5290-5263-4cfe-bb2e-fe940ae67e24', 'created': '2026-08-18T02:44:04.004269+00:00'}
2026-08-18T02:44:04.082605+00:00 CRITICAL 'ansible_navigator.actions.run_playbook._handle_message' Unhandled message from runner queue, discarded: {'event': 'verbose', 'uuid': '92a2e289-d859-486a-99be-588138263228', 'counter': 5, 'stdout': '\x1b[33mWARN\x1b[0m[0000] The cgroupv2 manager is set to systemd but there is no systemd user session available ', 'start_line': 4, 'end_line': 5, 'runner_ident': 'a69d5290-5263-4cfe-bb2e-fe940ae67e24', 'created': '2026-08-18T02:44:04.075772+00:00'}
2026-08-18T02:44:04.082923+00:00 CRITICAL 'ansible_navigator.actions.run_playbook._handle_message' Unhandled message from runner queue, discarded: {'event': 'verbose', 'uuid': 'b1d40a5c-e921-4184-8103-e968f492789c', 'counter': 6, 'stdout': '\x1b[33mWARN\x1b[0m[0000] For using systemd, you may need to log in using a user session ', 'start_line': 5, 'end_line': 6, 'runner_ident': 'a69d5290-5263-4cfe-bb2e-fe940ae67e24', 'created': '2026-08-18T02:44:04.076009+00:00'}
2026-08-18T02:44:04.083103+00:00 CRITICAL 'ansible_navigator.actions.run_playbook._handle_message' Unhandled message from runner queue, discarded: {'event': 'verbose', 'uuid': 'ea1e7702-c99f-41e6-b2ac-87ea54e8ae47', 'counter': 7, 'stdout': '\x1b[33mWARN\x1b[0m[0000] Alternatively, you can enable lingering with: `loginctl enable-linger 1001` (possibly as root) ', 'start_line': 6, 'end_line': 7, 'runner_ident': 'a69d5290-5263-4cfe-bb2e-fe940ae67e24', 'created': '2026-08-18T02:44:04.076099+00:00'}
2026-08-18T02:44:04.083261+00:00 CRITICAL 'ansible_navigator.actions.run_playbook._handle_message' Unhandled message from runner queue, discarded: {'event': 'verbose', 'uuid': 'aecef24e-4b16-4611-afe5-f82a51f93432', 'counter': 8, 'stdout': '\x1b[33mWARN\x1b[0m[0000] Falling back to --cgroup-manager=cgroupfs    ', 'start_line': 7, 'end_line': 8, 'runner_ident': 'a69d5290-5263-4cfe-bb2e-fe940ae67e24', 'created': '2026-08-18T02:44:04.076162+00:00'}
2026-08-18T02:47:59.380549+00:00 CRITICAL 'ansible_navigator.actions.run_playbook._handle_message' Unhandled message from runner queue, discarded: {'event': 'verbose', 'uuid': 'eb715fe2-6cc7-42ce-8cba-a13b4fe788e1', 'counter': 1, 'stdout': '\x1b[33mWARN\x1b[0m[0000] The cgroupv2 manager is set to systemd but there is no systemd user session available ', 'start_line': 0, 'end_line': 1, 'runner_ident': '93f31cff-922d-4c57-8b5a-c47c0ea8704b', 'created': '2026-08-18T02:47:59.373612+00:00'}
2026-08-18T02:47:59.381241+00:00 CRITICAL 'ansible_navigator.actions.run_playbook._handle_message' Unhandled message from runner queue, discarded: {'event': 'verbose', 'uuid': 'a5d0de95-b869-456c-9415-44b024046411', 'counter': 2, 'stdout': '\x1b[33mWARN\x1b[0m[0000] For using systemd, you may need to log in using a user session ', 'start_line': 1, 'end_line': 2, 'runner_ident': '93f31cff-922d-4c57-8b5a-c47c0ea8704b', 'created': '2026-08-18T02:47:59.373813+00:00'}
2026-08-18T02:47:59.381403+00:00 CRITICAL 'ansible_navigator.actions.run_playbook._handle_message' Unhandled message from runner queue, discarded: {'event': 'verbose', 'uuid': '6934ca03-c2cb-4c2f-9546-fc7e922c055e', 'counter': 3, 'stdout': '\x1b[33mWARN\x1b[0m[0000] Alternatively, you can enable lingering with: `loginctl enable-linger 1001` (possibly as root) ', 'start_line': 2, 'end_line': 3, 'runner_ident': '93f31cff-922d-4c57-8b5a-c47c0ea8704b', 'created': '2026-08-18T02:47:59.373877+00:00'}
2026-08-18T02:47:59.383081+00:00 CRITICAL 'ansible_navigator.actions.run_playbook._handle_message' Unhandled message from runner queue, discarded: {'event': 'verbose', 'uuid': '09d63dc6-0398-4015-a0af-b5d3679821b1', 'counter': 4, 'stdout': '\x1b[33mWARN\x1b[0m[0000] Falling back to --cgroup-manager=cgroupfs    ', 'start_line': 3, 'end_line': 4, 'runner_ident': '93f31cff-922d-4c57-8b5a-c47c0ea8704b', 'created': '2026-08-18T02:47:59.373932+00:00'}
2026-08-18T02:47:59.479919+00:00 CRITICAL 'ansible_navigator.actions.run_playbook._handle_message' Unhandled message from runner queue, discarded: {'event': 'verbose', 'uuid': '35408bab-c0e6-475e-a708-d615661316b4', 'counter': 5, 'stdout': '\x1b[33mWARN\x1b[0m[0000] The cgroupv2 manager is set to systemd but there is no systemd user session available ', 'start_line': 4, 'end_line': 5, 'runner_ident': '93f31cff-922d-4c57-8b5a-c47c0ea8704b', 'created': '2026-08-18T02:47:59.463734+00:00'}
2026-08-18T02:47:59.480158+00:00 CRITICAL 'ansible_navigator.actions.run_playbook._handle_message' Unhandled message from runner queue, discarded: {'event': 'verbose', 'uuid': '615370c6-5cb1-4467-98e8-240ad89c1b63', 'counter': 6, 'stdout': '\x1b[33mWARN\x1b[0m[0000] For using systemd, you may need to log in using a user session ', 'start_line': 5, 'end_line': 6, 'runner_ident': '93f31cff-922d-4c57-8b5a-c47c0ea8704b', 'created': '2026-08-18T02:47:59.463875+00:00'}
2026-08-18T02:47:59.480257+00:00 CRITICAL 'ansible_navigator.actions.run_playbook._handle_message' Unhandled message from runner queue, discarded: {'event': 'verbose', 'uuid': 'a50158e6-e3de-4d5a-bd00-7d8afd9c543e', 'counter': 7, 'stdout': '\x1b[33mWARN\x1b[0m[0000] Alternatively, you can enable lingering with: `loginctl enable-linger 1001` (possibly as root) ', 'start_line': 6, 'end_line': 7, 'runner_ident': '93f31cff-922d-4c57-8b5a-c47c0ea8704b', 'created': '2026-08-18T02:47:59.463930+00:00'}
2026-08-18T02:47:59.480965+00:00 CRITICAL 'ansible_navigator.actions.run_playbook._handle_message' Unhandled message from runner queue, discarded: {'event': 'verbose', 'uuid': 'f17358e1-6442-4547-8cfb-7324fe8e5bc4', 'counter': 8, 'stdout': '\x1b[33mWARN\x1b[0m[0000] Falling back to --cgroup-manager=cgroupfs    ', 'start_line': 7, 'end_line': 8, 'runner_ident': '93f31cff-922d-4c57-8b5a-c47c0ea8704b', 'created': '2026-08-18T02:47:59.463969+00:00'}
2026-08-18T02:48:01.364294+00:00 CRITICAL 'ansible_navigator.actions.run_playbook._handle_message' Unhandled message from runner queue, discarded: {'event': 'verbose', 'uuid': 'fb1efa2b-cb7f-46b7-9036-deae5cb953c7', 'counter': 9, 'stdout': '\x1b[1;35m[WARNING]: While constructing a mapping from /home/devops/ansible/packages.yml,\x1b[0m', 'start_line': 8, 'end_line': 9, 'runner_ident': '93f31cff-922d-4c57-8b5a-c47c0ea8704b', 'created': '2026-08-18T02:48:01.362892+00:00'}
2026-08-18T02:48:01.364698+00:00 CRITICAL 'ansible_navigator.actions.run_playbook._handle_message' Unhandled message from runner queue, discarded: {'event': 'verbose', 'uuid': 'fcf1aebc-b9da-4799-b1cc-b82ec475feb5', 'counter': 10, 'stdout': '\x1b[1;35mline 14, column 7, found a duplicate dict key (dnf). Using last defined value\x1b[0m', 'start_line': 9, 'end_line': 10, 'runner_ident': '93f31cff-922d-4c57-8b5a-c47c0ea8704b', 'created': '2026-08-18T02:48:01.363205+00:00'}
2026-08-18T02:48:01.365010+00:00 CRITICAL 'ansible_navigator.actions.run_playbook._handle_message' Unhandled message from runner queue, discarded: {'event': 'verbose', 'uuid': '60b22183-3fcd-491b-8674-8cbb6591567b', 'counter': 11, 'stdout': '\x1b[1;35monly.\x1b[0m', 'start_line': 10, 'end_line': 11, 'runner_ident': '93f31cff-922d-4c57-8b5a-c47c0ea8704b', 'created': '2026-08-18T02:48:01.363373+00:00'}
2026-08-18T02:48:09.945620+00:00 WARNING 'ansible_navigator.run' Dirty exit, killing the pid
2026-08-18T02:48:51.695965+00:00 CRITICAL 'ansible_navigator.actions.run_playbook._handle_message' Unhandled message from runner queue, discarded: {'event': 'verbose', 'uuid': '5b7076a1-4a97-4d6a-ac5f-1e3009f75cd2', 'counter': 1, 'stdout': '\x1b[33mWARN\x1b[0m[0000] The cgroupv2 manager is set to systemd but there is no systemd user session available ', 'start_line': 0, 'end_line': 1, 'runner_ident': 'f6770cb3-b53f-4976-9547-a4a7adde49c3', 'created': '2026-08-18T02:48:51.688919+00:00'}
2026-08-18T02:48:51.697016+00:00 CRITICAL 'ansible_navigator.actions.run_playbook._handle_message' Unhandled message from runner queue, discarded: {'event': 'verbose', 'uuid': 'ba78a0ed-f90e-4576-adf0-891a851d672d', 'counter': 2, 'stdout': '\x1b[33mWARN\x1b[0m[0000] For using systemd, you may need to log in using a user session ', 'start_line': 1, 'end_line': 2, 'runner_ident': 'f6770cb3-b53f-4976-9547-a4a7adde49c3', 'created': '2026-08-18T02:48:51.689113+00:00'}
2026-08-18T02:48:51.697583+00:00 CRITICAL 'ansible_navigator.actions.run_playbook._handle_message' Unhandled message from runner queue, discarded: {'event': 'verbose', 'uuid': '55def4e4-dbc2-4f13-b07e-93c423dbcf11', 'counter': 3, 'stdout': '\x1b[33mWARN\x1b[0m[0000] Alternatively, you can enable lingering with: `loginctl enable-linger 1001` (possibly as root) ', 'start_line': 2, 'end_line': 3, 'runner_ident': 'f6770cb3-b53f-4976-9547-a4a7adde49c3', 'created': '2026-08-18T02:48:51.689171+00:00'}
2026-08-18T02:48:51.697940+00:00 CRITICAL 'ansible_navigator.actions.run_playbook._handle_message' Unhandled message from runner queue, discarded: {'event': 'verbose', 'uuid': 'be527240-1911-4bfd-a257-18cf4e795432', 'counter': 4, 'stdout': '\x1b[33mWARN\x1b[0m[0000] Falling back to --cgroup-manager=cgroupfs    ', 'start_line': 3, 'end_line': 4, 'runner_ident': 'f6770cb3-b53f-4976-9547-a4a7adde49c3', 'created': '2026-08-18T02:48:51.689225+00:00'}
2026-08-18T02:48:51.764469+00:00 CRITICAL 'ansible_navigator.actions.run_playbook._handle_message' Unhandled message from runner queue, discarded: {'event': 'verbose', 'uuid': '633e3022-b8b5-42c8-b2bb-ebf7eb1f4c8c', 'counter': 5, 'stdout': '\x1b[33mWARN\x1b[0m[0000] The cgroupv2 manager is set to systemd but there is no systemd user session available ', 'start_line': 4, 'end_line': 5, 'runner_ident': 'f6770cb3-b53f-4976-9547-a4a7adde49c3', 'created': '2026-08-18T02:48:51.756614+00:00'}
2026-08-18T02:48:51.766296+00:00 CRITICAL 'ansible_navigator.actions.run_playbook._handle_message' Unhandled message from runner queue, discarded: {'event': 'verbose', 'uuid': '25bc974c-154a-4f8b-954b-6b21be690e49', 'counter': 6, 'stdout': '\x1b[33mWARN\x1b[0m[0000] For using systemd, you may need to log in using a user session ', 'start_line': 5, 'end_line': 6, 'runner_ident': 'f6770cb3-b53f-4976-9547-a4a7adde49c3', 'created': '2026-08-18T02:48:51.756752+00:00'}
2026-08-18T02:48:51.766594+00:00 CRITICAL 'ansible_navigator.actions.run_playbook._handle_message' Unhandled message from runner queue, discarded: {'event': 'verbose', 'uuid': 'a3d2d53f-6007-4fba-9dab-6989cf2b8ed0', 'counter': 7, 'stdout': '\x1b[33mWARN\x1b[0m[0000] Alternatively, you can enable lingering with: `loginctl enable-linger 1001` (possibly as root) ', 'start_line': 6, 'end_line': 7, 'runner_ident': 'f6770cb3-b53f-4976-9547-a4a7adde49c3', 'created': '2026-08-18T02:48:51.756797+00:00'}
2026-08-18T02:48:51.766852+00:00 CRITICAL 'ansible_navigator.actions.run_playbook._handle_message' Unhandled message from runner queue, discarded: {'event': 'verbose', 'uuid': 'f1b2f85c-e911-48dc-a6d9-6af21d1c68c5', 'counter': 8, 'stdout': '\x1b[33mWARN\x1b[0m[0000] Falling back to --cgroup-manager=cgroupfs    ', 'start_line': 7, 'end_line': 8, 'runner_ident': 'f6770cb3-b53f-4976-9547-a4a7adde49c3', 'created': '2026-08-18T02:48:51.756835+00:00'}
2026-08-18T02:49:31.838079+00:00 CRITICAL 'ansible_navigator.actions.run_playbook._handle_message' Unhandled message from runner queue, discarded: {'event': 'verbose', 'uuid': '3d91c53d-5e03-45e5-8408-c0e6bdb0345b', 'counter': 1, 'stdout': '\x1b[33mWARN\x1b[0m[0000] The cgroupv2 manager is set to systemd but there is no systemd user session available ', 'start_line': 0, 'end_line': 1, 'runner_ident': '620805b7-9175-45fd-a29f-8b149e342d95', 'created': '2026-08-18T02:49:31.832051+00:00'}
2026-08-18T02:49:31.838662+00:00 CRITICAL 'ansible_navigator.actions.run_playbook._handle_message' Unhandled message from runner queue, discarded: {'event': 'verbose', 'uuid': '4280447d-bef7-4b27-b531-a3befbff1b78', 'counter': 2, 'stdout': '\x1b[33mWARN\x1b[0m[0000] For using systemd, you may need to log in using a user session ', 'start_line': 1, 'end_line': 2, 'runner_ident': '620805b7-9175-45fd-a29f-8b149e342d95', 'created': '2026-08-18T02:49:31.832316+00:00'}
2026-08-18T02:49:31.839581+00:00 CRITICAL 'ansible_navigator.actions.run_playbook._handle_message' Unhandled message from runner queue, discarded: {'event': 'verbose', 'uuid': 'e0fce06d-2730-47a8-bcbe-9256cd5945ac', 'counter': 3, 'stdout': '\x1b[33mWARN\x1b[0m[0000] Alternatively, you can enable lingering with: `loginctl enable-linger 1001` (possibly as root) ', 'start_line': 2, 'end_line': 3, 'runner_ident': '620805b7-9175-45fd-a29f-8b149e342d95', 'created': '2026-08-18T02:49:31.832508+00:00'}
2026-08-18T02:49:31.839823+00:00 CRITICAL 'ansible_navigator.actions.run_playbook._handle_message' Unhandled message from runner queue, discarded: {'event': 'verbose', 'uuid': '3967dfe7-7af3-47a3-8712-6c0561a22f5f', 'counter': 4, 'stdout': '\x1b[33mWARN\x1b[0m[0000] Falling back to --cgroup-manager=cgroupfs    ', 'start_line': 3, 'end_line': 4, 'runner_ident': '620805b7-9175-45fd-a29f-8b149e342d95', 'created': '2026-08-18T02:49:31.832637+00:00'}
2026-08-18T02:49:31.904394+00:00 CRITICAL 'ansible_navigator.actions.run_playbook._handle_message' Unhandled message from runner queue, discarded: {'event': 'verbose', 'uuid': 'f9db398c-ccee-4d78-8311-cb824462d17d', 'counter': 5, 'stdout': '\x1b[33mWARN\x1b[0m[0000] The cgroupv2 manager is set to systemd but there is no systemd user session available ', 'start_line': 4, 'end_line': 5, 'runner_ident': '620805b7-9175-45fd-a29f-8b149e342d95', 'created': '2026-08-18T02:49:31.896456+00:00'}
2026-08-18T02:49:31.904801+00:00 CRITICAL 'ansible_navigator.actions.run_playbook._handle_message' Unhandled message from runner queue, discarded: {'event': 'verbose', 'uuid': '79374b5d-8315-42b1-a3ba-39fbfeb0e1e9', 'counter': 6, 'stdout': '\x1b[33mWARN\x1b[0m[0000] For using systemd, you may need to log in using a user session ', 'start_line': 5, 'end_line': 6, 'runner_ident': '620805b7-9175-45fd-a29f-8b149e342d95', 'created': '2026-08-18T02:49:31.896627+00:00'}
2026-08-18T02:49:31.905015+00:00 CRITICAL 'ansible_navigator.actions.run_playbook._handle_message' Unhandled message from runner queue, discarded: {'event': 'verbose', 'uuid': 'ea943f49-365b-46bd-a035-490007ebe3c6', 'counter': 7, 'stdout': '\x1b[33mWARN\x1b[0m[0000] Alternatively, you can enable lingering with: `loginctl enable-linger 1001` (possibly as root) ', 'start_line': 6, 'end_line': 7, 'runner_ident': '620805b7-9175-45fd-a29f-8b149e342d95', 'created': '2026-08-18T02:49:31.896684+00:00'}
2026-08-18T02:49:31.905192+00:00 CRITICAL 'ansible_navigator.actions.run_playbook._handle_message' Unhandled message from runner queue, discarded: {'event': 'verbose', 'uuid': '60603e3d-72f0-4af6-9e2d-58e99c805b96', 'counter': 8, 'stdout': '\x1b[33mWARN\x1b[0m[0000] Falling back to --cgroup-manager=cgroupfs    ', 'start_line': 7, 'end_line': 8, 'runner_ident': '620805b7-9175-45fd-a29f-8b149e342d95', 'created': '2026-08-18T02:49:31.896724+00:00'}
2026-08-18T02:50:17.348379+00:00 CRITICAL 'ansible_navigator.actions.run_playbook._handle_message' Unhandled message from runner queue, discarded: {'event': 'verbose', 'uuid': '41fa0a0c-d075-4d4f-8d64-5bc7eb91c5a6', 'counter': 1, 'stdout': '\x1b[33mWARN\x1b[0m[0000] The cgroupv2 manager is set to systemd but there is no systemd user session available ', 'start_line': 0, 'end_line': 1, 'runner_ident': 'ef87bf9f-5d6d-4a85-9c6a-5f5755351a99', 'created': '2026-08-18T02:50:17.339030+00:00'}
2026-08-18T02:50:17.348850+00:00 CRITICAL 'ansible_navigator.actions.run_playbook._handle_message' Unhandled message from runner queue, discarded: {'event': 'verbose', 'uuid': '01b9bc65-1c73-4d3a-8ca5-3813c35ffefb', 'counter': 2, 'stdout': '\x1b[33mWARN\x1b[0m[0000] For using systemd, you may need to log in using a user session ', 'start_line': 1, 'end_line': 2, 'runner_ident': 'ef87bf9f-5d6d-4a85-9c6a-5f5755351a99', 'created': '2026-08-18T02:50:17.339273+00:00'}
2026-08-18T02:50:17.348994+00:00 CRITICAL 'ansible_navigator.actions.run_playbook._handle_message' Unhandled message from runner queue, discarded: {'event': 'verbose', 'uuid': '4629414a-238c-4a3f-ad20-42823d6d9d0d', 'counter': 3, 'stdout': '\x1b[33mWARN\x1b[0m[0000] Alternatively, you can enable lingering with: `loginctl enable-linger 1001` (possibly as root) ', 'start_line': 2, 'end_line': 3, 'runner_ident': 'ef87bf9f-5d6d-4a85-9c6a-5f5755351a99', 'created': '2026-08-18T02:50:17.339357+00:00'}
2026-08-18T02:50:17.349203+00:00 CRITICAL 'ansible_navigator.actions.run_playbook._handle_message' Unhandled message from runner queue, discarded: {'event': 'verbose', 'uuid': 'bed3bacc-fa88-444a-a4cd-6fc158a0a6e9', 'counter': 4, 'stdout': '\x1b[33mWARN\x1b[0m[0000] Falling back to --cgroup-manager=cgroupfs    ', 'start_line': 3, 'end_line': 4, 'runner_ident': 'ef87bf9f-5d6d-4a85-9c6a-5f5755351a99', 'created': '2026-08-18T02:50:17.339423+00:00'}
2026-08-18T02:50:17.423663+00:00 CRITICAL 'ansible_navigator.actions.run_playbook._handle_message' Unhandled message from runner queue, discarded: {'event': 'verbose', 'uuid': '77ec965f-4def-4c39-9b72-39d0013f5600', 'counter': 5, 'stdout': '\x1b[33mWARN\x1b[0m[0000] The cgroupv2 manager is set to systemd but there is no systemd user session available ', 'start_line': 4, 'end_line': 5, 'runner_ident': 'ef87bf9f-5d6d-4a85-9c6a-5f5755351a99', 'created': '2026-08-18T02:50:17.419952+00:00'}
2026-08-18T02:50:17.423899+00:00 CRITICAL 'ansible_navigator.actions.run_playbook._handle_message' Unhandled message from runner queue, discarded: {'event': 'verbose', 'uuid': '736e8d16-fa74-4107-bc15-c8a29518bccf', 'counter': 6, 'stdout': '\x1b[33mWARN\x1b[0m[0000] For using systemd, you may need to log in using a user session ', 'start_line': 5, 'end_line': 6, 'runner_ident': 'ef87bf9f-5d6d-4a85-9c6a-5f5755351a99', 'created': '2026-08-18T02:50:17.420111+00:00'}
2026-08-18T02:50:17.424026+00:00 CRITICAL 'ansible_navigator.actions.run_playbook._handle_message' Unhandled message from runner queue, discarded: {'event': 'verbose', 'uuid': '60a5a778-cdda-4111-a8fb-5520d1998c1a', 'counter': 7, 'stdout': '\x1b[33mWARN\x1b[0m[0000] Alternatively, you can enable lingering with: `loginctl enable-linger 1001` (possibly as root) ', 'start_line': 6, 'end_line': 7, 'runner_ident': 'ef87bf9f-5d6d-4a85-9c6a-5f5755351a99', 'created': '2026-08-18T02:50:17.420182+00:00'}
2026-08-18T02:50:17.424126+00:00 CRITICAL 'ansible_navigator.actions.run_playbook._handle_message' Unhandled message from runner queue, discarded: {'event': 'verbose', 'uuid': '637dd138-2ddc-4191-ba7c-a1a8a956b3e8', 'counter': 8, 'stdout': '\x1b[33mWARN\x1b[0m[0000] Falling back to --cgroup-manager=cgroupfs    ', 'start_line': 7, 'end_line': 8, 'runner_ident': 'ef87bf9f-5d6d-4a85-9c6a-5f5755351a99', 'created': '2026-08-18T02:50:17.420247+00:00'}
2026-08-18T03:01:27.496144+00:00 WARNING 'ansible_navigator.run' Dirty exit, killing the pid
2026-08-18T03:04:04.447871+00:00 CRITICAL 'ansible_navigator.actions.run_playbook._handle_message' Unhandled message from runner queue, discarded: {'event': 'verbose', 'uuid': '90366afb-a9a3-4f87-989e-eda68bd686cb', 'counter': 1, 'stdout': '\x1b[33mWARN\x1b[0m[0000] The cgroupv2 manager is set to systemd but there is no systemd user session available ', 'start_line': 0, 'end_line': 1, 'runner_ident': '47868da9-04c4-4b29-bf9e-1915dbc5200f', 'created': '2026-08-18T03:04:04.439168+00:00'}
2026-08-18T03:04:04.451478+00:00 CRITICAL 'ansible_navigator.actions.run_playbook._handle_message' Unhandled message from runner queue, discarded: {'event': 'verbose', 'uuid': '27a639db-0d01-4714-b63d-3d3d4595fcba', 'counter': 2, 'stdout': '\x1b[33mWARN\x1b[0m[0000] For using systemd, you may need to log in using a user session ', 'start_line': 1, 'end_line': 2, 'runner_ident': '47868da9-04c4-4b29-bf9e-1915dbc5200f', 'created': '2026-08-18T03:04:04.439597+00:00'}
2026-08-18T03:04:04.451859+00:00 CRITICAL 'ansible_navigator.actions.run_playbook._handle_message' Unhandled message from runner queue, discarded: {'event': 'verbose', 'uuid': 'dee5cd04-3544-4e0f-83f3-9a3ee0c89315', 'counter': 3, 'stdout': '\x1b[33mWARN\x1b[0m[0000] Alternatively, you can enable lingering with: `loginctl enable-linger 1001` (possibly as root) ', 'start_line': 2, 'end_line': 3, 'runner_ident': '47868da9-04c4-4b29-bf9e-1915dbc5200f', 'created': '2026-08-18T03:04:04.439706+00:00'}
2026-08-18T03:04:04.452051+00:00 CRITICAL 'ansible_navigator.actions.run_playbook._handle_message' Unhandled message from runner queue, discarded: {'event': 'verbose', 'uuid': 'a70b87ab-3235-4be2-bc3b-053640c878e3', 'counter': 4, 'stdout': '\x1b[33mWARN\x1b[0m[0000] Falling back to --cgroup-manager=cgroupfs    ', 'start_line': 3, 'end_line': 4, 'runner_ident': '47868da9-04c4-4b29-bf9e-1915dbc5200f', 'created': '2026-08-18T03:04:04.439802+00:00'}
2026-08-18T03:04:04.505157+00:00 CRITICAL 'ansible_navigator.actions.run_playbook._handle_message' Unhandled message from runner queue, discarded: {'event': 'verbose', 'uuid': 'db6e2a01-13b3-4a00-bec8-fc643dc0152a', 'counter': 5, 'stdout': '\x1b[33mWARN\x1b[0m[0000] The cgroupv2 manager is set to systemd but there is no systemd user session available ', 'start_line': 4, 'end_line': 5, 'runner_ident': '47868da9-04c4-4b29-bf9e-1915dbc5200f', 'created': '2026-08-18T03:04:04.503531+00:00'}
2026-08-18T03:04:04.505548+00:00 CRITICAL 'ansible_navigator.actions.run_playbook._handle_message' Unhandled message from runner queue, discarded: {'event': 'verbose', 'uuid': 'eea570c0-5d98-417e-9987-206f54506794', 'counter': 6, 'stdout': '\x1b[33mWARN\x1b[0m[0000] For using systemd, you may need to log in using a user session ', 'start_line': 5, 'end_line': 6, 'runner_ident': '47868da9-04c4-4b29-bf9e-1915dbc5200f', 'created': '2026-08-18T03:04:04.503705+00:00'}
2026-08-18T03:04:04.505723+00:00 CRITICAL 'ansible_navigator.actions.run_playbook._handle_message' Unhandled message from runner queue, discarded: {'event': 'verbose', 'uuid': '0608da15-16a7-49f4-ae5c-79b2b1dc5162', 'counter': 7, 'stdout': '\x1b[33mWARN\x1b[0m[0000] Alternatively, you can enable lingering with: `loginctl enable-linger 1001` (possibly as root) ', 'start_line': 6, 'end_line': 7, 'runner_ident': '47868da9-04c4-4b29-bf9e-1915dbc5200f', 'created': '2026-08-18T03:04:04.503779+00:00'}
2026-08-18T03:04:04.505869+00:00 CRITICAL 'ansible_navigator.actions.run_playbook._handle_message' Unhandled message from runner queue, discarded: {'event': 'verbose', 'uuid': 'f4ef1d6d-990f-41a1-ad2e-d2d229fa2693', 'counter': 8, 'stdout': '\x1b[33mWARN\x1b[0m[0000] Falling back to --cgroup-manager=cgroupfs    ', 'start_line': 7, 'end_line': 8, 'runner_ident': '47868da9-04c4-4b29-bf9e-1915dbc5200f', 'created': '2026-08-18T03:04:04.503852+00:00'}
2026-08-18T03:18:31.071800+00:00 CRITICAL 'ansible_navigator.actions.run_7faa._handle_message' Unhandled message from runner queue, discarded: {'event': 'verbose', 'uuid': '4cc3d7b9-11f2-40f3-b8d3-1d6e0136c68c', 'counter': 1, 'stdout': '\x1b[33mWARN\x1b[0m[0000] The cgroupv2 manager is set to systemd but there is no systemd user session available ', 'start_line': 0, 'end_line': 1, 'runner_ident': 'bd05b194-de97-405b-997b-7140c4062b9c', 'created': '2026-08-18T03:18:31.067764+00:00'}
2026-08-18T03:18:31.082583+00:00 CRITICAL 'ansible_navigator.actions.run_7faa._handle_message' Unhandled message from runner queue, discarded: {'event': 'verbose', 'uuid': '40df9402-369d-499b-8382-f355fe420db2', 'counter': 2, 'stdout': '\x1b[33mWARN\x1b[0m[0000] For using systemd, you may need to log in using a user session ', 'start_line': 1, 'end_line': 2, 'runner_ident': 'bd05b194-de97-405b-997b-7140c4062b9c', 'created': '2026-08-18T03:18:31.069617+00:00'}
2026-08-18T03:18:31.082675+00:00 CRITICAL 'ansible_navigator.actions.run_7faa._handle_message' Unhandled message from runner queue, discarded: {'event': 'verbose', 'uuid': '0afbf946-d5f5-45a5-b4af-00a9e34578db', 'counter': 3, 'stdout': '\x1b[33mWARN\x1b[0m[0000] Alternatively, you can enable lingering with: `loginctl enable-linger 1001` (possibly as root) ', 'start_line': 2, 'end_line': 3, 'runner_ident': 'bd05b194-de97-405b-997b-7140c4062b9c', 'created': '2026-08-18T03:18:31.081140+00:00'}
2026-08-18T03:18:31.082737+00:00 CRITICAL 'ansible_navigator.actions.run_7faa._handle_message' Unhandled message from runner queue, discarded: {'event': 'verbose', 'uuid': 'dd21c4fd-3c9a-478a-8192-ded6714d42f9', 'counter': 4, 'stdout': '\x1b[33mWARN\x1b[0m[0000] Falling back to --cgroup-manager=cgroupfs    ', 'start_line': 3, 'end_line': 4, 'runner_ident': 'bd05b194-de97-405b-997b-7140c4062b9c', 'created': '2026-08-18T03:18:31.082069+00:00'}
2026-08-18T03:18:31.190102+00:00 CRITICAL 'ansible_navigator.actions.run_7faa._handle_message' Unhandled message from runner queue, discarded: {'event': 'verbose', 'uuid': '2fabb7ab-2a0f-43aa-a4a1-e772c3194db6', 'counter': 5, 'stdout': '\x1b[33mWARN\x1b[0m[0000] The cgroupv2 manager is set to systemd but there is no systemd user session available ', 'start_line': 4, 'end_line': 5, 'runner_ident': 'bd05b194-de97-405b-997b-7140c4062b9c', 'created': '2026-08-18T03:18:31.162608+00:00'}
2026-08-18T03:18:31.190312+00:00 CRITICAL 'ansible_navigator.actions.run_7faa._handle_message' Unhandled message from runner queue, discarded: {'event': 'verbose', 'uuid': 'abfe306d-8825-4dcf-95cf-18440a0ecd58', 'counter': 6, 'stdout': '\x1b[33mWARN\x1b[0m[0000] For using systemd, you may need to log in using a user session ', 'start_line': 5, 'end_line': 6, 'runner_ident': 'bd05b194-de97-405b-997b-7140c4062b9c', 'created': '2026-08-18T03:18:31.162769+00:00'}
2026-08-18T03:18:31.190392+00:00 CRITICAL 'ansible_navigator.actions.run_7faa._handle_message' Unhandled message from runner queue, discarded: {'event': 'verbose', 'uuid': 'd212fca5-be83-43a4-a9dd-0c0663f7c2f1', 'counter': 7, 'stdout': '\x1b[33mWARN\x1b[0m[0000] Alternatively, you can enable lingering with: `loginctl enable-linger 1001` (possibly as root) ', 'start_line': 6, 'end_line': 7, 'runner_ident': 'bd05b194-de97-405b-997b-7140c4062b9c', 'created': '2026-08-18T03:18:31.162855+00:00'}
2026-08-18T03:18:31.190456+00:00 CRITICAL 'ansible_navigator.actions.run_7faa._handle_message' Unhandled message from runner queue, discarded: {'event': 'verbose', 'uuid': 'e0b47c78-538d-4458-99f7-b7a160b801f7', 'counter': 8, 'stdout': '\x1b[33mWARN\x1b[0m[0000] Falling back to --cgroup-manager=cgroupfs    ', 'start_line': 7, 'end_line': 8, 'runner_ident': 'bd05b194-de97-405b-997b-7140c4062b9c', 'created': '2026-08-18T03:18:31.162952+00:00'}
2026-08-18T03:18:32.574640+00:00 ERROR 'ansible_navigator.actions.run_7faa.run' Can not step back while playbook in progress, :q! to exit
2026-08-18T03:18:32.883638+00:00 CRITICAL 'ansible_navigator.actions.run_7faa._handle_message' Unhandled message from runner queue, discarded: {'event': 'verbose', 'uuid': '54b951ad-498d-44af-be1f-a3cd0544ec7b', 'counter': 9, 'stdout': '\x1b[0;31mERROR! the playbook: 0m could not be found\x1b[0m', 'start_line': 8, 'end_line': 9, 'runner_ident': 'bd05b194-de97-405b-997b-7140c4062b9c', 'created': '2026-08-18T03:18:32.878305+00:00'}
2026-08-18T03:18:33.349088+00:00 WARNING 'ansible_navigator.run' Dirty exit, killing the pid
2026-08-18T03:18:37.655627+00:00 CRITICAL 'ansible_navigator.actions.run_playbook._handle_message' Unhandled message from runner queue, discarded: {'event': 'verbose', 'uuid': 'b9a3f805-6c1a-4c64-ac1e-60893606d3ff', 'counter': 1, 'stdout': '\x1b[33mWARN\x1b[0m[0000] The cgroupv2 manager is set to systemd but there is no systemd user session available ', 'start_line': 0, 'end_line': 1, 'runner_ident': '6d34479a-2683-4586-bca6-ff20757c59f2', 'created': '2026-08-18T03:18:37.653159+00:00'}
2026-08-18T03:18:37.656268+00:00 CRITICAL 'ansible_navigator.actions.run_playbook._handle_message' Unhandled message from runner queue, discarded: {'event': 'verbose', 'uuid': '67e8d415-32dd-4b08-90d9-56dfa0bd655d', 'counter': 2, 'stdout': '\x1b[33mWARN\x1b[0m[0000] For using systemd, you may need to log in using a user session ', 'start_line': 1, 'end_line': 2, 'runner_ident': '6d34479a-2683-4586-bca6-ff20757c59f2', 'created': '2026-08-18T03:18:37.653319+00:00'}
2026-08-18T03:18:37.656711+00:00 CRITICAL 'ansible_navigator.actions.run_playbook._handle_message' Unhandled message from runner queue, discarded: {'event': 'verbose', 'uuid': '1436e7be-e2cb-4755-875b-45944e1317f1', 'counter': 3, 'stdout': '\x1b[33mWARN\x1b[0m[0000] Alternatively, you can enable lingering with: `loginctl enable-linger 1001` (possibly as root) ', 'start_line': 2, 'end_line': 3, 'runner_ident': '6d34479a-2683-4586-bca6-ff20757c59f2', 'created': '2026-08-18T03:18:37.653364+00:00'}
2026-08-18T03:18:37.656904+00:00 CRITICAL 'ansible_navigator.actions.run_playbook._handle_message' Unhandled message from runner queue, discarded: {'event': 'verbose', 'uuid': 'bb5ecd44-b2a0-4d7c-a184-13653d4e3f00', 'counter': 4, 'stdout': '\x1b[33mWARN\x1b[0m[0000] Falling back to --cgroup-manager=cgroupfs    ', 'start_line': 3, 'end_line': 4, 'runner_ident': '6d34479a-2683-4586-bca6-ff20757c59f2', 'created': '2026-08-18T03:18:37.653414+00:00'}
2026-08-18T03:18:37.734050+00:00 CRITICAL 'ansible_navigator.actions.run_playbook._handle_message' Unhandled message from runner queue, discarded: {'event': 'verbose', 'uuid': '4ff20d39-903a-4694-b63c-1717f7e886e1', 'counter': 5, 'stdout': '\x1b[33mWARN\x1b[0m[0000] The cgroupv2 manager is set to systemd but there is no systemd user session available ', 'start_line': 4, 'end_line': 5, 'runner_ident': '6d34479a-2683-4586-bca6-ff20757c59f2', 'created': '2026-08-18T03:18:37.727465+00:00'}
2026-08-18T03:18:37.734326+00:00 CRITICAL 'ansible_navigator.actions.run_playbook._handle_message' Unhandled message from runner queue, discarded: {'event': 'verbose', 'uuid': '2035928e-6c49-441b-b183-04d9e8473ff9', 'counter': 6, 'stdout': '\x1b[33mWARN\x1b[0m[0000] For using systemd, you may need to log in using a user session ', 'start_line': 5, 'end_line': 6, 'runner_ident': '6d34479a-2683-4586-bca6-ff20757c59f2', 'created': '2026-08-18T03:18:37.727626+00:00'}
2026-08-18T03:18:37.734730+00:00 CRITICAL 'ansible_navigator.actions.run_playbook._handle_message' Unhandled message from runner queue, discarded: {'event': 'verbose', 'uuid': '724bf817-635e-4261-a727-dcd5ef2ea570', 'counter': 7, 'stdout': '\x1b[33mWARN\x1b[0m[0000] Alternatively, you can enable lingering with: `loginctl enable-linger 1001` (possibly as root) ', 'start_line': 6, 'end_line': 7, 'runner_ident': '6d34479a-2683-4586-bca6-ff20757c59f2', 'created': '2026-08-18T03:18:37.727697+00:00'}
2026-08-18T03:18:37.735575+00:00 CRITICAL 'ansible_navigator.actions.run_playbook._handle_message' Unhandled message from runner queue, discarded: {'event': 'verbose', 'uuid': '93b415de-f3c6-4510-a9de-16f8b696c78c', 'counter': 8, 'stdout': '\x1b[33mWARN\x1b[0m[0000] Falling back to --cgroup-manager=cgroupfs    ', 'start_line': 7, 'end_line': 8, 'runner_ident': '6d34479a-2683-4586-bca6-ff20757c59f2', 'created': '2026-08-18T03:18:37.727769+00:00'}
2026-08-18T03:20:33.694942+00:00 CRITICAL 'ansible_navigator.actions.run_playbook._handle_message' Unhandled message from runner queue, discarded: {'event': 'verbose', 'uuid': '0c56f267-a943-429d-9e28-9fadba109182', 'counter': 1, 'stdout': '\x1b[33mWARN\x1b[0m[0000] The cgroupv2 manager is set to systemd but there is no systemd user session available ', 'start_line': 0, 'end_line': 1, 'runner_ident': '3a955cae-3935-434c-8e05-177d2cd6a6f0', 'created': '2026-08-18T03:20:33.692970+00:00'}
2026-08-18T03:20:33.695612+00:00 CRITICAL 'ansible_navigator.actions.run_playbook._handle_message' Unhandled message from runner queue, discarded: {'event': 'verbose', 'uuid': '8c67a7da-e7e9-4e0a-b1e3-a2c8934f2a0f', 'counter': 2, 'stdout': '\x1b[33mWARN\x1b[0m[0000] For using systemd, you may need to log in using a user session ', 'start_line': 1, 'end_line': 2, 'runner_ident': '3a955cae-3935-434c-8e05-177d2cd6a6f0', 'created': '2026-08-18T03:20:33.693141+00:00'}
2026-08-18T03:20:33.695758+00:00 CRITICAL 'ansible_navigator.actions.run_playbook._handle_message' Unhandled message from runner queue, discarded: {'event': 'verbose', 'uuid': 'a545af0a-226d-4874-a3a2-38f56e0b0955', 'counter': 3, 'stdout': '\x1b[33mWARN\x1b[0m[0000] Alternatively, you can enable lingering with: `loginctl enable-linger 1001` (possibly as root) ', 'start_line': 2, 'end_line': 3, 'runner_ident': '3a955cae-3935-434c-8e05-177d2cd6a6f0', 'created': '2026-08-18T03:20:33.693187+00:00'}
2026-08-18T03:20:33.695858+00:00 CRITICAL 'ansible_navigator.actions.run_playbook._handle_message' Unhandled message from runner queue, discarded: {'event': 'verbose', 'uuid': '22345a33-143d-485f-ae97-9680f154d477', 'counter': 4, 'stdout': '\x1b[33mWARN\x1b[0m[0000] Falling back to --cgroup-manager=cgroupfs    ', 'start_line': 3, 'end_line': 4, 'runner_ident': '3a955cae-3935-434c-8e05-177d2cd6a6f0', 'created': '2026-08-18T03:20:33.693230+00:00'}
2026-08-18T03:20:33.775844+00:00 CRITICAL 'ansible_navigator.actions.run_playbook._handle_message' Unhandled message from runner queue, discarded: {'event': 'verbose', 'uuid': 'd80956cf-bdcc-4120-b4ae-c9eab457d9e2', 'counter': 5, 'stdout': '\x1b[33mWARN\x1b[0m[0000] The cgroupv2 manager is set to systemd but there is no systemd user session available ', 'start_line': 4, 'end_line': 5, 'runner_ident': '3a955cae-3935-434c-8e05-177d2cd6a6f0', 'created': '2026-08-18T03:20:33.770057+00:00'}
2026-08-18T03:20:33.776078+00:00 CRITICAL 'ansible_navigator.actions.run_playbook._handle_message' Unhandled message from runner queue, discarded: {'event': 'verbose', 'uuid': '42916453-3aff-4222-8642-08f7b3923269', 'counter': 6, 'stdout': '\x1b[33mWARN\x1b[0m[0000] For using systemd, you may need to log in using a user session ', 'start_line': 5, 'end_line': 6, 'runner_ident': '3a955cae-3935-434c-8e05-177d2cd6a6f0', 'created': '2026-08-18T03:20:33.770827+00:00'}
2026-08-18T03:20:33.776180+00:00 CRITICAL 'ansible_navigator.actions.run_playbook._handle_message' Unhandled message from runner queue, discarded: {'event': 'verbose', 'uuid': 'eecc20e5-2d21-4ca8-83cb-2723d98ac062', 'counter': 7, 'stdout': '\x1b[33mWARN\x1b[0m[0000] Alternatively, you can enable lingering with: `loginctl enable-linger 1001` (possibly as root) ', 'start_line': 6, 'end_line': 7, 'runner_ident': '3a955cae-3935-434c-8e05-177d2cd6a6f0', 'created': '2026-08-18T03:20:33.770948+00:00'}
2026-08-18T03:20:33.776274+00:00 CRITICAL 'ansible_navigator.actions.run_playbook._handle_message' Unhandled message from runner queue, discarded: {'event': 'verbose', 'uuid': '155c7db8-69bc-4ed3-ad0b-e81af6f39b70', 'counter': 8, 'stdout': '\x1b[33mWARN\x1b[0m[0000] Falling back to --cgroup-manager=cgroupfs    ', 'start_line': 7, 'end_line': 8, 'runner_ident': '3a955cae-3935-434c-8e05-177d2cd6a6f0', 'created': '2026-08-18T03:20:33.771026+00:00'}
2026-08-18T03:23:40.563950+00:00 CRITICAL 'ansible_navigator.actions.run_playbook._handle_message' Unhandled message from runner queue, discarded: {'event': 'verbose', 'uuid': '2e969088-fc0b-4876-a04c-4a7aeee74b6b', 'counter': 1, 'stdout': '\x1b[33mWARN\x1b[0m[0000] The cgroupv2 manager is set to systemd but there is no systemd user session available ', 'start_line': 0, 'end_line': 1, 'runner_ident': '751340b8-9ede-47a7-9cc9-f92c98ffbb6d', 'created': '2026-08-18T03:23:40.560172+00:00'}
2026-08-18T03:23:40.564947+00:00 CRITICAL 'ansible_navigator.actions.run_playbook._handle_message' Unhandled message from runner queue, discarded: {'event': 'verbose', 'uuid': '2e5739d7-fc77-437f-8df6-0372e8332711', 'counter': 2, 'stdout': '\x1b[33mWARN\x1b[0m[0000] For using systemd, you may need to log in using a user session ', 'start_line': 1, 'end_line': 2, 'runner_ident': '751340b8-9ede-47a7-9cc9-f92c98ffbb6d', 'created': '2026-08-18T03:23:40.560367+00:00'}
2026-08-18T03:23:40.565209+00:00 CRITICAL 'ansible_navigator.actions.run_playbook._handle_message' Unhandled message from runner queue, discarded: {'event': 'verbose', 'uuid': '0337d42d-ccad-4ad7-ac99-9e6d5600f06f', 'counter': 3, 'stdout': '\x1b[33mWARN\x1b[0m[0000] Alternatively, you can enable lingering with: `loginctl enable-linger 1001` (possibly as root) ', 'start_line': 2, 'end_line': 3, 'runner_ident': '751340b8-9ede-47a7-9cc9-f92c98ffbb6d', 'created': '2026-08-18T03:23:40.560428+00:00'}
2026-08-18T03:23:40.565335+00:00 CRITICAL 'ansible_navigator.actions.run_playbook._handle_message' Unhandled message from runner queue, discarded: {'event': 'verbose', 'uuid': '23596105-c178-459d-beda-76e5bf673d3f', 'counter': 4, 'stdout': '\x1b[33mWARN\x1b[0m[0000] Falling back to --cgroup-manager=cgroupfs    ', 'start_line': 3, 'end_line': 4, 'runner_ident': '751340b8-9ede-47a7-9cc9-f92c98ffbb6d', 'created': '2026-08-18T03:23:40.560487+00:00'}
2026-08-18T03:23:40.631337+00:00 CRITICAL 'ansible_navigator.actions.run_playbook._handle_message' Unhandled message from runner queue, discarded: {'event': 'verbose', 'uuid': 'e7e7a9e8-62b7-4492-87a3-88c9c883e5a4', 'counter': 5, 'stdout': '\x1b[33mWARN\x1b[0m[0000] The cgroupv2 manager is set to systemd but there is no systemd user session available ', 'start_line': 4, 'end_line': 5, 'runner_ident': '751340b8-9ede-47a7-9cc9-f92c98ffbb6d', 'created': '2026-08-18T03:23:40.623104+00:00'}
2026-08-18T03:23:40.631668+00:00 CRITICAL 'ansible_navigator.actions.run_playbook._handle_message' Unhandled message from runner queue, discarded: {'event': 'verbose', 'uuid': '6b641dd5-68bf-4c2b-b247-baf65849559e', 'counter': 6, 'stdout': '\x1b[33mWARN\x1b[0m[0000] For using systemd, you may need to log in using a user session ', 'start_line': 5, 'end_line': 6, 'runner_ident': '751340b8-9ede-47a7-9cc9-f92c98ffbb6d', 'created': '2026-08-18T03:23:40.623257+00:00'}
2026-08-18T03:23:40.631784+00:00 CRITICAL 'ansible_navigator.actions.run_playbook._handle_message' Unhandled message from runner queue, discarded: {'event': 'verbose', 'uuid': '5eecb99f-fd2e-4480-b353-639efb827630', 'counter': 7, 'stdout': '\x1b[33mWARN\x1b[0m[0000] Alternatively, you can enable lingering with: `loginctl enable-linger 1001` (possibly as root) ', 'start_line': 6, 'end_line': 7, 'runner_ident': '751340b8-9ede-47a7-9cc9-f92c98ffbb6d', 'created': '2026-08-18T03:23:40.623323+00:00'}
2026-08-18T03:23:40.631858+00:00 CRITICAL 'ansible_navigator.actions.run_playbook._handle_message' Unhandled message from runner queue, discarded: {'event': 'verbose', 'uuid': 'a074c74e-d770-4c83-a147-adbc503de3c3', 'counter': 8, 'stdout': '\x1b[33mWARN\x1b[0m[0000] Falling back to --cgroup-manager=cgroupfs    ', 'start_line': 7, 'end_line': 8, 'runner_ident': '751340b8-9ede-47a7-9cc9-f92c98ffbb6d', 'created': '2026-08-18T03:23:40.623397+00:00'}
2026-08-18T03:24:48.063345+00:00 CRITICAL 'ansible_navigator.actions.run_playbook._handle_message' Unhandled message from runner queue, discarded: {'event': 'verbose', 'uuid': 'be90ea89-e3a0-4806-9399-d539caedc827', 'counter': 1, 'stdout': '\x1b[33mWARN\x1b[0m[0000] The cgroupv2 manager is set to systemd but there is no systemd user session available ', 'start_line': 0, 'end_line': 1, 'runner_ident': '054468ee-2c3e-4f3d-a7d3-4ce67b58320b', 'created': '2026-08-18T03:24:48.056012+00:00'}
2026-08-18T03:24:48.064773+00:00 CRITICAL 'ansible_navigator.actions.run_playbook._handle_message' Unhandled message from runner queue, discarded: {'event': 'verbose', 'uuid': '9c3ffdd2-d391-4cd7-9960-cc17dc90a5f9', 'counter': 2, 'stdout': '\x1b[33mWARN\x1b[0m[0000] For using systemd, you may need to log in using a user session ', 'start_line': 1, 'end_line': 2, 'runner_ident': '054468ee-2c3e-4f3d-a7d3-4ce67b58320b', 'created': '2026-08-18T03:24:48.056218+00:00'}
2026-08-18T03:24:48.065031+00:00 CRITICAL 'ansible_navigator.actions.run_playbook._handle_message' Unhandled message from runner queue, discarded: {'event': 'verbose', 'uuid': 'f60049bb-5ede-4c43-9298-ab6889f74fa1', 'counter': 3, 'stdout': '\x1b[33mWARN\x1b[0m[0000] Alternatively, you can enable lingering with: `loginctl enable-linger 1001` (possibly as root) ', 'start_line': 2, 'end_line': 3, 'runner_ident': '054468ee-2c3e-4f3d-a7d3-4ce67b58320b', 'created': '2026-08-18T03:24:48.056295+00:00'}
2026-08-18T03:24:48.065209+00:00 CRITICAL 'ansible_navigator.actions.run_playbook._handle_message' Unhandled message from runner queue, discarded: {'event': 'verbose', 'uuid': '3d902c68-ad61-48e9-a783-59d0466e5d7b', 'counter': 4, 'stdout': '\x1b[33mWARN\x1b[0m[0000] Falling back to --cgroup-manager=cgroupfs    ', 'start_line': 3, 'end_line': 4, 'runner_ident': '054468ee-2c3e-4f3d-a7d3-4ce67b58320b', 'created': '2026-08-18T03:24:48.056358+00:00'}
2026-08-18T03:24:48.168509+00:00 CRITICAL 'ansible_navigator.actions.run_playbook._handle_message' Unhandled message from runner queue, discarded: {'event': 'verbose', 'uuid': 'f7f0ad5d-a8a8-4494-87ff-fd4ddbe41d9e', 'counter': 5, 'stdout': '\x1b[33mWARN\x1b[0m[0000] The cgroupv2 manager is set to systemd but there is no systemd user session available ', 'start_line': 4, 'end_line': 5, 'runner_ident': '054468ee-2c3e-4f3d-a7d3-4ce67b58320b', 'created': '2026-08-18T03:24:48.151743+00:00'}
2026-08-18T03:24:48.170485+00:00 CRITICAL 'ansible_navigator.actions.run_playbook._handle_message' Unhandled message from runner queue, discarded: {'event': 'verbose', 'uuid': '5f9d5aae-4ced-4f35-bdb6-81e4dd63381b', 'counter': 6, 'stdout': '\x1b[33mWARN\x1b[0m[0000] For using systemd, you may need to log in using a user session ', 'start_line': 5, 'end_line': 6, 'runner_ident': '054468ee-2c3e-4f3d-a7d3-4ce67b58320b', 'created': '2026-08-18T03:24:48.151984+00:00'}
2026-08-18T03:24:48.170909+00:00 CRITICAL 'ansible_navigator.actions.run_playbook._handle_message' Unhandled message from runner queue, discarded: {'event': 'verbose', 'uuid': '4fb79b72-2b50-46dd-b054-5f2323646622', 'counter': 7, 'stdout': '\x1b[33mWARN\x1b[0m[0000] Alternatively, you can enable lingering with: `loginctl enable-linger 1001` (possibly as root) ', 'start_line': 6, 'end_line': 7, 'runner_ident': '054468ee-2c3e-4f3d-a7d3-4ce67b58320b', 'created': '2026-08-18T03:24:48.169484+00:00'}
2026-08-18T03:24:48.171030+00:00 CRITICAL 'ansible_navigator.actions.run_playbook._handle_message' Unhandled message from runner queue, discarded: {'event': 'verbose', 'uuid': '3104b0ab-3b88-4b54-86a8-35e4e46c3cec', 'counter': 8, 'stdout': '\x1b[33mWARN\x1b[0m[0000] Falling back to --cgroup-manager=cgroupfs    ', 'start_line': 7, 'end_line': 8, 'runner_ident': '054468ee-2c3e-4f3d-a7d3-4ce67b58320b', 'created': '2026-08-18T03:24:48.169781+00:00'}
2026-08-18T05:12:22.582908+00:00 CRITICAL 'ansible_navigator.actions.run_playbook._handle_message' Unhandled message from runner queue, discarded: {'event': 'verbose', 'uuid': 'e66dd706-fafd-4617-b822-f99a30e856b7', 'counter': 1, 'stdout': '\x1b[33mWARN\x1b[0m[0000] The cgroupv2 manager is set to systemd but there is no systemd user session available ', 'start_line': 0, 'end_line': 1, 'runner_ident': 'd15609d5-2b57-4c8b-8c7b-4d750abf127e', 'created': '2026-08-18T05:12:22.579270+00:00'}
2026-08-18T05:12:22.583899+00:00 CRITICAL 'ansible_navigator.actions.run_playbook._handle_message' Unhandled message from runner queue, discarded: {'event': 'verbose', 'uuid': '22136523-48a6-4a06-a2ea-4fcd41276b7b', 'counter': 2, 'stdout': '\x1b[33mWARN\x1b[0m[0000] For using systemd, you may need to log in using a user session ', 'start_line': 1, 'end_line': 2, 'runner_ident': 'd15609d5-2b57-4c8b-8c7b-4d750abf127e', 'created': '2026-08-18T05:12:22.579941+00:00'}
2026-08-18T05:12:22.584141+00:00 CRITICAL 'ansible_navigator.actions.run_playbook._handle_message' Unhandled message from runner queue, discarded: {'event': 'verbose', 'uuid': 'd4475f69-6071-4a6d-8aaa-d0fc7f71a51c', 'counter': 3, 'stdout': '\x1b[33mWARN\x1b[0m[0000] Alternatively, you can enable lingering with: `loginctl enable-linger 1001` (possibly as root) ', 'start_line': 2, 'end_line': 3, 'runner_ident': 'd15609d5-2b57-4c8b-8c7b-4d750abf127e', 'created': '2026-08-18T05:12:22.580057+00:00'}
2026-08-18T05:12:22.584381+00:00 CRITICAL 'ansible_navigator.actions.run_playbook._handle_message' Unhandled message from runner queue, discarded: {'event': 'verbose', 'uuid': '212347f1-5ccd-4b49-860e-4ff3701bc256', 'counter': 4, 'stdout': '\x1b[33mWARN\x1b[0m[0000] Falling back to --cgroup-manager=cgroupfs    ', 'start_line': 3, 'end_line': 4, 'runner_ident': 'd15609d5-2b57-4c8b-8c7b-4d750abf127e', 'created': '2026-08-18T05:12:22.580154+00:00'}
2026-08-18T05:12:22.659048+00:00 CRITICAL 'ansible_navigator.actions.run_playbook._handle_message' Unhandled message from runner queue, discarded: {'event': 'verbose', 'uuid': '1511b52c-a776-44c8-b39f-5bfcfac1a7cc', 'counter': 5, 'stdout': '\x1b[33mWARN\x1b[0m[0000] The cgroupv2 manager is set to systemd but there is no systemd user session available ', 'start_line': 4, 'end_line': 5, 'runner_ident': 'd15609d5-2b57-4c8b-8c7b-4d750abf127e', 'created': '2026-08-18T05:12:22.654868+00:00'}
2026-08-18T05:12:22.659368+00:00 CRITICAL 'ansible_navigator.actions.run_playbook._handle_message' Unhandled message from runner queue, discarded: {'event': 'verbose', 'uuid': '597ab491-f5ef-4999-bafe-e0e486179c8e', 'counter': 6, 'stdout': '\x1b[33mWARN\x1b[0m[0000] For using systemd, you may need to log in using a user session ', 'start_line': 5, 'end_line': 6, 'runner_ident': 'd15609d5-2b57-4c8b-8c7b-4d750abf127e', 'created': '2026-08-18T05:12:22.655099+00:00'}
2026-08-18T05:12:22.659523+00:00 CRITICAL 'ansible_navigator.actions.run_playbook._handle_message' Unhandled message from runner queue, discarded: {'event': 'verbose', 'uuid': 'dafad909-a530-400d-93f2-3d47133bb26c', 'counter': 7, 'stdout': '\x1b[33mWARN\x1b[0m[0000] Alternatively, you can enable lingering with: `loginctl enable-linger 1001` (possibly as root) ', 'start_line': 6, 'end_line': 7, 'runner_ident': 'd15609d5-2b57-4c8b-8c7b-4d750abf127e', 'created': '2026-08-18T05:12:22.655192+00:00'}
2026-08-18T05:12:22.659682+00:00 CRITICAL 'ansible_navigator.actions.run_playbook._handle_message' Unhandled message from runner queue, discarded: {'event': 'verbose', 'uuid': 'a22c0fd2-c303-497d-9ede-88dc6a800360', 'counter': 8, 'stdout': '\x1b[33mWARN\x1b[0m[0000] Falling back to --cgroup-manager=cgroupfs    ', 'start_line': 7, 'end_line': 8, 'runner_ident': 'd15609d5-2b57-4c8b-8c7b-4d750abf127e', 'created': '2026-08-18T05:12:22.655275+00:00'}
2026-08-18T05:12:29.448628+00:00 CRITICAL 'ansible_navigator.actions.run_playbook._handle_message' Unhandled message from runner queue, discarded: {'event': 'verbose', 'uuid': '9cecab7f-dbe6-4b2a-87f4-804e91d9f481', 'counter': 19, 'stdout': '\x1b[1;35m[WARNING]: Updating cache and auto-installing missing dependency: python3-apt\x1b[0m', 'start_line': 18, 'end_line': 19, 'runner_ident': 'd15609d5-2b57-4c8b-8c7b-4d750abf127e', 'created': '2026-08-18T05:12:29.445235+00:00'}
2026-08-18T06:34:31.005152+00:00 INFO 'ansible_navigator.setup_logger' New ansible-navigator instance, logging initialized
2026-08-18T06:34:31.005415+00:00 INFO 'ansible_navigator.setup_logger' New ansible-runner instance, logging initialized
2026-08-18T06:34:31.005450+00:00 DEBUG 'ansible_navigator.main' Jinja2==3.1.6 
2026-08-18T06:34:31.005470+00:00 DEBUG 'ansible_navigator.main' MarkupSafe==3.0.3 
2026-08-18T06:34:31.005487+00:00 DEBUG 'ansible_navigator.main' Parsley==1.3 
2026-08-18T06:34:31.005505+00:00 DEBUG 'ansible_navigator.main' PySocks==1.7.1 
2026-08-18T06:34:31.005521+00:00 DEBUG 'ansible_navigator.main' PyYAML==5.4.1 
2026-08-18T06:34:31.005537+00:00 DEBUG 'ansible_navigator.main' Pygments==2.21.0 
2026-08-18T06:34:31.005554+00:00 DEBUG 'ansible_navigator.main' ansible-builder==3.1.1 
2026-08-18T06:34:31.005570+00:00 DEBUG 'ansible_navigator.main' ansible-compat==24.10.0 
2026-08-18T06:34:31.005586+00:00 DEBUG 'ansible_navigator.main' ansible-core==2.14.18 
2026-08-18T06:34:31.005602+00:00 DEBUG 'ansible_navigator.main' ansible-lint==6.22.2 
2026-08-18T06:34:31.005618+00:00 DEBUG 'ansible_navigator.main' ansible-navigator==24.2.0 
2026-08-18T06:34:31.005634+00:00 DEBUG 'ansible_navigator.main' ansible-runner==2.4.3 
2026-08-18T06:34:31.005650+00:00 DEBUG 'ansible_navigator.main' argcomplete==1.12.0 /usr/lib/python3.9/site-packages/argcomplete/__init__.py
2026-08-18T06:34:31.005666+00:00 DEBUG 'ansible_navigator.main' attrs==26.1.0 /home/devops/.local/lib/python3.9/site-packages/attrs/__init__.py
2026-08-18T06:34:31.005682+00:00 DEBUG 'ansible_navigator.main' bindep==2.14.0 /home/devops/.local/lib/python3.9/site-packages/bindep/__init__.py
2026-08-18T06:34:31.005708+00:00 DEBUG 'ansible_navigator.main' black==25.11.0 /home/devops/.local/lib/python3.9/site-packages/black/__init__.cpython-39-x86_64-linux-gnu.so
2026-08-18T06:34:31.005726+00:00 DEBUG 'ansible_navigator.main' bracex==2.6 /home/devops/.local/lib/python3.9/site-packages/bracex/__init__.py
2026-08-18T06:34:31.005742+00:00 DEBUG 'ansible_navigator.main' cffi==1.14.5 /usr/lib64/python3.9/site-packages/cffi/__init__.py
2026-08-18T06:34:31.005758+00:00 DEBUG 'ansible_navigator.main' chardet==4.0.0 /usr/lib/python3.9/site-packages/chardet/__init__.py
2026-08-18T06:34:31.005774+00:00 DEBUG 'ansible_navigator.main' click==8.1.8 /home/devops/.local/lib/python3.9/site-packages/click/__init__.py
2026-08-18T06:34:31.005790+00:00 DEBUG 'ansible_navigator.main' cockpit==356.2 /usr/lib/python3.9/site-packages/cockpit/__init__.py
2026-08-18T06:34:31.005805+00:00 DEBUG 'ansible_navigator.main' cryptography==36.0.1 /usr/lib64/python3.9/site-packages/cryptography/__init__.py
2026-08-18T06:34:31.005821+00:00 DEBUG 'ansible_navigator.main' dasbus==1.7 /usr/lib/python3.9/site-packages/dasbus/__init__.py
2026-08-18T06:34:31.005837+00:00 DEBUG 'ansible_navigator.main' dbus-python==1.2.18 
2026-08-18T06:34:31.005853+00:00 DEBUG 'ansible_navigator.main' decorator==4.4.2 /usr/lib/python3.9/site-packages/decorator.py
2026-08-18T06:34:31.005868+00:00 DEBUG 'ansible_navigator.main' distro==1.9.0 /home/devops/.local/lib/python3.9/site-packages/distro/__init__.py
2026-08-18T06:34:31.005884+00:00 DEBUG 'ansible_navigator.main' file-magic==0.4.0 
2026-08-18T06:34:31.005900+00:00 DEBUG 'ansible_navigator.main' filelock==3.19.1 /home/devops/.local/lib/python3.9/site-packages/filelock/__init__.py
2026-08-18T06:34:31.005916+00:00 DEBUG 'ansible_navigator.main' idna==2.10 /usr/lib/python3.9/site-packages/idna/__init__.py
2026-08-18T06:34:31.005932+00:00 DEBUG 'ansible_navigator.main' importlib-metadata==6.2.1 
2026-08-18T06:34:31.005947+00:00 DEBUG 'ansible_navigator.main' iniparse==0.4 /usr/lib/python3.9/site-packages/iniparse/__init__.py
2026-08-18T06:34:31.005963+00:00 DEBUG 'ansible_navigator.main' insights-core==3.7.8 
2026-08-18T06:34:31.005979+00:00 DEBUG 'ansible_navigator.main' jsonschema-specifications==2025.9.1 
2026-08-18T06:34:31.005995+00:00 DEBUG 'ansible_navigator.main' jsonschema==4.25.1 /home/devops/.local/lib/python3.9/site-packages/jsonschema/__init__.py
2026-08-18T06:34:31.006011+00:00 DEBUG 'ansible_navigator.main' lockfile==0.12.2 /home/devops/.local/lib/python3.9/site-packages/lockfile/__init__.py
2026-08-18T06:34:31.006027+00:00 DEBUG 'ansible_navigator.main' lxml==4.6.5 /usr/lib64/python3.9/site-packages/lxml/__init__.py
2026-08-18T06:34:31.006042+00:00 DEBUG 'ansible_navigator.main' markdown-it-py==3.0.0 
2026-08-18T06:34:31.006058+00:00 DEBUG 'ansible_navigator.main' mdurl==0.1.2 /home/devops/.local/lib/python3.9/site-packages/mdurl/__init__.py
2026-08-18T06:34:31.006074+00:00 DEBUG 'ansible_navigator.main' mypy_extensions==1.1.0 /home/devops/.local/lib/python3.9/site-packages/mypy_extensions.py
2026-08-18T06:34:31.006092+00:00 DEBUG 'ansible_navigator.main' nftables==0.1 /usr/lib/python3.9/site-packages/nftables/__init__.py
2026-08-18T06:34:31.006109+00:00 DEBUG 'ansible_navigator.main' onigurumacffi==1.4.1 /home/devops/.local/lib/python3.9/site-packages/onigurumacffi.py
2026-08-18T06:34:31.006125+00:00 DEBUG 'ansible_navigator.main' packaging==26.3 /home/devops/.local/lib/python3.9/site-packages/packaging/__init__.py
2026-08-18T06:34:31.006141+00:00 DEBUG 'ansible_navigator.main' pathspec==1.1.1 /home/devops/.local/lib/python3.9/site-packages/pathspec/__init__.py
2026-08-18T06:34:31.006156+00:00 DEBUG 'ansible_navigator.main' pbr==7.0.3 /home/devops/.local/lib/python3.9/site-packages/pbr/__init__.py
2026-08-18T06:34:31.006172+00:00 DEBUG 'ansible_navigator.main' perf==0.1 /usr/lib64/python3.9/site-packages/perf.cpython-39-x86_64-linux-gnu.so
2026-08-18T06:34:31.006188+00:00 DEBUG 'ansible_navigator.main' pip==21.3.1 /usr/lib/python3.9/site-packages/pip/__init__.py
2026-08-18T06:34:31.006206+00:00 DEBUG 'ansible_navigator.main' platformdirs==4.4.0 /home/devops/.local/lib/python3.9/site-packages/platformdirs/__init__.py
2026-08-18T06:34:31.006222+00:00 DEBUG 'ansible_navigator.main' ply==3.11 /usr/lib/python3.9/site-packages/ply/__init__.py
2026-08-18T06:34:31.006238+00:00 DEBUG 'ansible_navigator.main' psutil==5.8.0 /usr/lib64/python3.9/site-packages/psutil/__init__.py
2026-08-18T06:34:31.006254+00:00 DEBUG 'ansible_navigator.main' pycairo==1.20.1 
2026-08-18T06:34:31.006278+00:00 DEBUG 'ansible_navigator.main' pycparser==2.20 /usr/lib/python3.9/site-packages/pycparser/__init__.py
2026-08-18T06:34:31.006714+00:00 DEBUG 'ansible_navigator.main' pyinotify==0.9.6 /usr/lib/python3.9/site-packages/pyinotify.py
2026-08-18T06:34:31.007194+00:00 DEBUG 'ansible_navigator.main' pyparsing==2.4.7 /usr/lib/python3.9/site-packages/pyparsing.py
2026-08-18T06:34:31.007256+00:00 DEBUG 'ansible_navigator.main' python-daemon==3.1.2 
2026-08-18T06:34:31.007278+00:00 DEBUG 'ansible_navigator.main' python-dateutil==2.9.0.post0 
2026-08-18T06:34:31.007296+00:00 DEBUG 'ansible_navigator.main' python-linux-procfs==0.7.4 
2026-08-18T06:34:31.007312+00:00 DEBUG 'ansible_navigator.main' pytokens==0.4.1 /home/devops/.local/lib/python3.9/site-packages/pytokens/__init__.cpython-39-x86_64-linux-gnu.so
2026-08-18T06:34:31.007330+00:00 DEBUG 'ansible_navigator.main' pyudev==0.22.0 /usr/lib/python3.9/site-packages/pyudev/__init__.py
2026-08-18T06:34:31.007347+00:00 DEBUG 'ansible_navigator.main' referencing==0.36.2 /home/devops/.local/lib/python3.9/site-packages/referencing/__init__.py
2026-08-18T06:34:31.007363+00:00 DEBUG 'ansible_navigator.main' requests==2.25.1 /usr/lib/python3.9/site-packages/requests/__init__.py
2026-08-18T06:34:31.007379+00:00 DEBUG 'ansible_navigator.main' resolvelib==0.5.4 /usr/lib/python3.9/site-packages/resolvelib/__init__.py
2026-08-18T06:34:31.007405+00:00 DEBUG 'ansible_navigator.main' rich==15.0.0 /home/devops/.local/lib/python3.9/site-packages/rich/__init__.py
2026-08-18T06:34:31.007427+00:00 DEBUG 'ansible_navigator.main' rpds-py==0.27.1 
2026-08-18T06:34:31.007444+00:00 DEBUG 'ansible_navigator.main' ruamel.yaml==0.19.1 /home/devops/.local/lib/python3.9/site-packages/ruamel/yaml/__init__.py
2026-08-18T06:34:31.007460+00:00 DEBUG 'ansible_navigator.main' selinux==3.6 /usr/lib64/python3.9/site-packages/selinux/__init__.py
2026-08-18T06:34:31.007476+00:00 DEBUG 'ansible_navigator.main' sepolicy==3.6 /usr/lib/python3.9/site-packages/sepolicy/__init__.py
2026-08-18T06:34:31.007492+00:00 DEBUG 'ansible_navigator.main' setools==4.4.4 /usr/lib64/python3.9/site-packages/setools/__init__.py
2026-08-18T06:34:31.007508+00:00 DEBUG 'ansible_navigator.main' setroubleshoot==3.3.33 /usr/lib/python3.9/site-packages/setroubleshoot/__init__.py
2026-08-18T06:34:31.007529+00:00 DEBUG 'ansible_navigator.main' setuptools==53.0.0 /usr/lib/python3.9/site-packages/setuptools/__init__.py
2026-08-18T06:34:31.007546+00:00 DEBUG 'ansible_navigator.main' six==1.15.0 /usr/lib/python3.9/site-packages/six.py
2026-08-18T06:34:31.007561+00:00 DEBUG 'ansible_navigator.main' sos==4.11.0 /usr/lib/python3.9/site-packages/sos/__init__.py
2026-08-18T06:34:31.007577+00:00 DEBUG 'ansible_navigator.main' subprocess-tee==0.4.2 
2026-08-18T06:34:31.007593+00:00 DEBUG 'ansible_navigator.main' subscription-manager==1.29.50 
2026-08-18T06:34:31.007609+00:00 DEBUG 'ansible_navigator.main' tomli==2.4.1 /home/devops/.local/lib/python3.9/site-packages/tomli/__init__.py
2026-08-18T06:34:31.007624+00:00 DEBUG 'ansible_navigator.main' typing_extensions==4.16.0 /home/devops/.local/lib/python3.9/site-packages/typing_extensions.py
2026-08-18T06:34:31.007640+00:00 DEBUG 'ansible_navigator.main' tzdata==2026.3 /home/devops/.local/lib/python3.9/site-packages/tzdata/__init__.py
2026-08-18T06:34:31.007656+00:00 DEBUG 'ansible_navigator.main' urllib3==1.26.5 /usr/lib/python3.9/site-packages/urllib3/__init__.py
2026-08-18T06:34:31.007672+00:00 DEBUG 'ansible_navigator.main' wcmatch==10.1 /home/devops/.local/lib/python3.9/site-packages/wcmatch/__init__.py
2026-08-18T06:34:31.007698+00:00 DEBUG 'ansible_navigator.main' yamllint==1.37.1 /home/devops/.local/lib/python3.9/site-packages/yamllint/__init__.py
2026-08-18T06:34:31.007714+00:00 DEBUG 'ansible_navigator.main' zipp==3.23.1 /home/devops/.local/lib/python3.9/site-packages/zipp/__init__.py
2026-08-18T06:34:31.007731+00:00 DEBUG 'ansible_navigator.main' Default collection_doc_cache_path set to: /home/devops/.cache/ansible-navigator/collection_doc_cache.db
2026-08-18T06:34:31.007747+00:00 DEBUG 'ansible_navigator.main' EDITOR environment variable not set
2026-08-18T06:34:31.007767+00:00 DEBUG 'ansible_navigator.main' Default editor_command set to: vi +{line_number} {filename}
2026-08-18T06:34:31.007795+00:00 DEBUG 'ansible_navigator.main' No config file set by ANSIBLE_NAVIGATOR_CONFIG
2026-08-18T06:34:31.008177+00:00 DEBUG 'ansible_navigator.main' Looking in /home/devops
2026-08-18T06:34:31.008216+00:00 DEBUG 'ansible_navigator.main' Looking for '/home/devops/.ansible-navigator.yml', '/home/devops/.ansible-navigator.yaml' and '/home/devops/.ansible-navigator.json'
2026-08-18T06:34:31.008237+00:00 DEBUG 'ansible_navigator.main' Found 0: 
2026-08-18T06:34:31.008255+00:00 DEBUG 'ansible_navigator.main' Looking in /home/devops/ansible
2026-08-18T06:34:31.008272+00:00 DEBUG 'ansible_navigator.main' Looking for '/home/devops/ansible/ansible-navigator.yml', '/home/devops/ansible/ansible-navigator.yaml' and '/home/devops/ansible/ansible-navigator.json'
2026-08-18T06:34:31.008289+00:00 DEBUG 'ansible_navigator.main' Found 0: 
2026-08-18T06:34:31.008305+00:00 DEBUG 'ansible_navigator.main' All found 0: 
2026-08-18T06:34:31.008509+00:00 DEBUG 'ansible_navigator.main' Using: None
2026-08-18T06:34:31.008553+00:00 DEBUG 'ansible_navigator.main' No valid settings file found, using all default values for settings.
2026-08-18T06:34:31.008574+00:00 DEBUG 'ansible_navigator.main' Command provided: 'install community.general'
2026-08-18T06:34:31.008597+00:00 WARNING 'ansible_navigator.main' Configuration errors encountered, rolling back to previous configuration.
2026-08-18T06:34:31.008615+00:00 DEBUG 'ansible_navigator.main' Prior to rollback: ansible_runner_artifact_dir = 'Not set' (Constants/Not set)
2026-08-18T06:34:31.008631+00:00 DEBUG 'ansible_navigator.main' Prior to rollback: ansible_runner_rotate_artifacts_count = 'Not set' (Constants/Not set)
2026-08-18T06:34:31.008797+00:00 DEBUG 'ansible_navigator.main' Prior to rollback: ansible_runner_timeout = 'Not set' (Constants/Not set)
2026-08-18T06:34:31.008871+00:00 DEBUG 'ansible_navigator.main' Prior to rollback: ansible_runner_write_job_events = 'False' (bool/Defaults)
2026-08-18T06:34:31.008914+00:00 DEBUG 'ansible_navigator.main' Prior to rollback: app = 'welcome' (str/Defaults)
2026-08-18T06:34:31.008965+00:00 DEBUG 'ansible_navigator.main' Prior to rollback: cmdline = '['install', 'community.general']' (list/Command line)
2026-08-18T06:34:31.008999+00:00 DEBUG 'ansible_navigator.main' Prior to rollback: collection_doc_cache_path = '/home/devops/.cache/ansible-navigator/collection_doc_cache.db' (str/Defaults)
2026-08-18T06:34:31.009044+00:00 DEBUG 'ansible_navigator.main' Prior to rollback: config = 'Not set' (Constants/Not set)
2026-08-18T06:34:31.009096+00:00 DEBUG 'ansible_navigator.main' Prior to rollback: container_engine = 'auto' (str/Defaults)
2026-08-18T06:34:31.009128+00:00 DEBUG 'ansible_navigator.main' Prior to rollback: container_options = 'Not set' (Constants/Not set)
2026-08-18T06:34:31.009148+00:00 DEBUG 'ansible_navigator.main' Prior to rollback: display_color = 'True' (bool/Defaults)
2026-08-18T06:34:31.009172+00:00 DEBUG 'ansible_navigator.main' Prior to rollback: editor_command = 'vi +{line_number} {filename}' (str/Defaults)
2026-08-18T06:34:31.009195+00:00 DEBUG 'ansible_navigator.main' Prior to rollback: editor_console = 'True' (bool/Defaults)
2026-08-18T06:34:31.009216+00:00 DEBUG 'ansible_navigator.main' Prior to rollback: enable_prompts = 'False' (bool/Defaults)
2026-08-18T06:34:31.009233+00:00 DEBUG 'ansible_navigator.main' Prior to rollback: exec_command = '/bin/bash' (str/Defaults)
2026-08-18T06:34:31.009263+00:00 DEBUG 'ansible_navigator.main' Prior to rollback: exec_shell = 'True' (bool/Defaults)
2026-08-18T06:34:31.009280+00:00 DEBUG 'ansible_navigator.main' Prior to rollback: execution_environment = 'True' (bool/Defaults)
2026-08-18T06:34:31.009300+00:00 DEBUG 'ansible_navigator.main' Prior to rollback: execution_environment_image = 'ghcr.io/ansible/creator-ee:v0.22.0' (str/Defaults)
2026-08-18T06:34:31.009320+00:00 DEBUG 'ansible_navigator.main' Prior to rollback: execution_environment_volume_mounts = 'Not set' (Constants/Not set)
2026-08-18T06:34:31.009336+00:00 DEBUG 'ansible_navigator.main' Prior to rollback: format = 'yaml' (str/Defaults)
2026-08-18T06:34:31.009352+00:00 DEBUG 'ansible_navigator.main' Prior to rollback: help_builder = 'False' (bool/Defaults)
2026-08-18T06:34:31.009368+00:00 DEBUG 'ansible_navigator.main' Prior to rollback: help_config = 'False' (bool/Defaults)
2026-08-18T06:34:31.009384+00:00 DEBUG 'ansible_navigator.main' Prior to rollback: help_doc = 'False' (bool/Defaults)
2026-08-18T06:34:31.009400+00:00 DEBUG 'ansible_navigator.main' Prior to rollback: help_inventory = 'False' (bool/Defaults)
2026-08-18T06:34:31.009416+00:00 DEBUG 'ansible_navigator.main' Prior to rollback: help_playbook = 'False' (bool/Defaults)
2026-08-18T06:34:31.009431+00:00 DEBUG 'ansible_navigator.main' Prior to rollback: images_details = '['everything']' (list/Defaults)
2026-08-18T06:34:31.009447+00:00 DEBUG 'ansible_navigator.main' Prior to rollback: inventory = 'Not set' (Constants/Not set)
2026-08-18T06:34:31.009467+00:00 DEBUG 'ansible_navigator.main' Prior to rollback: inventory_column = 'Not set' (Constants/Not set)
2026-08-18T06:34:31.009489+00:00 DEBUG 'ansible_navigator.main' Prior to rollback: lint_config = 'Not set' (Constants/Not set)
2026-08-18T06:34:31.009511+00:00 DEBUG 'ansible_navigator.main' Prior to rollback: lintables = 'Not set' (Constants/Not set)
2026-08-18T06:34:31.009527+00:00 DEBUG 'ansible_navigator.main' Prior to rollback: log_append = 'True' (bool/Defaults)
2026-08-18T06:34:31.009543+00:00 DEBUG 'ansible_navigator.main' Prior to rollback: log_file = '/home/devops/ansible/ansible-navigator.log' (str/Defaults)
2026-08-18T06:34:31.009562+00:00 DEBUG 'ansible_navigator.main' Prior to rollback: log_level = 'warning' (str/Defaults)
2026-08-18T06:34:31.009578+00:00 DEBUG 'ansible_navigator.main' Prior to rollback: mode = 'interactive' (str/Defaults)
2026-08-18T06:34:31.009593+00:00 DEBUG 'ansible_navigator.main' Prior to rollback: osc4 = 'True' (bool/Defaults)
2026-08-18T06:34:31.009609+00:00 DEBUG 'ansible_navigator.main' Prior to rollback: pass_environment_variable = 'Not set' (Constants/Not set)
2026-08-18T06:34:31.009625+00:00 DEBUG 'ansible_navigator.main' Prior to rollback: playbook = 'Not set' (Constants/Not set)
2026-08-18T06:34:31.009641+00:00 DEBUG 'ansible_navigator.main' Prior to rollback: playbook_artifact_enable = 'True' (bool/Defaults)
2026-08-18T06:34:31.009657+00:00 DEBUG 'ansible_navigator.main' Prior to rollback: playbook_artifact_replay = 'Not set' (Constants/Not set)
2026-08-18T06:34:31.009672+00:00 DEBUG 'ansible_navigator.main' Prior to rollback: playbook_artifact_save_as = '{playbook_dir}/{playbook_name}-artifact-{time_stamp}.json' (str/Defaults)
2026-08-18T06:34:31.009688+00:00 DEBUG 'ansible_navigator.main' Prior to rollback: plugin_name = 'Not set' (Constants/Not set)
2026-08-18T06:34:31.009703+00:00 DEBUG 'ansible_navigator.main' Prior to rollback: plugin_type = 'module' (str/Defaults)
2026-08-18T06:34:31.009719+00:00 DEBUG 'ansible_navigator.main' Prior to rollback: pull_arguments = 'Not set' (Constants/Not set)
2026-08-18T06:34:31.009735+00:00 DEBUG 'ansible_navigator.main' Prior to rollback: pull_policy = 'tag' (str/Defaults)
2026-08-18T06:34:31.009751+00:00 DEBUG 'ansible_navigator.main' Prior to rollback: set_environment_variable = 'Not set' (Constants/Not set)
2026-08-18T06:34:31.009766+00:00 DEBUG 'ansible_navigator.main' Prior to rollback: settings_effective = 'False' (bool/Defaults)
2026-08-18T06:34:31.009790+00:00 DEBUG 'ansible_navigator.main' Prior to rollback: settings_sample = 'False' (bool/Defaults)
2026-08-18T06:34:31.009807+00:00 DEBUG 'ansible_navigator.main' Prior to rollback: settings_schema = 'json' (str/Defaults)
2026-08-18T06:34:31.009823+00:00 DEBUG 'ansible_navigator.main' Prior to rollback: settings_sources = 'False' (bool/Defaults)
2026-08-18T06:34:31.009838+00:00 DEBUG 'ansible_navigator.main' Prior to rollback: time_zone = 'UTC' (str/Defaults)
2026-08-18T06:34:31.009854+00:00 DEBUG 'ansible_navigator.main' Prior to rollback: workdir = '/home/devops/ansible' (str/Defaults)
2026-08-18T06:34:31.009870+00:00 DEBUG 'ansible_navigator.main' After rollback: ansible_runner_artifact_dir = 'Not set' (Constants/Not set)
2026-08-18T06:34:31.009886+00:00 DEBUG 'ansible_navigator.main' After rollback: ansible_runner_rotate_artifacts_count = 'Not set' (Constants/Not set)
2026-08-18T06:34:31.009902+00:00 DEBUG 'ansible_navigator.main' After rollback: ansible_runner_timeout = 'Not set' (Constants/Not set)
2026-08-18T06:34:31.009917+00:00 DEBUG 'ansible_navigator.main' After rollback: ansible_runner_write_job_events = 'Not set' (Constants/Not set)
2026-08-18T06:34:31.009933+00:00 DEBUG 'ansible_navigator.main' After rollback: app = 'Not set' (Constants/Not set)
2026-08-18T06:34:31.009949+00:00 DEBUG 'ansible_navigator.main' After rollback: cmdline = 'Not set' (Constants/Not set)
2026-08-18T06:34:31.009965+00:00 DEBUG 'ansible_navigator.main' After rollback: collection_doc_cache_path = 'Not set' (Constants/Not set)
2026-08-18T06:34:31.009986+00:00 DEBUG 'ansible_navigator.main' After rollback: config = 'Not set' (Constants/Not set)
2026-08-18T06:34:31.010002+00:00 DEBUG 'ansible_navigator.main' After rollback: container_engine = 'Not set' (Constants/Not set)
2026-08-18T06:34:31.010019+00:00 DEBUG 'ansible_navigator.main' After rollback: container_options = 'Not set' (Constants/Not set)
2026-08-18T06:34:31.010042+00:00 DEBUG 'ansible_navigator.main' After rollback: display_color = 'Not set' (Constants/Not set)
2026-08-18T06:34:31.010472+00:00 DEBUG 'ansible_navigator.main' After rollback: editor_command = 'Not set' (Constants/Not set)
2026-08-18T06:34:31.010546+00:00 DEBUG 'ansible_navigator.main' After rollback: editor_console = 'Not set' (Constants/Not set)
2026-08-18T06:34:31.010579+00:00 DEBUG 'ansible_navigator.main' After rollback: enable_prompts = 'Not set' (Constants/Not set)
2026-08-18T06:34:31.010612+00:00 DEBUG 'ansible_navigator.main' After rollback: exec_command = 'Not set' (Constants/Not set)
2026-08-18T06:34:31.010658+00:00 DEBUG 'ansible_navigator.main' After rollback: exec_shell = 'Not set' (Constants/Not set)
2026-08-18T06:34:31.010703+00:00 DEBUG 'ansible_navigator.main' After rollback: execution_environment = 'Not set' (Constants/Not set)
2026-08-18T06:34:31.010740+00:00 DEBUG 'ansible_navigator.main' After rollback: execution_environment_image = 'Not set' (Constants/Not set)
2026-08-18T06:34:31.010780+00:00 DEBUG 'ansible_navigator.main' After rollback: execution_environment_volume_mounts = 'Not set' (Constants/Not set)
2026-08-18T06:34:31.010824+00:00 DEBUG 'ansible_navigator.main' After rollback: format = 'Not set' (Constants/Not set)
2026-08-18T06:34:31.011028+00:00 DEBUG 'ansible_navigator.main' After rollback: help_builder = 'Not set' (Constants/Not set)
2026-08-18T06:34:31.011055+00:00 DEBUG 'ansible_navigator.main' After rollback: help_config = 'Not set' (Constants/Not set)
2026-08-18T06:34:31.011072+00:00 DEBUG 'ansible_navigator.main' After rollback: help_doc = 'Not set' (Constants/Not set)
2026-08-18T06:34:31.011089+00:00 DEBUG 'ansible_navigator.main' After rollback: help_inventory = 'Not set' (Constants/Not set)
2026-08-18T06:34:31.011105+00:00 DEBUG 'ansible_navigator.main' After rollback: help_playbook = 'Not set' (Constants/Not set)
2026-08-18T06:34:31.011121+00:00 DEBUG 'ansible_navigator.main' After rollback: images_details = 'Not set' (Constants/Not set)
2026-08-18T06:34:31.011137+00:00 DEBUG 'ansible_navigator.main' After rollback: inventory = 'Not set' (Constants/Not set)
2026-08-18T06:34:31.011164+00:00 DEBUG 'ansible_navigator.main' After rollback: inventory_column = 'Not set' (Constants/Not set)
2026-08-18T06:34:31.011183+00:00 DEBUG 'ansible_navigator.main' After rollback: lint_config = 'Not set' (Constants/Not set)
2026-08-18T06:34:31.011207+00:00 DEBUG 'ansible_navigator.main' After rollback: lintables = 'Not set' (Constants/Not set)
2026-08-18T06:34:31.011246+00:00 DEBUG 'ansible_navigator.main' After rollback: log_append = 'Not set' (Constants/Not set)
2026-08-18T06:34:31.011275+00:00 DEBUG 'ansible_navigator.main' After rollback: log_file = 'Not set' (Constants/Not set)
2026-08-18T06:34:31.011294+00:00 DEBUG 'ansible_navigator.main' After rollback: log_level = 'Not set' (Constants/Not set)
2026-08-18T06:34:31.011311+00:00 DEBUG 'ansible_navigator.main' After rollback: mode = 'Not set' (Constants/Not set)
2026-08-18T06:34:31.011328+00:00 DEBUG 'ansible_navigator.main' After rollback: osc4 = 'Not set' (Constants/Not set)
2026-08-18T06:34:31.011344+00:00 DEBUG 'ansible_navigator.main' After rollback: pass_environment_variable = 'Not set' (Constants/Not set)
2026-08-18T06:34:31.011360+00:00 DEBUG 'ansible_navigator.main' After rollback: playbook = 'Not set' (Constants/Not set)
2026-08-18T06:34:31.011375+00:00 DEBUG 'ansible_navigator.main' After rollback: playbook_artifact_enable = 'Not set' (Constants/Not set)
2026-08-18T06:34:31.011391+00:00 DEBUG 'ansible_navigator.main' After rollback: playbook_artifact_replay = 'Not set' (Constants/Not set)
2026-08-18T06:34:31.011407+00:00 DEBUG 'ansible_navigator.main' After rollback: playbook_artifact_save_as = 'Not set' (Constants/Not set)
2026-08-18T06:34:31.011423+00:00 DEBUG 'ansible_navigator.main' After rollback: plugin_name = 'Not set' (Constants/Not set)
2026-08-18T06:34:31.011438+00:00 DEBUG 'ansible_navigator.main' After rollback: plugin_type = 'Not set' (Constants/Not set)
2026-08-18T06:34:31.011454+00:00 DEBUG 'ansible_navigator.main' After rollback: pull_arguments = 'Not set' (Constants/Not set)
2026-08-18T06:34:31.011470+00:00 DEBUG 'ansible_navigator.main' After rollback: pull_policy = 'Not set' (Constants/Not set)
2026-08-18T06:34:31.011485+00:00 DEBUG 'ansible_navigator.main' After rollback: set_environment_variable = 'Not set' (Constants/Not set)
2026-08-18T06:34:31.011502+00:00 DEBUG 'ansible_navigator.main' After rollback: settings_effective = 'Not set' (Constants/Not set)
2026-08-18T06:34:31.011518+00:00 DEBUG 'ansible_navigator.main' After rollback: settings_sample = 'Not set' (Constants/Not set)
2026-08-18T06:34:31.011533+00:00 DEBUG 'ansible_navigator.main' After rollback: settings_schema = 'Not set' (Constants/Not set)
2026-08-18T06:34:31.011549+00:00 DEBUG 'ansible_navigator.main' After rollback: settings_sources = 'Not set' (Constants/Not set)
2026-08-18T06:34:31.011564+00:00 DEBUG 'ansible_navigator.main' After rollback: time_zone = 'Not set' (Constants/Not set)
2026-08-18T06:34:31.011580+00:00 DEBUG 'ansible_navigator.main' After rollback: workdir = 'Not set' (Constants/Not set)
2026-08-18T06:34:31.011596+00:00 DEBUG 'ansible_navigator.main' Configuration rollback complete.
2026-08-18T06:34:31.011613+00:00 DEBUG 'ansible_navigator.main' Collection doc cache not mounted
2026-08-18T06:34:31.011642+00:00 WARNING 'ansible_navigator.main' Issues were found while applying the settings.
2026-08-18T06:34:31.011662+00:00 INFO 'ansible_navigator.main' Command provided: 'install community.general'
2026-08-18T06:34:31.011686+00:00 ERROR 'ansible_navigator.main' argument {subcommand} --help: invalid choice: 'install' (choose from 'builder', 'collections', 'config', 'doc', 'exec', 'images', 'inventory', 'lint', 'replay', 'run', 'settings', 'welcome')
2026-08-18T06:34:31.011706+00:00 INFO 'ansible_navigator.main' Configuration failed, using default log file location. (/home/devops/ansible/ansible-navigator.log) Log level set to debug
2026-08-18T06:34:31.011724+00:00 INFO 'ansible_navigator.main' Review the hints and log file to see what went wrong.
2026-08-18T06:36:51.422027+00:00 ERROR 'ansible_navigator.actions.collections._parse' /home/devops/ansible/collections/ansible_collections/community/general/plugins/callback/counter_enabled.py AnsibleError (get_docstring): unknown doc_fragment(s) in file /home/devops/ansible/collections/ansible_collections/community/general/plugins/callback/counter_enabled.py: ansible.builtin.default_callback
2026-08-18T06:36:51.422512+00:00 ERROR 'ansible_navigator.actions.collections._parse' /home/devops/ansible/collections/ansible_collections/community/general/plugins/callback/default_without_diff.py AnsibleError (get_docstring): unknown doc_fragment(s) in file /home/devops/ansible/collections/ansible_collections/community/general/plugins/callback/default_without_diff.py: ansible.builtin.default_callback, ansible.builtin.result_format_callback
2026-08-18T06:36:51.422548+00:00 ERROR 'ansible_navigator.actions.collections._parse' /home/devops/ansible/collections/ansible_collections/community/general/plugins/callback/dense.py AnsibleError (get_docstring): unknown doc_fragment(s) in file /home/devops/ansible/collections/ansible_collections/community/general/plugins/callback/dense.py: ansible.builtin.default_callback
2026-08-18T06:36:51.422569+00:00 ERROR 'ansible_navigator.actions.collections._parse' /home/devops/ansible/collections/ansible_collections/community/general/plugins/callback/diy.py AnsibleError (get_docstring): unknown doc_fragment(s) in file /home/devops/ansible/collections/ansible_collections/community/general/plugins/callback/diy.py: ansible.builtin.default_callback
2026-08-18T06:36:51.422587+00:00 ERROR 'ansible_navigator.actions.collections._parse' /home/devops/ansible/collections/ansible_collections/community/general/plugins/callback/tasks_only.py AnsibleError (get_docstring): unknown doc_fragment(s) in file /home/devops/ansible/collections/ansible_collections/community/general/plugins/callback/tasks_only.py: ansible.builtin.default_callback, ansible.builtin.result_format_callback
2026-08-18T06:36:51.422604+00:00 ERROR 'ansible_navigator.actions.collections._parse' /home/devops/ansible/collections/ansible_collections/community/general/plugins/callback/timestamp.py AnsibleError (get_docstring): unknown doc_fragment(s) in file /home/devops/ansible/collections/ansible_collections/community/general/plugins/callback/timestamp.py: ansible.builtin.default_callback, ansible.builtin.result_format_callback
2026-08-18T06:36:51.422621+00:00 ERROR 'ansible_navigator.actions.collections._parse' /home/devops/ansible/collections/ansible_collections/community/general/plugins/callback/unixy.py AnsibleError (get_docstring): unknown doc_fragment(s) in file /home/devops/ansible/collections/ansible_collections/community/general/plugins/callback/unixy.py: ansible.builtin.default_callback
2026-08-18T06:36:51.422637+00:00 ERROR 'ansible_navigator.actions.collections._parse' /home/devops/ansible/collections/ansible_collections/community/general/plugins/inventory/cobbler.py AnsibleError (get_docstring): unknown doc_fragment(s) in file /home/devops/ansible/collections/ansible_collections/community/general/plugins/inventory/cobbler.py: ansible.builtin.inventory_cache
2026-08-18T06:36:51.422653+00:00 ERROR 'ansible_navigator.actions.collections._parse' /home/devops/ansible/collections/ansible_collections/community/general/plugins/inventory/gitlab_runners.py AnsibleError (get_docstring): unknown doc_fragment(s) in file /home/devops/ansible/collections/ansible_collections/community/general/plugins/inventory/gitlab_runners.py: ansible.builtin.constructed
2026-08-18T06:36:51.422670+00:00 ERROR 'ansible_navigator.actions.collections._parse' /home/devops/ansible/collections/ansible_collections/community/general/plugins/inventory/icinga2.py AnsibleError (get_docstring): unknown doc_fragment(s) in file /home/devops/ansible/collections/ansible_collections/community/general/plugins/inventory/icinga2.py: ansible.builtin.constructed
2026-08-18T06:36:51.422687+00:00 ERROR 'ansible_navigator.actions.collections._parse' /home/devops/ansible/collections/ansible_collections/community/general/plugins/inventory/incus.py AnsibleError (get_docstring): unknown doc_fragment(s) in file /home/devops/ansible/collections/ansible_collections/community/general/plugins/inventory/incus.py: ansible.builtin.constructed
2026-08-18T06:36:51.422705+00:00 ERROR 'ansible_navigator.actions.collections._parse' /home/devops/ansible/collections/ansible_collections/community/general/plugins/inventory/iocage.py AnsibleError (get_docstring): unknown doc_fragment(s) in file /home/devops/ansible/collections/ansible_collections/community/general/plugins/inventory/iocage.py: ansible.builtin.constructed, ansible.builtin.inventory_cache
2026-08-18T06:36:51.422726+00:00 ERROR 'ansible_navigator.actions.collections._parse' /home/devops/ansible/collections/ansible_collections/community/general/plugins/inventory/linode.py AnsibleError (get_docstring): unknown doc_fragment(s) in file /home/devops/ansible/collections/ansible_collections/community/general/plugins/inventory/linode.py: ansible.builtin.constructed, ansible.builtin.inventory_cache
2026-08-18T06:36:51.422744+00:00 ERROR 'ansible_navigator.actions.collections._parse' /home/devops/ansible/collections/ansible_collections/community/general/plugins/inventory/nmap.py AnsibleError (get_docstring): unknown doc_fragment(s) in file /home/devops/ansible/collections/ansible_collections/community/general/plugins/inventory/nmap.py: ansible.builtin.constructed, ansible.builtin.inventory_cache
2026-08-18T06:36:51.422760+00:00 ERROR 'ansible_navigator.actions.collections._parse' /home/devops/ansible/collections/ansible_collections/community/general/plugins/inventory/opennebula.py AnsibleError (get_docstring): unknown doc_fragment(s) in file /home/devops/ansible/collections/ansible_collections/community/general/plugins/inventory/opennebula.py: ansible.builtin.constructed, community.library_inventory_filtering_v1.inventory_filter
2026-08-18T06:36:51.422777+00:00 ERROR 'ansible_navigator.actions.collections._parse' /home/devops/ansible/collections/ansible_collections/community/general/plugins/inventory/virtualbox.py AnsibleError (get_docstring): unknown doc_fragment(s) in file /home/devops/ansible/collections/ansible_collections/community/general/plugins/inventory/virtualbox.py: ansible.builtin.constructed, ansible.builtin.inventory_cache
2026-08-18T06:36:51.422795+00:00 ERROR 'ansible_navigator.actions.collections._parse' /home/devops/ansible/collections/ansible_collections/community/general/plugins/inventory/xen_orchestra.py AnsibleError (get_docstring): unknown doc_fragment(s) in file /home/devops/ansible/collections/ansible_collections/community/general/plugins/inventory/xen_orchestra.py: ansible.builtin.constructed, ansible.builtin.inventory_cache
2026-08-18T06:36:51.422823+00:00 ERROR 'ansible_navigator.actions.collections._parse' /home/devops/ansible/collections/ansible_collections/community/general/plugins/lookup/onepassword.py AnsibleError (get_docstring): unknown doc_fragment(s) in file /home/devops/ansible/collections/ansible_collections/community/general/plugins/lookup/onepassword.py: community.general._onepassword, community.general._onepassword.lookup
2026-08-18T06:36:51.422859+00:00 ERROR 'ansible_navigator.actions.collections._parse' /home/devops/ansible/collections/ansible_collections/community/general/plugins/lookup/onepassword_doc.py AnsibleError (get_docstring): unknown doc_fragment(s) in file /home/devops/ansible/collections/ansible_collections/community/general/plugins/lookup/onepassword_doc.py: community.general._onepassword, community.general._onepassword.lookup
2026-08-18T06:36:51.422886+00:00 ERROR 'ansible_navigator.actions.collections._parse' /home/devops/ansible/collections/ansible_collections/community/general/plugins/lookup/onepassword_raw.py AnsibleError (get_docstring): unknown doc_fragment(s) in file /home/devops/ansible/collections/ansible_collections/community/general/plugins/lookup/onepassword_raw.py: community.general._onepassword, community.general._onepassword.lookup
2026-08-18T06:36:51.422914+00:00 ERROR 'ansible_navigator.actions.collections._parse' /home/devops/ansible/collections/ansible_collections/community/general/plugins/lookup/onepassword_ssh_key.py AnsibleError (get_docstring): unknown doc_fragment(s) in file /home/devops/ansible/collections/ansible_collections/community/general/plugins/lookup/onepassword_ssh_key.py: community.general._onepassword, community.general._onepassword.lookup
2026-08-18T06:36:51.422943+00:00 ERROR 'ansible_navigator.actions.collections._parse' /home/devops/ansible/collections/ansible_collections/community/general/plugins/modules/aerospike_migrations.py AnsibleError (get_docstring): unknown doc_fragment(s) in file /home/devops/ansible/collections/ansible_collections/community/general/plugins/modules/aerospike_migrations.py: community.general._attributes
2026-08-18T06:36:51.422971+00:00 ERROR 'ansible_navigator.actions.collections._parse' /home/devops/ansible/collections/ansible_collections/community/general/plugins/modules/airbrake_deployment.py AnsibleError (get_docstring): unknown doc_fragment(s) in file /home/devops/ansible/collections/ansible_collections/community/general/plugins/modules/airbrake_deployment.py: community.general._attributes
2026-08-18T06:36:51.423005+00:00 ERROR 'ansible_navigator.actions.collections._parse' /home/devops/ansible/collections/ansible_collections/community/general/plugins/modules/aix_devices.py AnsibleError (get_docstring): unknown doc_fragment(s) in file /home/devops/ansible/collections/ansible_collections/community/general/plugins/modules/aix_devices.py: community.general._attributes
2026-08-18T06:36:51.423052+00:00 ERROR 'ansible_navigator.actions.collections._parse' /home/devops/ansible/collections/ansible_collections/community/general/plugins/modules/aix_filesystem.py AnsibleError (get_docstring): unknown doc_fragment(s) in file /home/devops/ansible/collections/ansible_collections/community/general/plugins/modules/aix_filesystem.py: community.general._attributes
2026-08-18T06:36:51.423088+00:00 ERROR 'ansible_navigator.actions.collections._parse' /home/devops/ansible/collections/ansible_collections/community/general/plugins/modules/aix_inittab.py AnsibleError (get_docstring): unknown doc_fragment(s) in file /home/devops/ansible/collections/ansible_collections/community/general/plugins/modules/aix_inittab.py: community.general._attributes
2026-08-18T06:36:51.423120+00:00 ERROR 'ansible_navigator.actions.collections._parse' /home/devops/ansible/collections/ansible_collections/community/general/plugins/modules/aix_lvg.py AnsibleError (get_docstring): unknown doc_fragment(s) in file /home/devops/ansible/collections/ansible_collections/community/general/plugins/modules/aix_lvg.py: community.general._attributes
2026-08-18T06:36:51.423148+00:00 ERROR 'ansible_navigator.actions.collections._parse' /home/devops/ansible/collections/ansible_collections/community/general/plugins/modules/aix_lvol.py AnsibleError (get_docstring): unknown doc_fragment(s) in file /home/devops/ansible/collections/ansible_collections/community/general/plugins/modules/aix_lvol.py: community.general._attributes
2026-08-18T06:36:51.423184+00:00 ERROR 'ansible_navigator.actions.collections._parse' /home/devops/ansible/collections/ansible_collections/community/general/plugins/modules/alerta_customer.py AnsibleError (get_docstring): unknown doc_fragment(s) in file /home/devops/ansible/collections/ansible_collections/community/general/plugins/modules/alerta_customer.py: community.general._attributes
2026-08-18T06:36:51.423226+00:00 ERROR 'ansible_navigator.actions.collections._parse' /home/devops/ansible/collections/ansible_collections/community/general/plugins/modules/ali_instance.py AnsibleError (get_docstring): unknown doc_fragment(s) in file /home/devops/ansible/collections/ansible_collections/community/general/plugins/modules/ali_instance.py: community.general._alicloud, community.general._attributes
2026-08-18T06:36:51.423275+00:00 ERROR 'ansible_navigator.actions.collections._parse' /home/devops/ansible/collections/ansible_collections/community/general/plugins/modules/ali_instance_info.py AnsibleError (get_docstring): unknown doc_fragment(s) in file /home/devops/ansible/collections/ansible_collections/community/general/plugins/modules/ali_instance_info.py: community.general._alicloud, community.general._attributes, community.general._attributes.info_module
2026-08-18T06:36:51.423365+00:00 ERROR 'ansible_navigator.actions.collections._parse' /home/devops/ansible/collections/ansible_collections/community/general/plugins/modules/alternatives.py AnsibleError (get_docstring): unknown doc_fragment(s) in file /home/devops/ansible/collections/ansible_collections/community/general/plugins/modules/alternatives.py: community.general._attributes
2026-08-18T06:36:51.423405+00:00 ERROR 'ansible_navigator.actions.collections._parse' /home/devops/ansible/collections/ansible_collections/community/general/plugins/modules/android_sdk.py AnsibleError (get_docstring): unknown doc_fragment(s) in file /home/devops/ansible/collections/ansible_collections/community/general/plugins/modules/android_sdk.py: community.general._attributes
2026-08-18T06:36:51.423425+00:00 ERROR 'ansible_navigator.actions.collections._parse' /home/devops/ansible/collections/ansible_collections/community/general/plugins/modules/ansible_galaxy_install.py AnsibleError (get_docstring): unknown doc_fragment(s) in file /home/devops/ansible/collections/ansible_collections/community/general/plugins/modules/ansible_galaxy_install.py: community.general._attributes
2026-08-18T06:36:51.423442+00:00 ERROR 'ansible_navigator.actions.collections._parse' /home/devops/ansible/collections/ansible_collections/community/general/plugins/modules/apache2_mod_proxy.py AnsibleError (get_docstring): unknown doc_fragment(s) in file /home/devops/ansible/collections/ansible_collections/community/general/plugins/modules/apache2_mod_proxy.py: community.general._attributes
2026-08-18T06:36:51.423460+00:00 ERROR 'ansible_navigator.actions.collections._parse' /home/devops/ansible/collections/ansible_collections/community/general/plugins/modules/apache2_module.py AnsibleError (get_docstring): unknown doc_fragment(s) in file /home/devops/ansible/collections/ansible_collections/community/general/plugins/modules/apache2_module.py: community.general._attributes
2026-08-18T06:36:51.423477+00:00 ERROR 'ansible_navigator.actions.collections._parse' /home/devops/ansible/collections/ansible_collections/community/general/plugins/modules/apk.py AnsibleError (get_docstring): unknown doc_fragment(s) in file /home/devops/ansible/collections/ansible_collections/community/general/plugins/modules/apk.py: community.general._attributes
2026-08-18T06:36:51.423493+00:00 ERROR 'ansible_navigator.actions.collections._parse' /home/devops/ansible/collections/ansible_collections/community/general/plugins/modules/apt_repo.py AnsibleError (get_docstring): unknown doc_fragment(s) in file /home/devops/ansible/collections/ansible_collections/community/general/plugins/modules/apt_repo.py: community.general._attributes
2026-08-18T06:36:51.423510+00:00 ERROR 'ansible_navigator.actions.collections._parse' /home/devops/ansible/collections/ansible_collections/community/general/plugins/modules/apt_rpm.py AnsibleError (get_docstring): unknown doc_fragment(s) in file /home/devops/ansible/collections/ansible_collections/community/general/plugins/modules/apt_rpm.py: community.general._attributes
2026-08-18T06:36:51.423526+00:00 ERROR 'ansible_navigator.actions.collections._parse' /home/devops/ansible/collections/ansible_collections/community/general/plugins/modules/archive.py AnsibleError (get_docstring): unknown doc_fragment(s) in file /home/devops/ansible/collections/ansible_collections/community/general/plugins/modules/archive.py: ansible.builtin.files, community.general._attributes
2026-08-18T06:36:51.423542+00:00 ERROR 'ansible_navigator.actions.collections._parse' /home/devops/ansible/collections/ansible_collections/community/general/plugins/modules/awall.py AnsibleError (get_docstring): unknown doc_fragment(s) in file /home/devops/ansible/collections/ansible_collections/community/general/plugins/modules/awall.py: community.general._attributes
2026-08-18T06:36:51.423559+00:00 ERROR 'ansible_navigator.actions.collections._parse' /home/devops/ansible/collections/ansible_collections/community/general/plugins/modules/beadm.py AnsibleError (get_docstring): unknown doc_fragment(s) in file /home/devops/ansible/collections/ansible_collections/community/general/plugins/modules/beadm.py: community.general._attributes
2026-08-18T06:36:51.423580+00:00 ERROR 'ansible_navigator.actions.collections._parse' /home/devops/ansible/collections/ansible_collections/community/general/plugins/modules/bigpanda.py AnsibleError (get_docstring): unknown doc_fragment(s) in file /home/devops/ansible/collections/ansible_collections/community/general/plugins/modules/bigpanda.py: community.general._attributes
2026-08-18T06:36:51.423596+00:00 ERROR 'ansible_navigator.actions.collections._parse' /home/devops/ansible/collections/ansible_collections/community/general/plugins/modules/bitbucket_access_key.py AnsibleError (get_docstring): unknown doc_fragment(s) in file /home/devops/ansible/collections/ansible_collections/community/general/plugins/modules/bitbucket_access_key.py: community.general._bitbucket, community.general._attributes
2026-08-18T06:36:51.423613+00:00 ERROR 'ansible_navigator.actions.collections._parse' /home/devops/ansible/collections/ansible_collections/community/general/plugins/modules/bitbucket_pipeline_key_pair.py AnsibleError (get_docstring): unknown doc_fragment(s) in file /home/devops/ansible/collections/ansible_collections/community/general/plugins/modules/bitbucket_pipeline_key_pair.py: community.general._bitbucket, community.general._attributes
2026-08-18T06:36:51.423630+00:00 ERROR 'ansible_navigator.actions.collections._parse' /home/devops/ansible/collections/ansible_collections/community/general/plugins/modules/bitbucket_pipeline_known_host.py AnsibleError (get_docstring): unknown doc_fragment(s) in file /home/devops/ansible/collections/ansible_collections/community/general/plugins/modules/bitbucket_pipeline_known_host.py: community.general._bitbucket, community.general._attributes
2026-08-18T06:36:51.423647+00:00 ERROR 'ansible_navigator.actions.collections._parse' /home/devops/ansible/collections/ansible_collections/community/general/plugins/modules/bitbucket_pipeline_variable.py AnsibleError (get_docstring): unknown doc_fragment(s) in file /home/devops/ansible/collections/ansible_collections/community/general/plugins/modules/bitbucket_pipeline_variable.py: community.general._bitbucket, community.general._attributes
2026-08-18T06:36:51.423663+00:00 ERROR 'ansible_navigator.actions.collections._parse' /home/devops/ansible/collections/ansible_collections/community/general/plugins/modules/bower.py AnsibleError (get_docstring): unknown doc_fragment(s) in file /home/devops/ansible/collections/ansible_collections/community/general/plugins/modules/bower.py: community.general._attributes
2026-08-18T06:36:51.423680+00:00 ERROR 'ansible_navigator.actions.collections._parse' /home/devops/ansible/collections/ansible_collections/community/general/plugins/modules/btrfs_info.py AnsibleError (get_docstring): unknown doc_fragment(s) in file /home/devops/ansible/collections/ansible_collections/community/general/plugins/modules/btrfs_info.py: community.general._attributes, community.general._attributes.info_module
2026-08-18T06:36:51.423696+00:00 ERROR 'ansible_navigator.actions.collections._parse' /home/devops/ansible/collections/ansible_collections/community/general/plugins/modules/btrfs_subvolume.py AnsibleError (get_docstring): unknown doc_fragment(s) in file /home/devops/ansible/collections/ansible_collections/community/general/plugins/modules/btrfs_subvolume.py: community.general._attributes
2026-08-18T06:36:51.423713+00:00 ERROR 'ansible_navigator.actions.collections._parse' /home/devops/ansible/collections/ansible_collections/community/general/plugins/modules/bundler.py AnsibleError (get_docstring): unknown doc_fragment(s) in file /home/devops/ansible/collections/ansible_collections/community/general/plugins/modules/bundler.py: community.general._attributes
2026-08-18T06:36:51.423730+00:00 ERROR 'ansible_navigator.actions.collections._parse' /home/devops/ansible/collections/ansible_collections/community/general/plugins/modules/bzr.py AnsibleError (get_docstring): unknown doc_fragment(s) in file /home/devops/ansible/collections/ansible_collections/community/general/plugins/modules/bzr.py: community.general._attributes
2026-08-18T06:36:51.423749+00:00 ERROR 'ansible_navigator.actions.collections._parse' /home/devops/ansible/collections/ansible_collections/community/general/plugins/modules/campfire.py AnsibleError (get_docstring): unknown doc_fragment(s) in file /home/devops/ansible/collections/ansible_collections/community/general/plugins/modules/campfire.py: community.general._attributes
2026-08-18T06:36:51.423766+00:00 ERROR 'ansible_navigator.actions.collections._parse' /home/devops/ansible/collections/ansible_collections/community/general/plugins/modules/capabilities.py AnsibleError (get_docstring): unknown doc_fragment(s) in file /home/devops/ansible/collections/ansible_collections/community/general/plugins/modules/capabilities.py: community.general._attributes
2026-08-18T06:36:51.423783+00:00 ERROR 'ansible_navigator.actions.collections._parse' /home/devops/ansible/collections/ansible_collections/community/general/plugins/modules/cargo.py AnsibleError (get_docstring): unknown doc_fragment(s) in file /home/devops/ansible/collections/ansible_collections/community/general/plugins/modules/cargo.py: community.general._attributes
2026-08-18T06:36:51.423800+00:00 ERROR 'ansible_navigator.actions.collections._parse' /home/devops/ansible/collections/ansible_collections/community/general/plugins/modules/circonus_annotation.py AnsibleError (get_docstring): unknown doc_fragment(s) in file /home/devops/ansible/collections/ansible_collections/community/general/plugins/modules/circonus_annotation.py: community.general._attributes
2026-08-18T06:36:51.423816+00:00 ERROR 'ansible_navigator.actions.collections._parse' /home/devops/ansible/collections/ansible_collections/community/general/plugins/modules/cisco_webex.py AnsibleError (get_docstring): unknown doc_fragment(s) in file /home/devops/ansible/collections/ansible_collections/community/general/plugins/modules/cisco_webex.py: community.general._attributes
2026-08-18T06:36:51.423833+00:00 ERROR 'ansible_navigator.actions.collections._parse' /home/devops/ansible/collections/ansible_collections/community/general/plugins/modules/cloud_init_data_facts.py AnsibleError (get_docstring): unknown doc_fragment(s) in file /home/devops/ansible/collections/ansible_collections/community/general/plugins/modules/cloud_init_data_facts.py: community.general._attributes, community.general._attributes.facts, community.general._attributes.facts_module
2026-08-18T06:36:51.423851+00:00 ERROR 'ansible_navigator.actions.collections._parse' /home/devops/ansible/collections/ansible_collections/community/general/plugins/modules/cloudflare_dns.py AnsibleError (get_docstring): unknown doc_fragment(s) in file /home/devops/ansible/collections/ansible_collections/community/general/plugins/modules/cloudflare_dns.py: community.general._attributes
2026-08-18T06:36:51.423869+00:00 ERROR 'ansible_navigator.actions.collections._parse' /home/devops/ansible/collections/ansible_collections/community/general/plugins/modules/cobbler_sync.py AnsibleError (get_docstring): unknown doc_fragment(s) in file /home/devops/ansible/collections/ansible_collections/community/general/plugins/modules/cobbler_sync.py: community.general._attributes
2026-08-18T06:36:51.423885+00:00 ERROR 'ansible_navigator.actions.collections._parse' /home/devops/ansible/collections/ansible_collections/community/general/plugins/modules/cobbler_system.py AnsibleError (get_docstring): unknown doc_fragment(s) in file /home/devops/ansible/collections/ansible_collections/community/general/plugins/modules/cobbler_system.py: community.general._attributes
2026-08-18T06:36:51.423901+00:00 ERROR 'ansible_navigator.actions.collections._parse' /home/devops/ansible/collections/ansible_collections/community/general/plugins/modules/composer.py AnsibleError (get_docstring): unknown doc_fragment(s) in file /home/devops/ansible/collections/ansible_collections/community/general/plugins/modules/composer.py: community.general._attributes
2026-08-18T06:36:51.423922+00:00 ERROR 'ansible_navigator.actions.collections._parse' /home/devops/ansible/collections/ansible_collections/community/general/plugins/modules/consul.py AnsibleError (get_docstring): unknown doc_fragment(s) in file /home/devops/ansible/collections/ansible_collections/community/general/plugins/modules/consul.py: community.general._attributes
2026-08-18T06:36:51.423948+00:00 ERROR 'ansible_navigator.actions.collections._parse' /home/devops/ansible/collections/ansible_collections/community/general/plugins/modules/consul_acl_bootstrap.py AnsibleError (get_docstring): unknown doc_fragment(s) in file /home/devops/ansible/collections/ansible_collections/community/general/plugins/modules/consul_acl_bootstrap.py: community.general._consul, community.general._attributes
2026-08-18T06:36:51.423965+00:00 ERROR 'ansible_navigator.actions.collections._parse' /home/devops/ansible/collections/ansible_collections/community/general/plugins/modules/consul_agent_check.py AnsibleError (get_docstring): unknown doc_fragment(s) in file /home/devops/ansible/collections/ansible_collections/community/general/plugins/modules/consul_agent_check.py: community.general._consul, community.general._consul.actiongroup_consul, community.general._consul.token, community.general._attributes
2026-08-18T06:36:51.423983+00:00 ERROR 'ansible_navigator.actions.collections._parse' /home/devops/ansible/collections/ansible_collections/community/general/plugins/modules/consul_agent_service.py AnsibleError (get_docstring): unknown doc_fragment(s) in file /home/devops/ansible/collections/ansible_collections/community/general/plugins/modules/consul_agent_service.py: community.general._consul, community.general._consul.actiongroup_consul, community.general._consul.token, community.general._attributes
2026-08-18T06:36:51.424001+00:00 ERROR 'ansible_navigator.actions.collections._parse' /home/devops/ansible/collections/ansible_collections/community/general/plugins/modules/consul_auth_method.py AnsibleError (get_docstring): unknown doc_fragment(s) in file /home/devops/ansible/collections/ansible_collections/community/general/plugins/modules/consul_auth_method.py: community.general._consul, community.general._consul.actiongroup_consul, community.general._consul.token, community.general._attributes
2026-08-18T06:36:51.424017+00:00 ERROR 'ansible_navigator.actions.collections._parse' /home/devops/ansible/collections/ansible_collections/community/general/plugins/modules/consul_binding_rule.py AnsibleError (get_docstring): unknown doc_fragment(s) in file /home/devops/ansible/collections/ansible_collections/community/general/plugins/modules/consul_binding_rule.py: community.general._consul, community.general._consul.actiongroup_consul, community.general._consul.token, community.general._attributes
2026-08-18T06:36:51.424034+00:00 ERROR 'ansible_navigator.actions.collections._parse' /home/devops/ansible/collections/ansible_collections/community/general/plugins/modules/consul_kv.py AnsibleError (get_docstring): unknown doc_fragment(s) in file /home/devops/ansible/collections/ansible_collections/community/general/plugins/modules/consul_kv.py: community.general._consul, community.general._consul.actiongroup_consul, community.general._consul.token, community.general._attributes
2026-08-18T06:36:51.424051+00:00 ERROR 'ansible_navigator.actions.collections._parse' /home/devops/ansible/collections/ansible_collections/community/general/plugins/modules/consul_kv_info.py AnsibleError (get_docstring): unknown doc_fragment(s) in file /home/devops/ansible/collections/ansible_collections/community/general/plugins/modules/consul_kv_info.py: community.general._consul, community.general._consul.actiongroup_consul, community.general._consul.token, community.general._attributes, community.general._attributes.info_module
2026-08-18T06:36:51.424070+00:00 ERROR 'ansible_navigator.actions.collections._parse' /home/devops/ansible/collections/ansible_collections/community/general/plugins/modules/consul_policy.py AnsibleError (get_docstring): unknown doc_fragment(s) in file /home/devops/ansible/collections/ansible_collections/community/general/plugins/modules/consul_policy.py: community.general._consul, community.general._consul.actiongroup_consul, community.general._consul.token, community.general._attributes
2026-08-18T06:36:51.424092+00:00 ERROR 'ansible_navigator.actions.collections._parse' /home/devops/ansible/collections/ansible_collections/community/general/plugins/modules/consul_role.py AnsibleError (get_docstring): unknown doc_fragment(s) in file /home/devops/ansible/collections/ansible_collections/community/general/plugins/modules/consul_role.py: community.general._consul, community.general._consul.token, community.general._consul.actiongroup_consul, community.general._attributes
2026-08-18T06:36:51.424109+00:00 ERROR 'ansible_navigator.actions.collections._parse' /home/devops/ansible/collections/ansible_collections/community/general/plugins/modules/consul_session.py AnsibleError (get_docstring): unknown doc_fragment(s) in file /home/devops/ansible/collections/ansible_collections/community/general/plugins/modules/consul_session.py: community.general._consul, community.general._consul.actiongroup_consul, community.general._consul.token, community.general._attributes
2026-08-18T06:36:51.424125+00:00 ERROR 'ansible_navigator.actions.collections._parse' /home/devops/ansible/collections/ansible_collections/community/general/plugins/modules/consul_token.py AnsibleError (get_docstring): unknown doc_fragment(s) in file /home/devops/ansible/collections/ansible_collections/community/general/plugins/modules/consul_token.py: community.general._consul, community.general._consul.token, community.general._consul.actiongroup_consul, community.general._attributes
2026-08-18T06:36:51.424141+00:00 ERROR 'ansible_navigator.actions.collections._parse' /home/devops/ansible/collections/ansible_collections/community/general/plugins/modules/copr.py AnsibleError (get_docstring): unknown doc_fragment(s) in file /home/devops/ansible/collections/ansible_collections/community/general/plugins/modules/copr.py: community.general._attributes
2026-08-18T06:36:51.424157+00:00 ERROR 'ansible_navigator.actions.collections._parse' /home/devops/ansible/collections/ansible_collections/community/general/plugins/modules/cpanm.py AnsibleError (get_docstring): unknown doc_fragment(s) in file /home/devops/ansible/collections/ansible_collections/community/general/plugins/modules/cpanm.py: community.general._attributes
2026-08-18T06:36:51.424174+00:00 ERROR 'ansible_navigator.actions.collections._parse' /home/devops/ansible/collections/ansible_collections/community/general/plugins/modules/cronvar.py AnsibleError (get_docstring): unknown doc_fragment(s) in file /home/devops/ansible/collections/ansible_collections/community/general/plugins/modules/cronvar.py: community.general._attributes
2026-08-18T06:36:51.424190+00:00 ERROR 'ansible_navigator.actions.collections._parse' /home/devops/ansible/collections/ansible_collections/community/general/plugins/modules/crypttab.py AnsibleError (get_docstring): unknown doc_fragment(s) in file /home/devops/ansible/collections/ansible_collections/community/general/plugins/modules/crypttab.py: community.general._attributes
2026-08-18T06:36:51.424207+00:00 ERROR 'ansible_navigator.actions.collections._parse' /home/devops/ansible/collections/ansible_collections/community/general/plugins/modules/datadog_downtime.py AnsibleError (get_docstring): unknown doc_fragment(s) in file /home/devops/ansible/collections/ansible_collections/community/general/plugins/modules/datadog_downtime.py: community.general._attributes
2026-08-18T06:36:51.424223+00:00 ERROR 'ansible_navigator.actions.collections._parse' /home/devops/ansible/collections/ansible_collections/community/general/plugins/modules/datadog_event.py AnsibleError (get_docstring): unknown doc_fragment(s) in file /home/devops/ansible/collections/ansible_collections/community/general/plugins/modules/datadog_event.py: community.general._attributes
2026-08-18T06:36:51.424242+00:00 ERROR 'ansible_navigator.actions.collections._parse' /home/devops/ansible/collections/ansible_collections/community/general/plugins/modules/datadog_monitor.py AnsibleError (get_docstring): unknown doc_fragment(s) in file /home/devops/ansible/collections/ansible_collections/community/general/plugins/modules/datadog_monitor.py: community.general._attributes
2026-08-18T06:36:51.424259+00:00 ERROR 'ansible_navigator.actions.collections._parse' /home/devops/ansible/collections/ansible_collections/community/general/plugins/modules/dconf.py AnsibleError (get_docstring): unknown doc_fragment(s) in file /home/devops/ansible/collections/ansible_collections/community/general/plugins/modules/dconf.py: community.general._attributes
2026-08-18T06:36:51.424275+00:00 ERROR 'ansible_navigator.actions.collections._parse' /home/devops/ansible/collections/ansible_collections/community/general/plugins/modules/decompress.py AnsibleError (get_docstring): unknown doc_fragment(s) in file /home/devops/ansible/collections/ansible_collections/community/general/plugins/modules/decompress.py: ansible.builtin.files, community.general._attributes
2026-08-18T06:36:51.424332+00:00 ERROR 'ansible_navigator.actions.collections._parse' /home/devops/ansible/collections/ansible_collections/community/general/plugins/modules/deploy_helper.py AnsibleError (get_docstring): unknown doc_fragment(s) in file /home/devops/ansible/collections/ansible_collections/community/general/plugins/modules/deploy_helper.py: ansible.builtin.files, community.general._attributes
2026-08-18T06:36:51.424607+00:00 ERROR 'ansible_navigator.actions.collections._parse' /home/devops/ansible/collections/ansible_collections/community/general/plugins/modules/discord.py AnsibleError (get_docstring): unknown doc_fragment(s) in file /home/devops/ansible/collections/ansible_collections/community/general/plugins/modules/discord.py: community.general._attributes
2026-08-18T06:36:51.424634+00:00 ERROR 'ansible_navigator.actions.collections._parse' /home/devops/ansible/collections/ansible_collections/community/general/plugins/modules/django_check.py AnsibleError (get_docstring): unknown doc_fragment(s) in file /home/devops/ansible/collections/ansible_collections/community/general/plugins/modules/django_check.py: community.general._attributes, community.general._django
2026-08-18T06:36:51.424652+00:00 ERROR 'ansible_navigator.actions.collections._parse' /home/devops/ansible/collections/ansible_collections/community/general/plugins/modules/django_command.py AnsibleError (get_docstring): unknown doc_fragment(s) in file /home/devops/ansible/collections/ansible_collections/community/general/plugins/modules/django_command.py: community.general._attributes, community.general._django
2026-08-18T06:36:51.424670+00:00 ERROR 'ansible_navigator.actions.collections._parse' /home/devops/ansible/collections/ansible_collections/community/general/plugins/modules/django_createcachetable.py AnsibleError (get_docstring): unknown doc_fragment(s) in file /home/devops/ansible/collections/ansible_collections/community/general/plugins/modules/django_createcachetable.py: community.general._attributes, community.general._django, community.general._django.database
2026-08-18T06:36:51.424688+00:00 ERROR 'ansible_navigator.actions.collections._parse' /home/devops/ansible/collections/ansible_collections/community/general/plugins/modules/django_dumpdata.py AnsibleError (get_docstring): unknown doc_fragment(s) in file /home/devops/ansible/collections/ansible_collections/community/general/plugins/modules/django_dumpdata.py: community.general._attributes, community.general._django, community.general._django.database, community.general._django.data
2026-08-18T06:36:51.424705+00:00 ERROR 'ansible_navigator.actions.collections._parse' /home/devops/ansible/collections/ansible_collections/community/general/plugins/modules/django_loaddata.py AnsibleError (get_docstring): unknown doc_fragment(s) in file /home/devops/ansible/collections/ansible_collections/community/general/plugins/modules/django_loaddata.py: community.general._attributes, community.general._django, community.general._django.database, community.general._django.data
2026-08-18T06:36:51.424727+00:00 ERROR 'ansible_navigator.actions.collections._parse' /home/devops/ansible/collections/ansible_collections/community/general/plugins/modules/django_manage.py AnsibleError (get_docstring): unknown doc_fragment(s) in file /home/devops/ansible/collections/ansible_collections/community/general/plugins/modules/django_manage.py: community.general._attributes
2026-08-18T06:36:51.424745+00:00 ERROR 'ansible_navigator.actions.collections._parse' /home/devops/ansible/collections/ansible_collections/community/general/plugins/modules/dnf_config_manager.py AnsibleError (get_docstring): unknown doc_fragment(s) in file /home/devops/ansible/collections/ansible_collections/community/general/plugins/modules/dnf_config_manager.py: community.general._attributes
2026-08-18T06:36:51.424762+00:00 ERROR 'ansible_navigator.actions.collections._parse' /home/devops/ansible/collections/ansible_collections/community/general/plugins/modules/dnf_versionlock.py AnsibleError (get_docstring): unknown doc_fragment(s) in file /home/devops/ansible/collections/ansible_collections/community/general/plugins/modules/dnf_versionlock.py: community.general._attributes
2026-08-18T06:36:51.424778+00:00 ERROR 'ansible_navigator.actions.collections._parse' /home/devops/ansible/collections/ansible_collections/community/general/plugins/modules/dnsimple.py AnsibleError (get_docstring): unknown doc_fragment(s) in file /home/devops/ansible/collections/ansible_collections/community/general/plugins/modules/dnsimple.py: community.general._attributes
2026-08-18T06:36:51.424794+00:00 ERROR 'ansible_navigator.actions.collections._parse' /home/devops/ansible/collections/ansible_collections/community/general/plugins/modules/dnsimple_info.py AnsibleError (get_docstring): unknown doc_fragment(s) in file /home/devops/ansible/collections/ansible_collections/community/general/plugins/modules/dnsimple_info.py: community.general._attributes, community.general._attributes.info_module
2026-08-18T06:36:51.424810+00:00 ERROR 'ansible_navigator.actions.collections._parse' /home/devops/ansible/collections/ansible_collections/community/general/plugins/modules/dnsmadeeasy.py AnsibleError (get_docstring): unknown doc_fragment(s) in file /home/devops/ansible/collections/ansible_collections/community/general/plugins/modules/dnsmadeeasy.py: community.general._attributes
2026-08-18T06:36:51.424827+00:00 ERROR 'ansible_navigator.actions.collections._parse' /home/devops/ansible/collections/ansible_collections/community/general/plugins/modules/dpkg_divert.py AnsibleError (get_docstring): unknown doc_fragment(s) in file /home/devops/ansible/collections/ansible_collections/community/general/plugins/modules/dpkg_divert.py: community.general._attributes
2026-08-18T06:36:51.424843+00:00 ERROR 'ansible_navigator.actions.collections._parse' /home/devops/ansible/collections/ansible_collections/community/general/plugins/modules/easy_install.py AnsibleError (get_docstring): unknown doc_fragment(s) in file /home/devops/ansible/collections/ansible_collections/community/general/plugins/modules/easy_install.py: community.general._attributes
2026-08-18T06:36:51.424860+00:00 ERROR 'ansible_navigator.actions.collections._parse' /home/devops/ansible/collections/ansible_collections/community/general/plugins/modules/ejabberd_user.py AnsibleError (get_docstring): unknown doc_fragment(s) in file /home/devops/ansible/collections/ansible_collections/community/general/plugins/modules/ejabberd_user.py: community.general._attributes
2026-08-18T06:36:51.424876+00:00 ERROR 'ansible_navigator.actions.collections._parse' /home/devops/ansible/collections/ansible_collections/community/general/plugins/modules/elasticsearch_plugin.py AnsibleError (get_docstring): unknown doc_fragment(s) in file /home/devops/ansible/collections/ansible_collections/community/general/plugins/modules/elasticsearch_plugin.py: community.general._attributes
2026-08-18T06:36:51.424893+00:00 ERROR 'ansible_navigator.actions.collections._parse' /home/devops/ansible/collections/ansible_collections/community/general/plugins/modules/emc_vnx_sg_member.py AnsibleError (get_docstring): unknown doc_fragment(s) in file /home/devops/ansible/collections/ansible_collections/community/general/plugins/modules/emc_vnx_sg_member.py: community.general._emc.emc_vnx, community.general._attributes
2026-08-18T06:36:51.424912+00:00 ERROR 'ansible_navigator.actions.collections._parse' /home/devops/ansible/collections/ansible_collections/community/general/plugins/modules/etcd3.py AnsibleError (get_docstring): unknown doc_fragment(s) in file /home/devops/ansible/collections/ansible_collections/community/general/plugins/modules/etcd3.py: community.general._attributes
2026-08-18T06:36:51.424930+00:00 ERROR 'ansible_navigator.actions.collections._parse' /home/devops/ansible/collections/ansible_collections/community/general/plugins/modules/facter_facts.py AnsibleError (get_docstring): unknown doc_fragment(s) in file /home/devops/ansible/collections/ansible_collections/community/general/plugins/modules/facter_facts.py: community.general._attributes, community.general._attributes.facts, community.general._attributes.facts_module
2026-08-18T06:36:51.424947+00:00 ERROR 'ansible_navigator.actions.collections._parse' /home/devops/ansible/collections/ansible_collections/community/general/plugins/modules/file_remove.py AnsibleError (get_docstring): unknown doc_fragment(s) in file /home/devops/ansible/collections/ansible_collections/community/general/plugins/modules/file_remove.py: community.general._attributes
2026-08-18T06:36:51.424963+00:00 ERROR 'ansible_navigator.actions.collections._parse' /home/devops/ansible/collections/ansible_collections/community/general/plugins/modules/filesize.py AnsibleError (get_docstring): unknown doc_fragment(s) in file /home/devops/ansible/collections/ansible_collections/community/general/plugins/modules/filesize.py: ansible.builtin.files, community.general._attributes
2026-08-18T06:36:51.424980+00:00 ERROR 'ansible_navigator.actions.collections._parse' /home/devops/ansible/collections/ansible_collections/community/general/plugins/modules/filesystem.py AnsibleError (get_docstring): unknown doc_fragment(s) in file /home/devops/ansible/collections/ansible_collections/community/general/plugins/modules/filesystem.py: community.general._attributes
2026-08-18T06:36:51.424997+00:00 ERROR 'ansible_navigator.actions.collections._parse' /home/devops/ansible/collections/ansible_collections/community/general/plugins/modules/flatpak.py AnsibleError (get_docstring): unknown doc_fragment(s) in file /home/devops/ansible/collections/ansible_collections/community/general/plugins/modules/flatpak.py: community.general._attributes
2026-08-18T06:36:51.425015+00:00 ERROR 'ansible_navigator.actions.collections._parse' /home/devops/ansible/collections/ansible_collections/community/general/plugins/modules/flatpak_remote.py AnsibleError (get_docstring): unknown doc_fragment(s) in file /home/devops/ansible/collections/ansible_collections/community/general/plugins/modules/flatpak_remote.py: community.general._attributes
2026-08-18T06:36:51.425033+00:00 ERROR 'ansible_navigator.actions.collections._parse' /home/devops/ansible/collections/ansible_collections/community/general/plugins/modules/gandi_livedns.py AnsibleError (get_docstring): unknown doc_fragment(s) in file /home/devops/ansible/collections/ansible_collections/community/general/plugins/modules/gandi_livedns.py: community.general._attributes
2026-08-18T06:36:51.425049+00:00 ERROR 'ansible_navigator.actions.collections._parse' /home/devops/ansible/collections/ansible_collections/community/general/plugins/modules/gconftool2.py AnsibleError (get_docstring): unknown doc_fragment(s) in file /home/devops/ansible/collections/ansible_collections/community/general/plugins/modules/gconftool2.py: community.general._attributes
2026-08-18T06:36:51.425066+00:00 ERROR 'ansible_navigator.actions.collections._parse' /home/devops/ansible/collections/ansible_collections/community/general/plugins/modules/gconftool2_info.py AnsibleError (get_docstring): unknown doc_fragment(s) in file /home/devops/ansible/collections/ansible_collections/community/general/plugins/modules/gconftool2_info.py: community.general._attributes, community.general._attributes.info_module
2026-08-18T06:36:51.425088+00:00 ERROR 'ansible_navigator.actions.collections._parse' /home/devops/ansible/collections/ansible_collections/community/general/plugins/modules/gem.py AnsibleError (get_docstring): unknown doc_fragment(s) in file /home/devops/ansible/collections/ansible_collections/community/general/plugins/modules/gem.py: community.general._attributes
2026-08-18T06:36:51.425106+00:00 ERROR 'ansible_navigator.actions.collections._parse' /home/devops/ansible/collections/ansible_collections/community/general/plugins/modules/gio_mime.py AnsibleError (get_docstring): unknown doc_fragment(s) in file /home/devops/ansible/collections/ansible_collections/community/general/plugins/modules/gio_mime.py: community.general._attributes
2026-08-18T06:36:51.425122+00:00 ERROR 'ansible_navigator.actions.collections._parse' /home/devops/ansible/collections/ansible_collections/community/general/plugins/modules/git_config.py AnsibleError (get_docstring): unknown doc_fragment(s) in file /home/devops/ansible/collections/ansible_collections/community/general/plugins/modules/git_config.py: community.general._attributes
2026-08-18T06:36:51.425139+00:00 ERROR 'ansible_navigator.actions.collections._parse' /home/devops/ansible/collections/ansible_collections/community/general/plugins/modules/git_config_info.py AnsibleError (get_docstring): unknown doc_fragment(s) in file /home/devops/ansible/collections/ansible_collections/community/general/plugins/modules/git_config_info.py: community.general._attributes, community.general._attributes.info_module
2026-08-18T06:36:51.425155+00:00 ERROR 'ansible_navigator.actions.collections._parse' /home/devops/ansible/collections/ansible_collections/community/general/plugins/modules/github_deploy_key.py AnsibleError (get_docstring): unknown doc_fragment(s) in file /home/devops/ansible/collections/ansible_collections/community/general/plugins/modules/github_deploy_key.py: community.general._attributes
2026-08-18T06:36:51.425171+00:00 ERROR 'ansible_navigator.actions.collections._parse' /home/devops/ansible/collections/ansible_collections/community/general/plugins/modules/github_issue.py AnsibleError (get_docstring): unknown doc_fragment(s) in file /home/devops/ansible/collections/ansible_collections/community/general/plugins/modules/github_issue.py: community.general._attributes
2026-08-18T06:36:51.425187+00:00 ERROR 'ansible_navigator.actions.collections._parse' /home/devops/ansible/collections/ansible_collections/community/general/plugins/modules/github_key.py AnsibleError (get_docstring): unknown doc_fragment(s) in file /home/devops/ansible/collections/ansible_collections/community/general/plugins/modules/github_key.py: community.general._attributes
2026-08-18T06:36:51.425204+00:00 ERROR 'ansible_navigator.actions.collections._parse' /home/devops/ansible/collections/ansible_collections/community/general/plugins/modules/github_release.py AnsibleError (get_docstring): unknown doc_fragment(s) in file /home/devops/ansible/collections/ansible_collections/community/general/plugins/modules/github_release.py: community.general._attributes
2026-08-18T06:36:51.425220+00:00 ERROR 'ansible_navigator.actions.collections._parse' /home/devops/ansible/collections/ansible_collections/community/general/plugins/modules/github_repo.py AnsibleError (get_docstring): unknown doc_fragment(s) in file /home/devops/ansible/collections/ansible_collections/community/general/plugins/modules/github_repo.py: community.general._attributes
2026-08-18T06:36:51.425236+00:00 ERROR 'ansible_navigator.actions.collections._parse' /home/devops/ansible/collections/ansible_collections/community/general/plugins/modules/github_secrets.py AnsibleError (get_docstring): unknown doc_fragment(s) in file /home/devops/ansible/collections/ansible_collections/community/general/plugins/modules/github_secrets.py: community.general._attributes
2026-08-18T06:36:51.425254+00:00 ERROR 'ansible_navigator.actions.collections._parse' /home/devops/ansible/collections/ansible_collections/community/general/plugins/modules/github_secrets_info.py AnsibleError (get_docstring): unknown doc_fragment(s) in file /home/devops/ansible/collections/ansible_collections/community/general/plugins/modules/github_secrets_info.py: community.general._attributes, community.general._attributes.info_module
2026-08-18T06:36:51.425271+00:00 ERROR 'ansible_navigator.actions.collections._parse' /home/devops/ansible/collections/ansible_collections/community/general/plugins/modules/github_webhook.py AnsibleError (get_docstring): unknown doc_fragment(s) in file /home/devops/ansible/collections/ansible_collections/community/general/plugins/modules/github_webhook.py: community.general._attributes
2026-08-18T06:36:51.425288+00:00 ERROR 'ansible_navigator.actions.collections._parse' /home/devops/ansible/collections/ansible_collections/community/general/plugins/modules/github_webhook_info.py AnsibleError (get_docstring): unknown doc_fragment(s) in file /home/devops/ansible/collections/ansible_collections/community/general/plugins/modules/github_webhook_info.py: community.general._attributes, community.general._attributes.info_module
2026-08-18T06:36:51.425372+00:00 ERROR 'ansible_navigator.actions.collections._parse' /home/devops/ansible/collections/ansible_collections/community/general/plugins/modules/gitlab_branch.py AnsibleError (get_docstring): unknown doc_fragment(s) in file /home/devops/ansible/collections/ansible_collections/community/general/plugins/modules/gitlab_branch.py: community.general._auth_basic, community.general._gitlab, community.general._attributes
2026-08-18T06:36:51.425410+00:00 ERROR 'ansible_navigator.actions.collections._parse' /home/devops/ansible/collections/ansible_collections/community/general/plugins/modules/gitlab_deploy_key.py AnsibleError (get_docstring): unknown doc_fragment(s) in file /home/devops/ansible/collections/ansible_collections/community/general/plugins/modules/gitlab_deploy_key.py: community.general._auth_basic, community.general._gitlab, community.general._attributes
2026-08-18T06:36:51.425597+00:00 ERROR 'ansible_navigator.actions.collections._parse' /home/devops/ansible/collections/ansible_collections/community/general/plugins/modules/gitlab_group.py AnsibleError (get_docstring): unknown doc_fragment(s) in file /home/devops/ansible/collections/ansible_collections/community/general/plugins/modules/gitlab_group.py: community.general._auth_basic, community.general._gitlab, community.general._attributes
2026-08-18T06:36:51.425652+00:00 ERROR 'ansible_navigator.actions.collections._parse' /home/devops/ansible/collections/ansible_collections/community/general/plugins/modules/gitlab_group_access_token.py AnsibleError (get_docstring): unknown doc_fragment(s) in file /home/devops/ansible/collections/ansible_collections/community/general/plugins/modules/gitlab_group_access_token.py: community.general._auth_basic, community.general._gitlab, community.general._attributes
2026-08-18T06:36:51.425673+00:00 ERROR 'ansible_navigator.actions.collections._parse' /home/devops/ansible/collections/ansible_collections/community/general/plugins/modules/gitlab_group_members.py AnsibleError (get_docstring): unknown doc_fragment(s) in file /home/devops/ansible/collections/ansible_collections/community/general/plugins/modules/gitlab_group_members.py: community.general._auth_basic, community.general._gitlab, community.general._attributes
2026-08-18T06:36:51.425691+00:00 ERROR 'ansible_navigator.actions.collections._parse' /home/devops/ansible/collections/ansible_collections/community/general/plugins/modules/gitlab_group_variable.py AnsibleError (get_docstring): unknown doc_fragment(s) in file /home/devops/ansible/collections/ansible_collections/community/general/plugins/modules/gitlab_group_variable.py: community.general._auth_basic, community.general._gitlab, community.general._attributes
2026-08-18T06:36:51.425708+00:00 ERROR 'ansible_navigator.actions.collections._parse' /home/devops/ansible/collections/ansible_collections/community/general/plugins/modules/gitlab_hook.py AnsibleError (get_docstring): unknown doc_fragment(s) in file /home/devops/ansible/collections/ansible_collections/community/general/plugins/modules/gitlab_hook.py: community.general._auth_basic, community.general._gitlab, community.general._attributes
2026-08-18T06:36:51.425734+00:00 ERROR 'ansible_navigator.actions.collections._parse' /home/devops/ansible/collections/ansible_collections/community/general/plugins/modules/gitlab_instance_variable.py AnsibleError (get_docstring): unknown doc_fragment(s) in file /home/devops/ansible/collections/ansible_collections/community/general/plugins/modules/gitlab_instance_variable.py: community.general._auth_basic, community.general._gitlab, community.general._attributes
2026-08-18T06:36:51.425752+00:00 ERROR 'ansible_navigator.actions.collections._parse' /home/devops/ansible/collections/ansible_collections/community/general/plugins/modules/gitlab_issue.py AnsibleError (get_docstring): unknown doc_fragment(s) in file /home/devops/ansible/collections/ansible_collections/community/general/plugins/modules/gitlab_issue.py: community.general._auth_basic, community.general._gitlab, community.general._attributes
2026-08-18T06:36:51.425769+00:00 ERROR 'ansible_navigator.actions.collections._parse' /home/devops/ansible/collections/ansible_collections/community/general/plugins/modules/gitlab_label.py AnsibleError (get_docstring): unknown doc_fragment(s) in file /home/devops/ansible/collections/ansible_collections/community/general/plugins/modules/gitlab_label.py: community.general._auth_basic, community.general._gitlab, community.general._attributes
2026-08-18T06:36:51.425785+00:00 ERROR 'ansible_navigator.actions.collections._parse' /home/devops/ansible/collections/ansible_collections/community/general/plugins/modules/gitlab_merge_request.py AnsibleError (get_docstring): unknown doc_fragment(s) in file /home/devops/ansible/collections/ansible_collections/community/general/plugins/modules/gitlab_merge_request.py: community.general._auth_basic, community.general._gitlab, community.general._attributes
2026-08-18T06:36:51.425802+00:00 ERROR 'ansible_navigator.actions.collections._parse' /home/devops/ansible/collections/ansible_collections/community/general/plugins/modules/gitlab_milestone.py AnsibleError (get_docstring): unknown doc_fragment(s) in file /home/devops/ansible/collections/ansible_collections/community/general/plugins/modules/gitlab_milestone.py: community.general._auth_basic, community.general._gitlab, community.general._attributes
2026-08-18T06:36:51.425818+00:00 ERROR 'ansible_navigator.actions.collections._parse' /home/devops/ansible/collections/ansible_collections/community/general/plugins/modules/gitlab_project.py AnsibleError (get_docstring): unknown doc_fragment(s) in file /home/devops/ansible/collections/ansible_collections/community/general/plugins/modules/gitlab_project.py: community.general._auth_basic, community.general._gitlab, community.general._attributes
2026-08-18T06:36:51.425834+00:00 ERROR 'ansible_navigator.actions.collections._parse' /home/devops/ansible/collections/ansible_collections/community/general/plugins/modules/gitlab_project_access_token.py AnsibleError (get_docstring): unknown doc_fragment(s) in file /home/devops/ansible/collections/ansible_collections/community/general/plugins/modules/gitlab_project_access_token.py: community.general._auth_basic, community.general._gitlab, community.general._attributes
2026-08-18T06:36:51.425850+00:00 ERROR 'ansible_navigator.actions.collections._parse' /home/devops/ansible/collections/ansible_collections/community/general/plugins/modules/gitlab_project_approvals.py AnsibleError (get_docstring): unknown doc_fragment(s) in file /home/devops/ansible/collections/ansible_collections/community/general/plugins/modules/gitlab_project_approvals.py: community.general._auth_basic, community.general._gitlab, community.general._attributes
2026-08-18T06:36:51.425867+00:00 ERROR 'ansible_navigator.actions.collections._parse' /home/devops/ansible/collections/ansible_collections/community/general/plugins/modules/gitlab_project_badge.py AnsibleError (get_docstring): unknown doc_fragment(s) in file /home/devops/ansible/collections/ansible_collections/community/general/plugins/modules/gitlab_project_badge.py: community.general._auth_basic, community.general._gitlab, community.general._attributes
2026-08-18T06:36:51.425886+00:00 ERROR 'ansible_navigator.actions.collections._parse' /home/devops/ansible/collections/ansible_collections/community/general/plugins/modules/gitlab_project_members.py AnsibleError (get_docstring): unknown doc_fragment(s) in file /home/devops/ansible/collections/ansible_collections/community/general/plugins/modules/gitlab_project_members.py: community.general._auth_basic, community.general._gitlab, community.general._attributes
2026-08-18T06:36:51.425903+00:00 ERROR 'ansible_navigator.actions.collections._parse' /home/devops/ansible/collections/ansible_collections/community/general/plugins/modules/gitlab_project_variable.py AnsibleError (get_docstring): unknown doc_fragment(s) in file /home/devops/ansible/collections/ansible_collections/community/general/plugins/modules/gitlab_project_variable.py: community.general._auth_basic, community.general._gitlab, community.general._attributes
2026-08-18T06:36:51.425920+00:00 ERROR 'ansible_navigator.actions.collections._parse' /home/devops/ansible/collections/ansible_collections/community/general/plugins/modules/gitlab_protected_branch.py AnsibleError (get_docstring): unknown doc_fragment(s) in file /home/devops/ansible/collections/ansible_collections/community/general/plugins/modules/gitlab_protected_branch.py: community.general._auth_basic, community.general._gitlab, community.general._attributes
2026-08-18T06:36:51.425937+00:00 ERROR 'ansible_navigator.actions.collections._parse' /home/devops/ansible/collections/ansible_collections/community/general/plugins/modules/grove.py AnsibleError (get_docstring): unknown doc_fragment(s) in file /home/devops/ansible/collections/ansible_collections/community/general/plugins/modules/grove.py: community.general._attributes
2026-08-18T06:36:51.425953+00:00 ERROR 'ansible_navigator.actions.collections._parse' /home/devops/ansible/collections/ansible_collections/community/general/plugins/modules/gitlab_runner.py AnsibleError (get_docstring): unknown doc_fragment(s) in file /home/devops/ansible/collections/ansible_collections/community/general/plugins/modules/gitlab_runner.py: community.general._auth_basic, community.general._gitlab, community.general._attributes
2026-08-18T06:36:51.425970+00:00 ERROR 'ansible_navigator.actions.collections._parse' /home/devops/ansible/collections/ansible_collections/community/general/plugins/modules/gitlab_user.py AnsibleError (get_docstring): unknown doc_fragment(s) in file /home/devops/ansible/collections/ansible_collections/community/general/plugins/modules/gitlab_user.py: community.general._auth_basic, community.general._gitlab, community.general._attributes
2026-08-18T06:36:51.425986+00:00 ERROR 'ansible_navigator.actions.collections._parse' /home/devops/ansible/collections/ansible_collections/community/general/plugins/modules/golang_package.py AnsibleError (get_docstring): unknown doc_fragment(s) in file /home/devops/ansible/collections/ansible_collections/community/general/plugins/modules/golang_package.py: community.general._attributes
2026-08-18T06:36:51.426003+00:00 ERROR 'ansible_navigator.actions.collections._parse' /home/devops/ansible/collections/ansible_collections/community/general/plugins/modules/google_chat.py AnsibleError (get_docstring): unknown doc_fragment(s) in file /home/devops/ansible/collections/ansible_collections/community/general/plugins/modules/google_chat.py: community.general._attributes
2026-08-18T06:36:51.426020+00:00 ERROR 'ansible_navigator.actions.collections._parse' /home/devops/ansible/collections/ansible_collections/community/general/plugins/modules/gunicorn.py AnsibleError (get_docstring): unknown doc_fragment(s) in file /home/devops/ansible/collections/ansible_collections/community/general/plugins/modules/gunicorn.py: community.general._attributes
2026-08-18T06:36:51.426040+00:00 ERROR 'ansible_navigator.actions.collections._parse' /home/devops/ansible/collections/ansible_collections/community/general/plugins/modules/haproxy.py AnsibleError (get_docstring): unknown doc_fragment(s) in file /home/devops/ansible/collections/ansible_collections/community/general/plugins/modules/haproxy.py: community.general._attributes
2026-08-18T06:36:51.426058+00:00 ERROR 'ansible_navigator.actions.collections._parse' /home/devops/ansible/collections/ansible_collections/community/general/plugins/modules/heroku_collaborator.py AnsibleError (get_docstring): unknown doc_fragment(s) in file /home/devops/ansible/collections/ansible_collections/community/general/plugins/modules/heroku_collaborator.py: community.general._attributes
2026-08-18T06:36:51.426074+00:00 ERROR 'ansible_navigator.actions.collections._parse' /home/devops/ansible/collections/ansible_collections/community/general/plugins/modules/hg.py AnsibleError (get_docstring): unknown doc_fragment(s) in file /home/devops/ansible/collections/ansible_collections/community/general/plugins/modules/hg.py: community.general._attributes
2026-08-18T06:36:51.426091+00:00 ERROR 'ansible_navigator.actions.collections._parse' /home/devops/ansible/collections/ansible_collections/community/general/plugins/modules/homebrew.py AnsibleError (get_docstring): unknown doc_fragment(s) in file /home/devops/ansible/collections/ansible_collections/community/general/plugins/modules/homebrew.py: community.general._attributes
2026-08-18T06:36:51.426108+00:00 ERROR 'ansible_navigator.actions.collections._parse' /home/devops/ansible/collections/ansible_collections/community/general/plugins/modules/homebrew_cask.py AnsibleError (get_docstring): unknown doc_fragment(s) in file /home/devops/ansible/collections/ansible_collections/community/general/plugins/modules/homebrew_cask.py: community.general._attributes
2026-08-18T06:36:51.426124+00:00 ERROR 'ansible_navigator.actions.collections._parse' /home/devops/ansible/collections/ansible_collections/community/general/plugins/modules/homebrew_services.py AnsibleError (get_docstring): unknown doc_fragment(s) in file /home/devops/ansible/collections/ansible_collections/community/general/plugins/modules/homebrew_services.py: community.general._attributes
2026-08-18T06:36:51.426140+00:00 ERROR 'ansible_navigator.actions.collections._parse' /home/devops/ansible/collections/ansible_collections/community/general/plugins/modules/homebrew_tap.py AnsibleError (get_docstring): unknown doc_fragment(s) in file /home/devops/ansible/collections/ansible_collections/community/general/plugins/modules/homebrew_tap.py: community.general._attributes
2026-08-18T06:36:51.426156+00:00 ERROR 'ansible_navigator.actions.collections._parse' /home/devops/ansible/collections/ansible_collections/community/general/plugins/modules/homectl.py AnsibleError (get_docstring): unknown doc_fragment(s) in file /home/devops/ansible/collections/ansible_collections/community/general/plugins/modules/homectl.py: community.general._attributes
2026-08-18T06:36:51.426172+00:00 ERROR 'ansible_navigator.actions.collections._parse' /home/devops/ansible/collections/ansible_collections/community/general/plugins/modules/honeybadger_deployment.py AnsibleError (get_docstring): unknown doc_fragment(s) in file /home/devops/ansible/collections/ansible_collections/community/general/plugins/modules/honeybadger_deployment.py: community.general._attributes
2026-08-18T06:36:51.426188+00:00 ERROR 'ansible_navigator.actions.collections._parse' /home/devops/ansible/collections/ansible_collections/community/general/plugins/modules/hpilo_boot.py AnsibleError (get_docstring): unknown doc_fragment(s) in file /home/devops/ansible/collections/ansible_collections/community/general/plugins/modules/hpilo_boot.py: community.general._attributes
2026-08-18T06:36:51.426205+00:00 ERROR 'ansible_navigator.actions.collections._parse' /home/devops/ansible/collections/ansible_collections/community/general/plugins/modules/hpilo_info.py AnsibleError (get_docstring): unknown doc_fragment(s) in file /home/devops/ansible/collections/ansible_collections/community/general/plugins/modules/hpilo_info.py: community.general._attributes, community.general._attributes.info_module
2026-08-18T06:36:51.426223+00:00 ERROR 'ansible_navigator.actions.collections._parse' /home/devops/ansible/collections/ansible_collections/community/general/plugins/modules/hponcfg.py AnsibleError (get_docstring): unknown doc_fragment(s) in file /home/devops/ansible/collections/ansible_collections/community/general/plugins/modules/hponcfg.py: community.general._attributes
2026-08-18T06:36:51.426240+00:00 ERROR 'ansible_navigator.actions.collections._parse' /home/devops/ansible/collections/ansible_collections/community/general/plugins/modules/htpasswd.py AnsibleError (get_docstring): unknown doc_fragment(s) in file /home/devops/ansible/collections/ansible_collections/community/general/plugins/modules/htpasswd.py: ansible.builtin.files, community.general._attributes
2026-08-18T06:36:51.426257+00:00 ERROR 'ansible_navigator.actions.collections._parse' /home/devops/ansible/collections/ansible_collections/community/general/plugins/modules/hwc_ecs_instance.py AnsibleError (get_docstring): unknown doc_fragment(s) in file /home/devops/ansible/collections/ansible_collections/community/general/plugins/modules/hwc_ecs_instance.py: community.general._hwc, community.general._attributes
2026-08-18T06:36:51.426274+00:00 ERROR 'ansible_navigator.actions.collections._parse' /home/devops/ansible/collections/ansible_collections/community/general/plugins/modules/hwc_evs_disk.py AnsibleError (get_docstring): unknown doc_fragment(s) in file /home/devops/ansible/collections/ansible_collections/community/general/plugins/modules/hwc_evs_disk.py: community.general._hwc, community.general._attributes
2026-08-18T06:36:51.426291+00:00 ERROR 'ansible_navigator.actions.collections._parse' /home/devops/ansible/collections/ansible_collections/community/general/plugins/modules/hwc_network_vpc.py AnsibleError (get_docstring): unknown doc_fragment(s) in file /home/devops/ansible/collections/ansible_collections/community/general/plugins/modules/hwc_network_vpc.py: community.general._hwc, community.general._attributes
2026-08-18T06:36:51.426306+00:00 ERROR 'ansible_navigator.actions.collections._parse' /home/devops/ansible/collections/ansible_collections/community/general/plugins/modules/hwc_smn_topic.py AnsibleError (get_docstring): unknown doc_fragment(s) in file /home/devops/ansible/collections/ansible_collections/community/general/plugins/modules/hwc_smn_topic.py: community.general._hwc, community.general._attributes
2026-08-18T06:36:51.426323+00:00 ERROR 'ansible_navigator.actions.collections._parse' /home/devops/ansible/collections/ansible_collections/community/general/plugins/modules/hwc_vpc_eip.py AnsibleError (get_docstring): unknown doc_fragment(s) in file /home/devops/ansible/collections/ansible_collections/community/general/plugins/modules/hwc_vpc_eip.py: community.general._hwc, community.general._attributes
2026-08-18T06:36:51.426385+00:00 ERROR 'ansible_navigator.actions.collections._parse' /home/devops/ansible/collections/ansible_collections/community/general/plugins/modules/hwc_vpc_peering_connect.py AnsibleError (get_docstring): unknown doc_fragment(s) in file /home/devops/ansible/collections/ansible_collections/community/general/plugins/modules/hwc_vpc_peering_connect.py: community.general._hwc, community.general._attributes
2026-08-18T06:36:51.426428+00:00 ERROR 'ansible_navigator.actions.collections._parse' /home/devops/ansible/collections/ansible_collections/community/general/plugins/modules/hwc_vpc_port.py AnsibleError (get_docstring): unknown doc_fragment(s) in file /home/devops/ansible/collections/ansible_collections/community/general/plugins/modules/hwc_vpc_port.py: community.general._hwc, community.general._attributes
2026-08-18T06:36:51.426456+00:00 ERROR 'ansible_navigator.actions.collections._parse' /home/devops/ansible/collections/ansible_collections/community/general/plugins/modules/hwc_vpc_private_ip.py AnsibleError (get_docstring): unknown doc_fragment(s) in file /home/devops/ansible/collections/ansible_collections/community/general/plugins/modules/hwc_vpc_private_ip.py: community.general._hwc, community.general._attributes
2026-08-18T06:36:51.426505+00:00 ERROR 'ansible_navigator.actions.collections._parse' /home/devops/ansible/collections/ansible_collections/community/general/plugins/modules/hwc_vpc_route.py AnsibleError (get_docstring): unknown doc_fragment(s) in file /home/devops/ansible/collections/ansible_collections/community/general/plugins/modules/hwc_vpc_route.py: community.general._hwc, community.general._attributes
2026-08-18T06:36:51.426556+00:00 ERROR 'ansible_navigator.actions.collections._parse' /home/devops/ansible/collections/ansible_collections/community/general/plugins/modules/hwc_vpc_security_group.py AnsibleError (get_docstring): unknown doc_fragment(s) in file /home/devops/ansible/collections/ansible_collections/community/general/plugins/modules/hwc_vpc_security_group.py: community.general._hwc, community.general._attributes
2026-08-18T06:36:51.426930+00:00 ERROR 'ansible_navigator.actions.collections._parse' /home/devops/ansible/collections/ansible_collections/community/general/plugins/modules/hwc_vpc_security_group_rule.py AnsibleError (get_docstring): unknown doc_fragment(s) in file /home/devops/ansible/collections/ansible_collections/community/general/plugins/modules/hwc_vpc_security_group_rule.py: community.general._hwc, community.general._attributes
2026-08-18T06:36:51.426984+00:00 ERROR 'ansible_navigator.actions.collections._parse' /home/devops/ansible/collections/ansible_collections/community/general/plugins/modules/hwc_vpc_subnet.py AnsibleError (get_docstring): unknown doc_fragment(s) in file /home/devops/ansible/collections/ansible_collections/community/general/plugins/modules/hwc_vpc_subnet.py: community.general._hwc, community.general._attributes
2026-08-18T06:36:51.427006+00:00 ERROR 'ansible_navigator.actions.collections._parse' /home/devops/ansible/collections/ansible_collections/community/general/plugins/modules/ibm_sa_domain.py AnsibleError (get_docstring): unknown doc_fragment(s) in file /home/devops/ansible/collections/ansible_collections/community/general/plugins/modules/ibm_sa_domain.py: community.general._ibm_storage, community.general._attributes
2026-08-18T06:36:51.427025+00:00 ERROR 'ansible_navigator.actions.collections._parse' /home/devops/ansible/collections/ansible_collections/community/general/plugins/modules/ibm_sa_host.py AnsibleError (get_docstring): unknown doc_fragment(s) in file /home/devops/ansible/collections/ansible_collections/community/general/plugins/modules/ibm_sa_host.py: community.general._ibm_storage, community.general._attributes
2026-08-18T06:36:51.427042+00:00 ERROR 'ansible_navigator.actions.collections._parse' /home/devops/ansible/collections/ansible_collections/community/general/plugins/modules/ibm_sa_host_ports.py AnsibleError (get_docstring): unknown doc_fragment(s) in file /home/devops/ansible/collections/ansible_collections/community/general/plugins/modules/ibm_sa_host_ports.py: community.general._ibm_storage, community.general._attributes
2026-08-18T06:36:51.427068+00:00 ERROR 'ansible_navigator.actions.collections._parse' /home/devops/ansible/collections/ansible_collections/community/general/plugins/modules/ibm_sa_pool.py AnsibleError (get_docstring): unknown doc_fragment(s) in file /home/devops/ansible/collections/ansible_collections/community/general/plugins/modules/ibm_sa_pool.py: community.general._ibm_storage, community.general._attributes
2026-08-18T06:36:51.427109+00:00 ERROR 'ansible_navigator.actions.collections._parse' /home/devops/ansible/collections/ansible_collections/community/general/plugins/modules/ibm_sa_vol.py AnsibleError (get_docstring): unknown doc_fragment(s) in file /home/devops/ansible/collections/ansible_collections/community/general/plugins/modules/ibm_sa_vol.py: community.general._ibm_storage, community.general._attributes
2026-08-18T06:36:51.427146+00:00 ERROR 'ansible_navigator.actions.collections._parse' /home/devops/ansible/collections/ansible_collections/community/general/plugins/modules/ibm_sa_vol_map.py AnsibleError (get_docstring): unknown doc_fragment(s) in file /home/devops/ansible/collections/ansible_collections/community/general/plugins/modules/ibm_sa_vol_map.py: community.general._ibm_storage, community.general._attributes
2026-08-18T06:36:51.427175+00:00 ERROR 'ansible_navigator.actions.collections._parse' /home/devops/ansible/collections/ansible_collections/community/general/plugins/modules/icinga2_downtime.py AnsibleError (get_docstring): unknown doc_fragment(s) in file /home/devops/ansible/collections/ansible_collections/community/general/plugins/modules/icinga2_downtime.py: community.general._icinga2_api, community.general._attributes, ansible.builtin.url
2026-08-18T06:36:51.427201+00:00 ERROR 'ansible_navigator.actions.collections._parse' /home/devops/ansible/collections/ansible_collections/community/general/plugins/modules/icinga2_feature.py AnsibleError (get_docstring): unknown doc_fragment(s) in file /home/devops/ansible/collections/ansible_collections/community/general/plugins/modules/icinga2_feature.py: community.general._attributes
2026-08-18T06:36:51.427226+00:00 ERROR 'ansible_navigator.actions.collections._parse' /home/devops/ansible/collections/ansible_collections/community/general/plugins/modules/icinga2_host.py AnsibleError (get_docstring): unknown doc_fragment(s) in file /home/devops/ansible/collections/ansible_collections/community/general/plugins/modules/icinga2_host.py: ansible.builtin.url, community.general._attributes
2026-08-18T06:36:51.427247+00:00 ERROR 'ansible_navigator.actions.collections._parse' /home/devops/ansible/collections/ansible_collections/community/general/plugins/modules/idrac_redfish_command.py AnsibleError (get_docstring): unknown doc_fragment(s) in file /home/devops/ansible/collections/ansible_collections/community/general/plugins/modules/idrac_redfish_command.py: community.general._attributes, community.general._redfish
2026-08-18T06:36:51.427264+00:00 ERROR 'ansible_navigator.actions.collections._parse' /home/devops/ansible/collections/ansible_collections/community/general/plugins/modules/idrac_redfish_config.py AnsibleError (get_docstring): unknown doc_fragment(s) in file /home/devops/ansible/collections/ansible_collections/community/general/plugins/modules/idrac_redfish_config.py: community.general._attributes, community.general._redfish
2026-08-18T06:36:51.427281+00:00 ERROR 'ansible_navigator.actions.collections._parse' /home/devops/ansible/collections/ansible_collections/community/general/plugins/modules/idrac_redfish_info.py AnsibleError (get_docstring): unknown doc_fragment(s) in file /home/devops/ansible/collections/ansible_collections/community/general/plugins/modules/idrac_redfish_info.py: community.general._attributes, community.general._attributes.info_module, community.general._redfish
2026-08-18T06:36:51.427300+00:00 ERROR 'ansible_navigator.actions.collections._parse' /home/devops/ansible/collections/ansible_collections/community/general/plugins/modules/ilo_redfish_command.py AnsibleError (get_docstring): unknown doc_fragment(s) in file /home/devops/ansible/collections/ansible_collections/community/general/plugins/modules/ilo_redfish_command.py: community.general._attributes, community.general._redfish
2026-08-18T06:36:51.427317+00:00 ERROR 'ansible_navigator.actions.collections._parse' /home/devops/ansible/collections/ansible_collections/community/general/plugins/modules/ilo_redfish_config.py AnsibleError (get_docstring): unknown doc_fragment(s) in file /home/devops/ansible/collections/ansible_collections/community/general/plugins/modules/ilo_redfish_config.py: community.general._attributes, community.general._redfish
2026-08-18T06:36:51.427412+00:00 ERROR 'ansible_navigator.actions.collections._parse' /home/devops/ansible/collections/ansible_collections/community/general/plugins/modules/ilo_redfish_info.py AnsibleError (get_docstring): unknown doc_fragment(s) in file /home/devops/ansible/collections/ansible_collections/community/general/plugins/modules/ilo_redfish_info.py: community.general._attributes, community.general._attributes.info_module, community.general._redfish
2026-08-18T06:36:51.427456+00:00 ERROR 'ansible_navigator.actions.collections._parse' /home/devops/ansible/collections/ansible_collections/community/general/plugins/modules/imc_rest.py AnsibleError (get_docstring): unknown doc_fragment(s) in file /home/devops/ansible/collections/ansible_collections/community/general/plugins/modules/imc_rest.py: community.general._attributes
2026-08-18T06:36:51.427480+00:00 ERROR 'ansible_navigator.actions.collections._parse' /home/devops/ansible/collections/ansible_collections/community/general/plugins/modules/imgadm.py AnsibleError (get_docstring): unknown doc_fragment(s) in file /home/devops/ansible/collections/ansible_collections/community/general/plugins/modules/imgadm.py: community.general._attributes
2026-08-18T06:36:51.427498+00:00 ERROR 'ansible_navigator.actions.collections._parse' /home/devops/ansible/collections/ansible_collections/community/general/plugins/modules/infinity.py AnsibleError (get_docstring): unknown doc_fragment(s) in file /home/devops/ansible/collections/ansible_collections/community/general/plugins/modules/infinity.py: community.general._attributes
2026-08-18T06:36:51.427514+00:00 ERROR 'ansible_navigator.actions.collections._parse' /home/devops/ansible/collections/ansible_collections/community/general/plugins/modules/influxdb_database.py AnsibleError (get_docstring): unknown doc_fragment(s) in file /home/devops/ansible/collections/ansible_collections/community/general/plugins/modules/influxdb_database.py: community.general._influxdb, community.general._attributes
2026-08-18T06:36:51.427531+00:00 ERROR 'ansible_navigator.actions.collections._parse' /home/devops/ansible/collections/ansible_collections/community/general/plugins/modules/influxdb_query.py AnsibleError (get_docstring): unknown doc_fragment(s) in file /home/devops/ansible/collections/ansible_collections/community/general/plugins/modules/influxdb_query.py: community.general._influxdb, community.general._attributes
2026-08-18T06:36:51.427548+00:00 ERROR 'ansible_navigator.actions.collections._parse' /home/devops/ansible/collections/ansible_collections/community/general/plugins/modules/influxdb_retention_policy.py AnsibleError (get_docstring): unknown doc_fragment(s) in file /home/devops/ansible/collections/ansible_collections/community/general/plugins/modules/influxdb_retention_policy.py: community.general._influxdb, community.general._attributes
2026-08-18T06:36:51.427565+00:00 ERROR 'ansible_navigator.actions.collections._parse' /home/devops/ansible/collections/ansible_collections/community/general/plugins/modules/influxdb_user.py AnsibleError (get_docstring): unknown doc_fragment(s) in file /home/devops/ansible/collections/ansible_collections/community/general/plugins/modules/influxdb_user.py: community.general._influxdb, community.general._attributes
2026-08-18T06:36:51.427582+00:00 ERROR 'ansible_navigator.actions.collections._parse' /home/devops/ansible/collections/ansible_collections/community/general/plugins/modules/influxdb_write.py AnsibleError (get_docstring): unknown doc_fragment(s) in file /home/devops/ansible/collections/ansible_collections/community/general/plugins/modules/influxdb_write.py: community.general._influxdb, community.general._attributes
2026-08-18T06:36:51.427598+00:00 ERROR 'ansible_navigator.actions.collections._parse' /home/devops/ansible/collections/ansible_collections/community/general/plugins/modules/ini_file.py AnsibleError (get_docstring): unknown doc_fragment(s) in file /home/devops/ansible/collections/ansible_collections/community/general/plugins/modules/ini_file.py: ansible.builtin.files, community.general._attributes
2026-08-18T06:36:51.427615+00:00 ERROR 'ansible_navigator.actions.collections._parse' /home/devops/ansible/collections/ansible_collections/community/general/plugins/modules/installp.py AnsibleError (get_docstring): unknown doc_fragment(s) in file /home/devops/ansible/collections/ansible_collections/community/general/plugins/modules/installp.py: community.general._attributes
2026-08-18T06:36:51.427634+00:00 ERROR 'ansible_navigator.actions.collections._parse' /home/devops/ansible/collections/ansible_collections/community/general/plugins/modules/interfaces_file.py AnsibleError (get_docstring): unknown doc_fragment(s) in file /home/devops/ansible/collections/ansible_collections/community/general/plugins/modules/interfaces_file.py: ansible.builtin.files, community.general._attributes
2026-08-18T06:36:51.427650+00:00 ERROR 'ansible_navigator.actions.collections._parse' /home/devops/ansible/collections/ansible_collections/community/general/plugins/modules/ip2location_info.py AnsibleError (get_docstring): unknown doc_fragment(s) in file /home/devops/ansible/collections/ansible_collections/community/general/plugins/modules/ip2location_info.py: community.general._attributes, community.general._attributes.info_module
2026-08-18T06:36:51.427667+00:00 ERROR 'ansible_navigator.actions.collections._parse' /home/devops/ansible/collections/ansible_collections/community/general/plugins/modules/ip_netns.py AnsibleError (get_docstring): unknown doc_fragment(s) in file /home/devops/ansible/collections/ansible_collections/community/general/plugins/modules/ip_netns.py: community.general._attributes
2026-08-18T06:36:51.427683+00:00 ERROR 'ansible_navigator.actions.collections._parse' /home/devops/ansible/collections/ansible_collections/community/general/plugins/modules/ipa_config.py AnsibleError (get_docstring): unknown doc_fragment(s) in file /home/devops/ansible/collections/ansible_collections/community/general/plugins/modules/ipa_config.py: community.general._ipa.documentation, community.general._ipa.connection_notes, community.general._attributes
2026-08-18T06:36:51.427701+00:00 ERROR 'ansible_navigator.actions.collections._parse' /home/devops/ansible/collections/ansible_collections/community/general/plugins/modules/ipa_dnsrecord.py AnsibleError (get_docstring): unknown doc_fragment(s) in file /home/devops/ansible/collections/ansible_collections/community/general/plugins/modules/ipa_dnsrecord.py: community.general._ipa.documentation, community.general._ipa.connection_notes, community.general._attributes
2026-08-18T06:36:51.427717+00:00 ERROR 'ansible_navigator.actions.collections._parse' /home/devops/ansible/collections/ansible_collections/community/general/plugins/modules/ipa_dnszone.py AnsibleError (get_docstring): unknown doc_fragment(s) in file /home/devops/ansible/collections/ansible_collections/community/general/plugins/modules/ipa_dnszone.py: community.general._ipa.documentation, community.general._ipa.connection_notes, community.general._attributes
2026-08-18T06:36:51.427734+00:00 ERROR 'ansible_navigator.actions.collections._parse' /home/devops/ansible/collections/ansible_collections/community/general/plugins/modules/ipa_getkeytab.py AnsibleError (get_docstring): unknown doc_fragment(s) in file /home/devops/ansible/collections/ansible_collections/community/general/plugins/modules/ipa_getkeytab.py: community.general._attributes
2026-08-18T06:36:51.427751+00:00 ERROR 'ansible_navigator.actions.collections._parse' /home/devops/ansible/collections/ansible_collections/community/general/plugins/modules/ipa_group.py AnsibleError (get_docstring): unknown doc_fragment(s) in file /home/devops/ansible/collections/ansible_collections/community/general/plugins/modules/ipa_group.py: community.general._ipa.documentation, community.general._ipa.connection_notes, community.general._attributes
2026-08-18T06:36:51.427767+00:00 ERROR 'ansible_navigator.actions.collections._parse' /home/devops/ansible/collections/ansible_collections/community/general/plugins/modules/ipa_hbacrule.py AnsibleError (get_docstring): unknown doc_fragment(s) in file /home/devops/ansible/collections/ansible_collections/community/general/plugins/modules/ipa_hbacrule.py: community.general._ipa.documentation, community.general._ipa.connection_notes, community.general._attributes
2026-08-18T06:36:51.427784+00:00 ERROR 'ansible_navigator.actions.collections._parse' /home/devops/ansible/collections/ansible_collections/community/general/plugins/modules/ipa_host.py AnsibleError (get_docstring): unknown doc_fragment(s) in file /home/devops/ansible/collections/ansible_collections/community/general/plugins/modules/ipa_host.py: community.general._ipa.documentation, community.general._ipa.connection_notes, community.general._attributes
2026-08-18T06:36:51.427803+00:00 ERROR 'ansible_navigator.actions.collections._parse' /home/devops/ansible/collections/ansible_collections/community/general/plugins/modules/ipa_hostgroup.py AnsibleError (get_docstring): unknown doc_fragment(s) in file /home/devops/ansible/collections/ansible_collections/community/general/plugins/modules/ipa_hostgroup.py: community.general._ipa.documentation, community.general._ipa.connection_notes, community.general._attributes
2026-08-18T06:36:51.427821+00:00 ERROR 'ansible_navigator.actions.collections._parse' /home/devops/ansible/collections/ansible_collections/community/general/plugins/modules/ipa_otpconfig.py AnsibleError (get_docstring): unknown doc_fragment(s) in file /home/devops/ansible/collections/ansible_collections/community/general/plugins/modules/ipa_otpconfig.py: community.general._ipa.documentation, community.general._ipa.connection_notes, community.general._attributes
2026-08-18T06:36:51.427838+00:00 ERROR 'ansible_navigator.actions.collections._parse' /home/devops/ansible/collections/ansible_collections/community/general/plugins/modules/ipa_otptoken.py AnsibleError (get_docstring): unknown doc_fragment(s) in file /home/devops/ansible/collections/ansible_collections/community/general/plugins/modules/ipa_otptoken.py: community.general._ipa.documentation, community.general._ipa.connection_notes, community.general._attributes
2026-08-18T06:36:51.427855+00:00 ERROR 'ansible_navigator.actions.collections._parse' /home/devops/ansible/collections/ansible_collections/community/general/plugins/modules/ipa_pwpolicy.py AnsibleError (get_docstring): unknown doc_fragment(s) in file /home/devops/ansible/collections/ansible_collections/community/general/plugins/modules/ipa_pwpolicy.py: community.general._ipa.documentation, community.general._ipa.connection_notes, community.general._attributes
2026-08-18T06:36:51.427871+00:00 ERROR 'ansible_navigator.actions.collections._parse' /home/devops/ansible/collections/ansible_collections/community/general/plugins/modules/ipa_role.py AnsibleError (get_docstring): unknown doc_fragment(s) in file /home/devops/ansible/collections/ansible_collections/community/general/plugins/modules/ipa_role.py: community.general._ipa.documentation, community.general._ipa.connection_notes, community.general._attributes
2026-08-18T06:36:51.427888+00:00 ERROR 'ansible_navigator.actions.collections._parse' /home/devops/ansible/collections/ansible_collections/community/general/plugins/modules/ipa_service.py AnsibleError (get_docstring): unknown doc_fragment(s) in file /home/devops/ansible/collections/ansible_collections/community/general/plugins/modules/ipa_service.py: community.general._ipa.documentation, community.general._ipa.connection_notes, community.general._attributes
2026-08-18T06:36:51.427905+00:00 ERROR 'ansible_navigator.actions.collections._parse' /home/devops/ansible/collections/ansible_collections/community/general/plugins/modules/ipa_subca.py AnsibleError (get_docstring): unknown doc_fragment(s) in file /home/devops/ansible/collections/ansible_collections/community/general/plugins/modules/ipa_subca.py: community.general._ipa.documentation, community.general._ipa.connection_notes, community.general._attributes
2026-08-18T06:36:51.427930+00:00 ERROR 'ansible_navigator.actions.collections._parse' /home/devops/ansible/collections/ansible_collections/community/general/plugins/modules/ipa_sudocmd.py AnsibleError (get_docstring): unknown doc_fragment(s) in file /home/devops/ansible/collections/ansible_collections/community/general/plugins/modules/ipa_sudocmd.py: community.general._ipa.documentation, community.general._ipa.connection_notes, community.general._attributes
2026-08-18T06:36:51.427949+00:00 ERROR 'ansible_navigator.actions.collections._parse' /home/devops/ansible/collections/ansible_collections/community/general/plugins/modules/ipa_sudocmdgroup.py AnsibleError (get_docstring): unknown doc_fragment(s) in file /home/devops/ansible/collections/ansible_collections/community/general/plugins/modules/ipa_sudocmdgroup.py: community.general._ipa.documentation, community.general._ipa.connection_notes, community.general._attributes
2026-08-18T06:36:51.427975+00:00 ERROR 'ansible_navigator.actions.collections._parse' /home/devops/ansible/collections/ansible_collections/community/general/plugins/modules/ipa_sudorule.py AnsibleError (get_docstring): unknown doc_fragment(s) in file /home/devops/ansible/collections/ansible_collections/community/general/plugins/modules/ipa_sudorule.py: community.general._ipa.documentation, community.general._ipa.connection_notes, community.general._attributes
2026-08-18T06:36:51.428012+00:00 ERROR 'ansible_navigator.actions.collections._parse' /home/devops/ansible/collections/ansible_collections/community/general/plugins/modules/ipa_user.py AnsibleError (get_docstring): unknown doc_fragment(s) in file /home/devops/ansible/collections/ansible_collections/community/general/plugins/modules/ipa_user.py: community.general._ipa.documentation, community.general._ipa.connection_notes, community.general._attributes
2026-08-18T06:36:51.428038+00:00 ERROR 'ansible_navigator.actions.collections._parse' /home/devops/ansible/collections/ansible_collections/community/general/plugins/modules/ipa_vault.py AnsibleError (get_docstring): unknown doc_fragment(s) in file /home/devops/ansible/collections/ansible_collections/community/general/plugins/modules/ipa_vault.py: community.general._ipa.documentation, community.general._ipa.connection_notes, community.general._attributes
2026-08-18T06:36:51.428069+00:00 ERROR 'ansible_navigator.actions.collections._parse' /home/devops/ansible/collections/ansible_collections/community/general/plugins/modules/ipbase_info.py AnsibleError (get_docstring): unknown doc_fragment(s) in file /home/devops/ansible/collections/ansible_collections/community/general/plugins/modules/ipbase_info.py: community.general._attributes, community.general._attributes.info_module
2026-08-18T06:36:51.428104+00:00 ERROR 'ansible_navigator.actions.collections._parse' /home/devops/ansible/collections/ansible_collections/community/general/plugins/modules/ipify_facts.py AnsibleError (get_docstring): unknown doc_fragment(s) in file /home/devops/ansible/collections/ansible_collections/community/general/plugins/modules/ipify_facts.py: community.general._attributes, community.general._attributes.facts, community.general._attributes.facts_module
2026-08-18T06:36:51.428133+00:00 ERROR 'ansible_navigator.actions.collections._parse' /home/devops/ansible/collections/ansible_collections/community/general/plugins/modules/ipinfoio_facts.py AnsibleError (get_docstring): unknown doc_fragment(s) in file /home/devops/ansible/collections/ansible_collections/community/general/plugins/modules/ipinfoio_facts.py: community.general._attributes, community.general._attributes.facts, community.general._attributes.facts_module
2026-08-18T06:36:51.428161+00:00 ERROR 'ansible_navigator.actions.collections._parse' /home/devops/ansible/collections/ansible_collections/community/general/plugins/modules/ipmi_boot.py AnsibleError (get_docstring): unknown doc_fragment(s) in file /home/devops/ansible/collections/ansible_collections/community/general/plugins/modules/ipmi_boot.py: community.general._attributes
2026-08-18T06:36:51.428185+00:00 ERROR 'ansible_navigator.actions.collections._parse' /home/devops/ansible/collections/ansible_collections/community/general/plugins/modules/ipmi_power.py AnsibleError (get_docstring): unknown doc_fragment(s) in file /home/devops/ansible/collections/ansible_collections/community/general/plugins/modules/ipmi_power.py: community.general._attributes
2026-08-18T06:36:51.428209+00:00 ERROR 'ansible_navigator.actions.collections._parse' /home/devops/ansible/collections/ansible_collections/community/general/plugins/modules/iptables_state.py AnsibleError (get_docstring): unknown doc_fragment(s) in file /home/devops/ansible/collections/ansible_collections/community/general/plugins/modules/iptables_state.py: community.general._attributes, community.general._attributes.flow
2026-08-18T06:36:51.428241+00:00 ERROR 'ansible_navigator.actions.collections._parse' /home/devops/ansible/collections/ansible_collections/community/general/plugins/modules/ipwcli_dns.py AnsibleError (get_docstring): unknown doc_fragment(s) in file /home/devops/ansible/collections/ansible_collections/community/general/plugins/modules/ipwcli_dns.py: community.general._attributes
2026-08-18T06:36:51.428263+00:00 ERROR 'ansible_navigator.actions.collections._parse' /home/devops/ansible/collections/ansible_collections/community/general/plugins/modules/irc.py AnsibleError (get_docstring): unknown doc_fragment(s) in file /home/devops/ansible/collections/ansible_collections/community/general/plugins/modules/irc.py: community.general._attributes
2026-08-18T06:36:51.428280+00:00 ERROR 'ansible_navigator.actions.collections._parse' /home/devops/ansible/collections/ansible_collections/community/general/plugins/modules/iso_create.py AnsibleError (get_docstring): unknown doc_fragment(s) in file /home/devops/ansible/collections/ansible_collections/community/general/plugins/modules/iso_create.py: community.general._attributes
2026-08-18T06:36:51.428297+00:00 ERROR 'ansible_navigator.actions.collections._parse' /home/devops/ansible/collections/ansible_collections/community/general/plugins/modules/iso_customize.py AnsibleError (get_docstring): unknown doc_fragment(s) in file /home/devops/ansible/collections/ansible_collections/community/general/plugins/modules/iso_customize.py: community.general._attributes
2026-08-18T06:36:51.428363+00:00 ERROR 'ansible_navigator.actions.collections._parse' /home/devops/ansible/collections/ansible_collections/community/general/plugins/modules/iso_extract.py AnsibleError (get_docstring): unknown doc_fragment(s) in file /home/devops/ansible/collections/ansible_collections/community/general/plugins/modules/iso_extract.py: community.general._attributes
2026-08-18T06:36:51.428411+00:00 ERROR 'ansible_navigator.actions.collections._parse' /home/devops/ansible/collections/ansible_collections/community/general/plugins/modules/jabber.py AnsibleError (get_docstring): unknown doc_fragment(s) in file /home/devops/ansible/collections/ansible_collections/community/general/plugins/modules/jabber.py: community.general._attributes
2026-08-18T06:36:51.428448+00:00 ERROR 'ansible_navigator.actions.collections._parse' /home/devops/ansible/collections/ansible_collections/community/general/plugins/modules/java_cert.py AnsibleError (get_docstring): unknown doc_fragment(s) in file /home/devops/ansible/collections/ansible_collections/community/general/plugins/modules/java_cert.py: community.general._attributes, ansible.builtin.files
2026-08-18T06:36:51.428472+00:00 ERROR 'ansible_navigator.actions.collections._parse' /home/devops/ansible/collections/ansible_collections/community/general/plugins/modules/java_keystore.py AnsibleError (get_docstring): unknown doc_fragment(s) in file /home/devops/ansible/collections/ansible_collections/community/general/plugins/modules/java_keystore.py: ansible.builtin.files, community.general._attributes
2026-08-18T06:36:51.428496+00:00 ERROR 'ansible_navigator.actions.collections._parse' /home/devops/ansible/collections/ansible_collections/community/general/plugins/modules/jboss.py AnsibleError (get_docstring): unknown doc_fragment(s) in file /home/devops/ansible/collections/ansible_collections/community/general/plugins/modules/jboss.py: community.general._attributes
2026-08-18T06:36:51.428514+00:00 ERROR 'ansible_navigator.actions.collections._parse' /home/devops/ansible/collections/ansible_collections/community/general/plugins/modules/jenkins_build.py AnsibleError (get_docstring): unknown doc_fragment(s) in file /home/devops/ansible/collections/ansible_collections/community/general/plugins/modules/jenkins_build.py: community.general._attributes
2026-08-18T06:36:51.428535+00:00 ERROR 'ansible_navigator.actions.collections._parse' /home/devops/ansible/collections/ansible_collections/community/general/plugins/modules/jenkins_build_info.py AnsibleError (get_docstring): unknown doc_fragment(s) in file /home/devops/ansible/collections/ansible_collections/community/general/plugins/modules/jenkins_build_info.py: community.general._attributes, community.general._attributes.info_module
2026-08-18T06:36:51.428553+00:00 ERROR 'ansible_navigator.actions.collections._parse' /home/devops/ansible/collections/ansible_collections/community/general/plugins/modules/jenkins_credential.py AnsibleError (get_docstring): unknown doc_fragment(s) in file /home/devops/ansible/collections/ansible_collections/community/general/plugins/modules/jenkins_credential.py: community.general._attributes
2026-08-18T06:36:51.428570+00:00 ERROR 'ansible_navigator.actions.collections._parse' /home/devops/ansible/collections/ansible_collections/community/general/plugins/modules/jenkins_job.py AnsibleError (get_docstring): unknown doc_fragment(s) in file /home/devops/ansible/collections/ansible_collections/community/general/plugins/modules/jenkins_job.py: community.general._attributes
2026-08-18T06:36:51.428586+00:00 ERROR 'ansible_navigator.actions.collections._parse' /home/devops/ansible/collections/ansible_collections/community/general/plugins/modules/jenkins_job_info.py AnsibleError (get_docstring): unknown doc_fragment(s) in file /home/devops/ansible/collections/ansible_collections/community/general/plugins/modules/jenkins_job_info.py: community.general._attributes, community.general._attributes.info_module
2026-08-18T06:36:51.428603+00:00 ERROR 'ansible_navigator.actions.collections._parse' /home/devops/ansible/collections/ansible_collections/community/general/plugins/modules/jenkins_node.py AnsibleError (get_docstring): unknown doc_fragment(s) in file /home/devops/ansible/collections/ansible_collections/community/general/plugins/modules/jenkins_node.py: community.general._attributes
2026-08-18T06:36:51.428620+00:00 ERROR 'ansible_navigator.actions.collections._parse' /home/devops/ansible/collections/ansible_collections/community/general/plugins/modules/jenkins_plugin.py AnsibleError (get_docstring): unknown doc_fragment(s) in file /home/devops/ansible/collections/ansible_collections/community/general/plugins/modules/jenkins_plugin.py: ansible.builtin.url, ansible.builtin.files, community.general._attributes
2026-08-18T06:36:51.428636+00:00 ERROR 'ansible_navigator.actions.collections._parse' /home/devops/ansible/collections/ansible_collections/community/general/plugins/modules/jenkins_script.py AnsibleError (get_docstring): unknown doc_fragment(s) in file /home/devops/ansible/collections/ansible_collections/community/general/plugins/modules/jenkins_script.py: community.general._attributes
2026-08-18T06:36:51.428653+00:00 ERROR 'ansible_navigator.actions.collections._parse' /home/devops/ansible/collections/ansible_collections/community/general/plugins/modules/jira.py AnsibleError (get_docstring): unknown doc_fragment(s) in file /home/devops/ansible/collections/ansible_collections/community/general/plugins/modules/jira.py: community.general._attributes
2026-08-18T06:36:51.428669+00:00 ERROR 'ansible_navigator.actions.collections._parse' /home/devops/ansible/collections/ansible_collections/community/general/plugins/modules/kdeconfig.py AnsibleError (get_docstring): unknown doc_fragment(s) in file /home/devops/ansible/collections/ansible_collections/community/general/plugins/modules/kdeconfig.py: ansible.builtin.files, community.general._attributes
2026-08-18T06:36:51.428685+00:00 ERROR 'ansible_navigator.actions.collections._parse' /home/devops/ansible/collections/ansible_collections/community/general/plugins/modules/kea_command.py AnsibleError (get_docstring): unknown doc_fragment(s) in file /home/devops/ansible/collections/ansible_collections/community/general/plugins/modules/kea_command.py: community.general._attributes, community.general._attributes.platform
2026-08-18T06:36:51.428704+00:00 ERROR 'ansible_navigator.actions.collections._parse' /home/devops/ansible/collections/ansible_collections/community/general/plugins/modules/kernel_blacklist.py AnsibleError (get_docstring): unknown doc_fragment(s) in file /home/devops/ansible/collections/ansible_collections/community/general/plugins/modules/kernel_blacklist.py: community.general._attributes
2026-08-18T06:36:51.428721+00:00 ERROR 'ansible_navigator.actions.collections._parse' /home/devops/ansible/collections/ansible_collections/community/general/plugins/modules/keycloak_authentication.py AnsibleError (get_docstring): unknown doc_fragment(s) in file /home/devops/ansible/collections/ansible_collections/community/general/plugins/modules/keycloak_authentication.py: community.general._keycloak, community.general._keycloak.actiongroup_keycloak, community.general._attributes
2026-08-18T06:36:51.428740+00:00 ERROR 'ansible_navigator.actions.collections._parse' /home/devops/ansible/collections/ansible_collections/community/general/plugins/modules/keycloak_authentication_required_actions.py AnsibleError (get_docstring): unknown doc_fragment(s) in file /home/devops/ansible/collections/ansible_collections/community/general/plugins/modules/keycloak_authentication_required_actions.py: community.general._keycloak, community.general._keycloak.actiongroup_keycloak, community.general._attributes
2026-08-18T06:36:51.428757+00:00 ERROR 'ansible_navigator.actions.collections._parse' /home/devops/ansible/collections/ansible_collections/community/general/plugins/modules/keycloak_authentication_v2.py AnsibleError (get_docstring): unknown doc_fragment(s) in file /home/devops/ansible/collections/ansible_collections/community/general/plugins/modules/keycloak_authentication_v2.py: community.general._keycloak, community.general._keycloak.actiongroup_keycloak, community.general._attributes
2026-08-18T06:36:51.428775+00:00 ERROR 'ansible_navigator.actions.collections._parse' /home/devops/ansible/collections/ansible_collections/community/general/plugins/modules/keycloak_authz_authorization_scope.py AnsibleError (get_docstring): unknown doc_fragment(s) in file /home/devops/ansible/collections/ansible_collections/community/general/plugins/modules/keycloak_authz_authorization_scope.py: community.general._keycloak, community.general._keycloak.actiongroup_keycloak, community.general._attributes
2026-08-18T06:36:51.428792+00:00 ERROR 'ansible_navigator.actions.collections._parse' /home/devops/ansible/collections/ansible_collections/community/general/plugins/modules/keycloak_authz_custom_policy.py AnsibleError (get_docstring): unknown doc_fragment(s) in file /home/devops/ansible/collections/ansible_collections/community/general/plugins/modules/keycloak_authz_custom_policy.py: community.general._keycloak, community.general._keycloak.actiongroup_keycloak, community.general._attributes
2026-08-18T06:36:51.428808+00:00 ERROR 'ansible_navigator.actions.collections._parse' /home/devops/ansible/collections/ansible_collections/community/general/plugins/modules/keycloak_authz_permission.py AnsibleError (get_docstring): unknown doc_fragment(s) in file /home/devops/ansible/collections/ansible_collections/community/general/plugins/modules/keycloak_authz_permission.py: community.general._keycloak, community.general._keycloak.actiongroup_keycloak, community.general._attributes
2026-08-18T06:36:51.428825+00:00 ERROR 'ansible_navigator.actions.collections._parse' /home/devops/ansible/collections/ansible_collections/community/general/plugins/modules/keycloak_authz_permission_info.py AnsibleError (get_docstring): unknown doc_fragment(s) in file /home/devops/ansible/collections/ansible_collections/community/general/plugins/modules/keycloak_authz_permission_info.py: community.general._keycloak, community.general._keycloak.actiongroup_keycloak, community.general._attributes, community.general._attributes.info_module
2026-08-18T06:36:51.428842+00:00 ERROR 'ansible_navigator.actions.collections._parse' /home/devops/ansible/collections/ansible_collections/community/general/plugins/modules/keycloak_client.py AnsibleError (get_docstring): unknown doc_fragment(s) in file /home/devops/ansible/collections/ansible_collections/community/general/plugins/modules/keycloak_client.py: community.general._keycloak, community.general._keycloak.actiongroup_keycloak, community.general._attributes
2026-08-18T06:36:51.428865+00:00 ERROR 'ansible_navigator.actions.collections._parse' /home/devops/ansible/collections/ansible_collections/community/general/plugins/modules/keycloak_client_rolemapping.py AnsibleError (get_docstring): unknown doc_fragment(s) in file /home/devops/ansible/collections/ansible_collections/community/general/plugins/modules/keycloak_client_rolemapping.py: community.general._keycloak, community.general._keycloak.actiongroup_keycloak, community.general._attributes
2026-08-18T06:36:51.428882+00:00 ERROR 'ansible_navigator.actions.collections._parse' /home/devops/ansible/collections/ansible_collections/community/general/plugins/modules/keycloak_client_rolescope.py AnsibleError (get_docstring): unknown doc_fragment(s) in file /home/devops/ansible/collections/ansible_collections/community/general/plugins/modules/keycloak_client_rolescope.py: community.general._keycloak, community.general._keycloak.actiongroup_keycloak, community.general._attributes
2026-08-18T06:36:51.428899+00:00 ERROR 'ansible_navigator.actions.collections._parse' /home/devops/ansible/collections/ansible_collections/community/general/plugins/modules/keycloak_clientscope.py AnsibleError (get_docstring): unknown doc_fragment(s) in file /home/devops/ansible/collections/ansible_collections/community/general/plugins/modules/keycloak_clientscope.py: community.general._keycloak, community.general._keycloak.actiongroup_keycloak, community.general._attributes
2026-08-18T06:36:51.428915+00:00 ERROR 'ansible_navigator.actions.collections._parse' /home/devops/ansible/collections/ansible_collections/community/general/plugins/modules/keycloak_clientscope_rolemappings.py AnsibleError (get_docstring): unknown doc_fragment(s) in file /home/devops/ansible/collections/ansible_collections/community/general/plugins/modules/keycloak_clientscope_rolemappings.py: community.general._keycloak, community.general._keycloak.actiongroup_keycloak, community.general._attributes
2026-08-18T06:36:51.428931+00:00 ERROR 'ansible_navigator.actions.collections._parse' /home/devops/ansible/collections/ansible_collections/community/general/plugins/modules/keycloak_clientscope_type.py AnsibleError (get_docstring): unknown doc_fragment(s) in file /home/devops/ansible/collections/ansible_collections/community/general/plugins/modules/keycloak_clientscope_type.py: community.general._keycloak, community.general._keycloak.actiongroup_keycloak, community.general._attributes
2026-08-18T06:36:51.428947+00:00 ERROR 'ansible_navigator.actions.collections._parse' /home/devops/ansible/collections/ansible_collections/community/general/plugins/modules/keycloak_clientsecret_info.py AnsibleError (get_docstring): unknown doc_fragment(s) in file /home/devops/ansible/collections/ansible_collections/community/general/plugins/modules/keycloak_clientsecret_info.py: community.general._keycloak, community.general._keycloak.actiongroup_keycloak, community.general._attributes, community.general._attributes.info_module
2026-08-18T06:36:51.428965+00:00 ERROR 'ansible_navigator.actions.collections._parse' /home/devops/ansible/collections/ansible_collections/community/general/plugins/modules/keycloak_clientsecret_regenerate.py AnsibleError (get_docstring): unknown doc_fragment(s) in file /home/devops/ansible/collections/ansible_collections/community/general/plugins/modules/keycloak_clientsecret_regenerate.py: community.general._keycloak, community.general._keycloak.actiongroup_keycloak, community.general._attributes
2026-08-18T06:36:51.428982+00:00 ERROR 'ansible_navigator.actions.collections._parse' /home/devops/ansible/collections/ansible_collections/community/general/plugins/modules/keycloak_clienttemplate.py AnsibleError (get_docstring): unknown doc_fragment(s) in file /home/devops/ansible/collections/ansible_collections/community/general/plugins/modules/keycloak_clienttemplate.py: community.general._keycloak, community.general._keycloak.actiongroup_keycloak, community.general._attributes
2026-08-18T06:36:51.429001+00:00 ERROR 'ansible_navigator.actions.collections._parse' /home/devops/ansible/collections/ansible_collections/community/general/plugins/modules/keycloak_component.py AnsibleError (get_docstring): unknown doc_fragment(s) in file /home/devops/ansible/collections/ansible_collections/community/general/plugins/modules/keycloak_component.py: community.general._keycloak, community.general._keycloak.actiongroup_keycloak, community.general._attributes
2026-08-18T06:36:51.429018+00:00 ERROR 'ansible_navigator.actions.collections._parse' /home/devops/ansible/collections/ansible_collections/community/general/plugins/modules/keycloak_group.py AnsibleError (get_docstring): unknown doc_fragment(s) in file /home/devops/ansible/collections/ansible_collections/community/general/plugins/modules/keycloak_group.py: community.general._keycloak, community.general._keycloak.actiongroup_keycloak, community.general._attributes
2026-08-18T06:36:51.429035+00:00 ERROR 'ansible_navigator.actions.collections._parse' /home/devops/ansible/collections/ansible_collections/community/general/plugins/modules/keycloak_component_info.py AnsibleError (get_docstring): unknown doc_fragment(s) in file /home/devops/ansible/collections/ansible_collections/community/general/plugins/modules/keycloak_component_info.py: community.general._keycloak, community.general._keycloak.actiongroup_keycloak, community.general._attributes, community.general._attributes.info_module
2026-08-18T06:36:51.429054+00:00 ERROR 'ansible_navigator.actions.collections._parse' /home/devops/ansible/collections/ansible_collections/community/general/plugins/modules/keycloak_identity_provider.py AnsibleError (get_docstring): unknown doc_fragment(s) in file /home/devops/ansible/collections/ansible_collections/community/general/plugins/modules/keycloak_identity_provider.py: community.general._keycloak, community.general._keycloak.actiongroup_keycloak, community.general._attributes
2026-08-18T06:36:51.429072+00:00 ERROR 'ansible_navigator.actions.collections._parse' /home/devops/ansible/collections/ansible_collections/community/general/plugins/modules/keycloak_realm.py AnsibleError (get_docstring): unknown doc_fragment(s) in file /home/devops/ansible/collections/ansible_collections/community/general/plugins/modules/keycloak_realm.py: community.general._keycloak, community.general._keycloak.actiongroup_keycloak, community.general._attributes
2026-08-18T06:36:51.429088+00:00 ERROR 'ansible_navigator.actions.collections._parse' /home/devops/ansible/collections/ansible_collections/community/general/plugins/modules/keycloak_realm_info.py AnsibleError (get_docstring): unknown doc_fragment(s) in file /home/devops/ansible/collections/ansible_collections/community/general/plugins/modules/keycloak_realm_info.py: community.general._attributes, community.general._attributes.info_module
2026-08-18T06:36:51.429104+00:00 ERROR 'ansible_navigator.actions.collections._parse' /home/devops/ansible/collections/ansible_collections/community/general/plugins/modules/keycloak_realm_key.py AnsibleError (get_docstring): unknown doc_fragment(s) in file /home/devops/ansible/collections/ansible_collections/community/general/plugins/modules/keycloak_realm_key.py: community.general._keycloak, community.general._keycloak.actiongroup_keycloak, community.general._attributes
2026-08-18T06:36:51.429121+00:00 ERROR 'ansible_navigator.actions.collections._parse' /home/devops/ansible/collections/ansible_collections/community/general/plugins/modules/keycloak_realm_keys_metadata_info.py AnsibleError (get_docstring): unknown doc_fragment(s) in file /home/devops/ansible/collections/ansible_collections/community/general/plugins/modules/keycloak_realm_keys_metadata_info.py: community.general._keycloak, community.general._keycloak.actiongroup_keycloak, community.general._attributes, community.general._attributes.info_module
2026-08-18T06:36:51.429141+00:00 ERROR 'ansible_navigator.actions.collections._parse' /home/devops/ansible/collections/ansible_collections/community/general/plugins/modules/keycloak_realm_localization.py AnsibleError (get_docstring): unknown doc_fragment(s) in file /home/devops/ansible/collections/ansible_collections/community/general/plugins/modules/keycloak_realm_localization.py: community.general._keycloak, community.general._keycloak.actiongroup_keycloak, community.general._attributes
2026-08-18T06:36:51.429158+00:00 ERROR 'ansible_navigator.actions.collections._parse' /home/devops/ansible/collections/ansible_collections/community/general/plugins/modules/keycloak_realm_rolemapping.py AnsibleError (get_docstring): unknown doc_fragment(s) in file /home/devops/ansible/collections/ansible_collections/community/general/plugins/modules/keycloak_realm_rolemapping.py: community.general._keycloak, community.general._keycloak.actiongroup_keycloak, community.general._attributes
2026-08-18T06:36:51.429174+00:00 ERROR 'ansible_navigator.actions.collections._parse' /home/devops/ansible/collections/ansible_collections/community/general/plugins/modules/keycloak_realm_users_info.py AnsibleError (get_docstring): unknown doc_fragment(s) in file /home/devops/ansible/collections/ansible_collections/community/general/plugins/modules/keycloak_realm_users_info.py: community.general._keycloak, community.general._keycloak.actiongroup_keycloak, community.general._attributes, community.general._attributes.info_module
2026-08-18T06:36:51.429191+00:00 ERROR 'ansible_navigator.actions.collections._parse' /home/devops/ansible/collections/ansible_collections/community/general/plugins/modules/keycloak_role.py AnsibleError (get_docstring): unknown doc_fragment(s) in file /home/devops/ansible/collections/ansible_collections/community/general/plugins/modules/keycloak_role.py: community.general._keycloak, community.general._keycloak.actiongroup_keycloak, community.general._attributes
2026-08-18T06:36:51.429208+00:00 ERROR 'ansible_navigator.actions.collections._parse' /home/devops/ansible/collections/ansible_collections/community/general/plugins/modules/keycloak_user.py AnsibleError (get_docstring): unknown doc_fragment(s) in file /home/devops/ansible/collections/ansible_collections/community/general/plugins/modules/keycloak_user.py: community.general._keycloak, community.general._keycloak.actiongroup_keycloak, community.general._attributes
2026-08-18T06:36:51.429225+00:00 ERROR 'ansible_navigator.actions.collections._parse' /home/devops/ansible/collections/ansible_collections/community/general/plugins/modules/keycloak_user_execute_actions_email.py AnsibleError (get_docstring): unknown doc_fragment(s) in file /home/devops/ansible/collections/ansible_collections/community/general/plugins/modules/keycloak_user_execute_actions_email.py: community.general._keycloak, community.general._keycloak.actiongroup_keycloak, community.general._attributes
2026-08-18T06:36:51.429241+00:00 ERROR 'ansible_navigator.actions.collections._parse' /home/devops/ansible/collections/ansible_collections/community/general/plugins/modules/keycloak_user_federation.py AnsibleError (get_docstring): unknown doc_fragment(s) in file /home/devops/ansible/collections/ansible_collections/community/general/plugins/modules/keycloak_user_federation.py: community.general._keycloak, community.general._keycloak.actiongroup_keycloak, community.general._attributes
2026-08-18T06:36:51.429258+00:00 ERROR 'ansible_navigator.actions.collections._parse' /home/devops/ansible/collections/ansible_collections/community/general/plugins/modules/keycloak_user_rolemapping.py AnsibleError (get_docstring): unknown doc_fragment(s) in file /home/devops/ansible/collections/ansible_collections/community/general/plugins/modules/keycloak_user_rolemapping.py: community.general._keycloak, community.general._keycloak.actiongroup_keycloak, community.general._attributes
2026-08-18T06:36:51.429274+00:00 ERROR 'ansible_navigator.actions.collections._parse' /home/devops/ansible/collections/ansible_collections/community/general/plugins/modules/keycloak_userprofile.py AnsibleError (get_docstring): unknown doc_fragment(s) in file /home/devops/ansible/collections/ansible_collections/community/general/plugins/modules/keycloak_userprofile.py: community.general._keycloak, community.general._keycloak.actiongroup_keycloak, community.general._attributes
2026-08-18T06:36:51.429299+00:00 ERROR 'ansible_navigator.actions.collections._parse' /home/devops/ansible/collections/ansible_collections/community/general/plugins/modules/keyring.py AnsibleError (get_docstring): unknown doc_fragment(s) in file /home/devops/ansible/collections/ansible_collections/community/general/plugins/modules/keyring.py: community.general._attributes
2026-08-18T06:36:51.429605+00:00 ERROR 'ansible_navigator.actions.collections._parse' /home/devops/ansible/collections/ansible_collections/community/general/plugins/modules/keyring_info.py AnsibleError (get_docstring): unknown doc_fragment(s) in file /home/devops/ansible/collections/ansible_collections/community/general/plugins/modules/keyring_info.py: community.general._attributes, community.general._attributes.info_module
2026-08-18T06:36:51.429641+00:00 ERROR 'ansible_navigator.actions.collections._parse' /home/devops/ansible/collections/ansible_collections/community/general/plugins/modules/kibana_plugin.py AnsibleError (get_docstring): unknown doc_fragment(s) in file /home/devops/ansible/collections/ansible_collections/community/general/plugins/modules/kibana_plugin.py: community.general._attributes
2026-08-18T06:36:51.429660+00:00 ERROR 'ansible_navigator.actions.collections._parse' /home/devops/ansible/collections/ansible_collections/community/general/plugins/modules/kopia_repository.py AnsibleError (get_docstring): unknown doc_fragment(s) in file /home/devops/ansible/collections/ansible_collections/community/general/plugins/modules/kopia_repository.py: community.general._attributes, community.general._kopia
2026-08-18T06:36:51.429678+00:00 ERROR 'ansible_navigator.actions.collections._parse' /home/devops/ansible/collections/ansible_collections/community/general/plugins/modules/kopia_repository_info.py AnsibleError (get_docstring): unknown doc_fragment(s) in file /home/devops/ansible/collections/ansible_collections/community/general/plugins/modules/kopia_repository_info.py: community.general._attributes, community.general._attributes.info_module, community.general._kopia
2026-08-18T06:36:51.429697+00:00 ERROR 'ansible_navigator.actions.collections._parse' /home/devops/ansible/collections/ansible_collections/community/general/plugins/modules/krb_ticket.py AnsibleError (get_docstring): unknown doc_fragment(s) in file /home/devops/ansible/collections/ansible_collections/community/general/plugins/modules/krb_ticket.py: community.general._attributes
2026-08-18T06:36:51.429714+00:00 ERROR 'ansible_navigator.actions.collections._parse' /home/devops/ansible/collections/ansible_collections/community/general/plugins/modules/launchd.py AnsibleError (get_docstring): unknown doc_fragment(s) in file /home/devops/ansible/collections/ansible_collections/community/general/plugins/modules/launchd.py: community.general._attributes
2026-08-18T06:36:51.429731+00:00 ERROR 'ansible_navigator.actions.collections._parse' /home/devops/ansible/collections/ansible_collections/community/general/plugins/modules/layman.py AnsibleError (get_docstring): unknown doc_fragment(s) in file /home/devops/ansible/collections/ansible_collections/community/general/plugins/modules/layman.py: community.general._attributes
2026-08-18T06:36:51.429747+00:00 ERROR 'ansible_navigator.actions.collections._parse' /home/devops/ansible/collections/ansible_collections/community/general/plugins/modules/lbu.py AnsibleError (get_docstring): unknown doc_fragment(s) in file /home/devops/ansible/collections/ansible_collections/community/general/plugins/modules/lbu.py: community.general._attributes
2026-08-18T06:36:51.429764+00:00 ERROR 'ansible_navigator.actions.collections._parse' /home/devops/ansible/collections/ansible_collections/community/general/plugins/modules/ldap_attrs.py AnsibleError (get_docstring): unknown doc_fragment(s) in file /home/devops/ansible/collections/ansible_collections/community/general/plugins/modules/ldap_attrs.py: community.general._ldap.documentation, community.general._attributes
2026-08-18T06:36:51.429791+00:00 ERROR 'ansible_navigator.actions.collections._parse' /home/devops/ansible/collections/ansible_collections/community/general/plugins/modules/ldap_entry.py AnsibleError (get_docstring): unknown doc_fragment(s) in file /home/devops/ansible/collections/ansible_collections/community/general/plugins/modules/ldap_entry.py: community.general._ldap.documentation, community.general._attributes
2026-08-18T06:36:51.429809+00:00 ERROR 'ansible_navigator.actions.collections._parse' /home/devops/ansible/collections/ansible_collections/community/general/plugins/modules/ldap_inc.py AnsibleError (get_docstring): unknown doc_fragment(s) in file /home/devops/ansible/collections/ansible_collections/community/general/plugins/modules/ldap_inc.py: community.general._ldap.documentation, community.general._attributes
2026-08-18T06:36:51.429826+00:00 ERROR 'ansible_navigator.actions.collections._parse' /home/devops/ansible/collections/ansible_collections/community/general/plugins/modules/ldap_passwd.py AnsibleError (get_docstring): unknown doc_fragment(s) in file /home/devops/ansible/collections/ansible_collections/community/general/plugins/modules/ldap_passwd.py: community.general._ldap.documentation, community.general._attributes
2026-08-18T06:36:51.429842+00:00 ERROR 'ansible_navigator.actions.collections._parse' /home/devops/ansible/collections/ansible_collections/community/general/plugins/modules/ldap_search.py AnsibleError (get_docstring): unknown doc_fragment(s) in file /home/devops/ansible/collections/ansible_collections/community/general/plugins/modules/ldap_search.py: community.general._ldap.documentation, community.general._attributes
2026-08-18T06:36:51.429858+00:00 ERROR 'ansible_navigator.actions.collections._parse' /home/devops/ansible/collections/ansible_collections/community/general/plugins/modules/librato_annotation.py AnsibleError (get_docstring): unknown doc_fragment(s) in file /home/devops/ansible/collections/ansible_collections/community/general/plugins/modules/librato_annotation.py: community.general._attributes
2026-08-18T06:36:51.429875+00:00 ERROR 'ansible_navigator.actions.collections._parse' /home/devops/ansible/collections/ansible_collections/community/general/plugins/modules/linode.py AnsibleError (get_docstring): unknown doc_fragment(s) in file /home/devops/ansible/collections/ansible_collections/community/general/plugins/modules/linode.py: community.general._attributes
2026-08-18T06:36:51.429891+00:00 ERROR 'ansible_navigator.actions.collections._parse' /home/devops/ansible/collections/ansible_collections/community/general/plugins/modules/linode_v4.py AnsibleError (get_docstring): unknown doc_fragment(s) in file /home/devops/ansible/collections/ansible_collections/community/general/plugins/modules/linode_v4.py: community.general._attributes
2026-08-18T06:36:51.429908+00:00 ERROR 'ansible_navigator.actions.collections._parse' /home/devops/ansible/collections/ansible_collections/community/general/plugins/modules/listen_ports_facts.py AnsibleError (get_docstring): unknown doc_fragment(s) in file /home/devops/ansible/collections/ansible_collections/community/general/plugins/modules/listen_ports_facts.py: community.general._attributes, community.general._attributes.facts, community.general._attributes.facts_module
2026-08-18T06:36:51.429925+00:00 ERROR 'ansible_navigator.actions.collections._parse' /home/devops/ansible/collections/ansible_collections/community/general/plugins/modules/lldp_facts.py AnsibleError (get_docstring): unknown doc_fragment(s) in file /home/devops/ansible/collections/ansible_collections/community/general/plugins/modules/lldp_facts.py: community.general._attributes, community.general._attributes.facts, community.general._attributes.facts_module
2026-08-18T06:36:51.429941+00:00 ERROR 'ansible_navigator.actions.collections._parse' /home/devops/ansible/collections/ansible_collections/community/general/plugins/modules/locale_gen.py AnsibleError (get_docstring): unknown doc_fragment(s) in file /home/devops/ansible/collections/ansible_collections/community/general/plugins/modules/locale_gen.py: community.general._attributes
2026-08-18T06:36:51.429961+00:00 ERROR 'ansible_navigator.actions.collections._parse' /home/devops/ansible/collections/ansible_collections/community/general/plugins/modules/logentries.py AnsibleError (get_docstring): unknown doc_fragment(s) in file /home/devops/ansible/collections/ansible_collections/community/general/plugins/modules/logentries.py: community.general._attributes
2026-08-18T06:36:51.429978+00:00 ERROR 'ansible_navigator.actions.collections._parse' /home/devops/ansible/collections/ansible_collections/community/general/plugins/modules/logentries_msg.py AnsibleError (get_docstring): unknown doc_fragment(s) in file /home/devops/ansible/collections/ansible_collections/community/general/plugins/modules/logentries_msg.py: community.general._attributes
2026-08-18T06:36:51.429995+00:00 ERROR 'ansible_navigator.actions.collections._parse' /home/devops/ansible/collections/ansible_collections/community/general/plugins/modules/logrotate.py AnsibleError (get_docstring): unknown doc_fragment(s) in file /home/devops/ansible/collections/ansible_collections/community/general/plugins/modules/logrotate.py: community.general._attributes
2026-08-18T06:36:51.430011+00:00 ERROR 'ansible_navigator.actions.collections._parse' /home/devops/ansible/collections/ansible_collections/community/general/plugins/modules/logstash_plugin.py AnsibleError (get_docstring): unknown doc_fragment(s) in file /home/devops/ansible/collections/ansible_collections/community/general/plugins/modules/logstash_plugin.py: community.general._attributes
2026-08-18T06:36:51.430028+00:00 ERROR 'ansible_navigator.actions.collections._parse' /home/devops/ansible/collections/ansible_collections/community/general/plugins/modules/lvg.py AnsibleError (get_docstring): unknown doc_fragment(s) in file /home/devops/ansible/collections/ansible_collections/community/general/plugins/modules/lvg.py: community.general._attributes
2026-08-18T06:36:51.430044+00:00 ERROR 'ansible_navigator.actions.collections._parse' /home/devops/ansible/collections/ansible_collections/community/general/plugins/modules/lvg_rename.py AnsibleError (get_docstring): unknown doc_fragment(s) in file /home/devops/ansible/collections/ansible_collections/community/general/plugins/modules/lvg_rename.py: community.general._attributes
2026-08-18T06:36:51.430061+00:00 ERROR 'ansible_navigator.actions.collections._parse' /home/devops/ansible/collections/ansible_collections/community/general/plugins/modules/lvol.py AnsibleError (get_docstring): unknown doc_fragment(s) in file /home/devops/ansible/collections/ansible_collections/community/general/plugins/modules/lvol.py: community.general._attributes
2026-08-18T06:36:51.430077+00:00 ERROR 'ansible_navigator.actions.collections._parse' /home/devops/ansible/collections/ansible_collections/community/general/plugins/modules/lxc_container.py AnsibleError (get_docstring): unknown doc_fragment(s) in file /home/devops/ansible/collections/ansible_collections/community/general/plugins/modules/lxc_container.py: community.general._attributes
2026-08-18T06:36:51.430094+00:00 ERROR 'ansible_navigator.actions.collections._parse' /home/devops/ansible/collections/ansible_collections/community/general/plugins/modules/lxca_cmms.py AnsibleError (get_docstring): unknown doc_fragment(s) in file /home/devops/ansible/collections/ansible_collections/community/general/plugins/modules/lxca_cmms.py: community.general._lxca_common, community.general._attributes
2026-08-18T06:36:51.430110+00:00 ERROR 'ansible_navigator.actions.collections._parse' /home/devops/ansible/collections/ansible_collections/community/general/plugins/modules/lxca_nodes.py AnsibleError (get_docstring): unknown doc_fragment(s) in file /home/devops/ansible/collections/ansible_collections/community/general/plugins/modules/lxca_nodes.py: community.general._lxca_common, community.general._attributes
2026-08-18T06:36:51.430129+00:00 ERROR 'ansible_navigator.actions.collections._parse' /home/devops/ansible/collections/ansible_collections/community/general/plugins/modules/lxd_container.py AnsibleError (get_docstring): unknown doc_fragment(s) in file /home/devops/ansible/collections/ansible_collections/community/general/plugins/modules/lxd_container.py: community.general._attributes
2026-08-18T06:36:51.430146+00:00 ERROR 'ansible_navigator.actions.collections._parse' /home/devops/ansible/collections/ansible_collections/community/general/plugins/modules/lxd_profile.py AnsibleError (get_docstring): unknown doc_fragment(s) in file /home/devops/ansible/collections/ansible_collections/community/general/plugins/modules/lxd_profile.py: community.general._attributes
2026-08-18T06:36:51.430163+00:00 ERROR 'ansible_navigator.actions.collections._parse' /home/devops/ansible/collections/ansible_collections/community/general/plugins/modules/lxd_project.py AnsibleError (get_docstring): unknown doc_fragment(s) in file /home/devops/ansible/collections/ansible_collections/community/general/plugins/modules/lxd_project.py: community.general._attributes
2026-08-18T06:36:51.430180+00:00 ERROR 'ansible_navigator.actions.collections._parse' /home/devops/ansible/collections/ansible_collections/community/general/plugins/modules/lxd_storage_pool_info.py AnsibleError (get_docstring): unknown doc_fragment(s) in file /home/devops/ansible/collections/ansible_collections/community/general/plugins/modules/lxd_storage_pool_info.py: community.general._attributes, community.general._attributes.info_module
2026-08-18T06:36:51.430197+00:00 ERROR 'ansible_navigator.actions.collections._parse' /home/devops/ansible/collections/ansible_collections/community/general/plugins/modules/lxd_storage_volume_info.py AnsibleError (get_docstring): unknown doc_fragment(s) in file /home/devops/ansible/collections/ansible_collections/community/general/plugins/modules/lxd_storage_volume_info.py: community.general._attributes, community.general._attributes.info_module
2026-08-18T06:36:51.430214+00:00 ERROR 'ansible_navigator.actions.collections._parse' /home/devops/ansible/collections/ansible_collections/community/general/plugins/modules/macports.py AnsibleError (get_docstring): unknown doc_fragment(s) in file /home/devops/ansible/collections/ansible_collections/community/general/plugins/modules/macports.py: community.general._attributes
2026-08-18T06:36:51.430230+00:00 ERROR 'ansible_navigator.actions.collections._parse' /home/devops/ansible/collections/ansible_collections/community/general/plugins/modules/mail.py AnsibleError (get_docstring): unknown doc_fragment(s) in file /home/devops/ansible/collections/ansible_collections/community/general/plugins/modules/mail.py: community.general._attributes
2026-08-18T06:36:51.430247+00:00 ERROR 'ansible_navigator.actions.collections._parse' /home/devops/ansible/collections/ansible_collections/community/general/plugins/modules/make.py AnsibleError (get_docstring): unknown doc_fragment(s) in file /home/devops/ansible/collections/ansible_collections/community/general/plugins/modules/make.py: community.general._attributes
2026-08-18T06:36:51.430263+00:00 ERROR 'ansible_navigator.actions.collections._parse' /home/devops/ansible/collections/ansible_collections/community/general/plugins/modules/manageiq_alert_profiles.py AnsibleError (get_docstring): unknown doc_fragment(s) in file /home/devops/ansible/collections/ansible_collections/community/general/plugins/modules/manageiq_alert_profiles.py: community.general._manageiq, community.general._attributes
2026-08-18T06:36:51.430310+00:00 ERROR 'ansible_navigator.actions.collections._parse' /home/devops/ansible/collections/ansible_collections/community/general/plugins/modules/manageiq_alerts.py AnsibleError (get_docstring): unknown doc_fragment(s) in file /home/devops/ansible/collections/ansible_collections/community/general/plugins/modules/manageiq_alerts.py: community.general._manageiq, community.general._attributes
2026-08-18T06:36:51.430361+00:00 ERROR 'ansible_navigator.actions.collections._parse' /home/devops/ansible/collections/ansible_collections/community/general/plugins/modules/manageiq_group.py AnsibleError (get_docstring): unknown doc_fragment(s) in file /home/devops/ansible/collections/ansible_collections/community/general/plugins/modules/manageiq_group.py: community.general._manageiq, community.general._attributes
2026-08-18T06:36:51.430403+00:00 ERROR 'ansible_navigator.actions.collections._parse' /home/devops/ansible/collections/ansible_collections/community/general/plugins/modules/manageiq_policies.py AnsibleError (get_docstring): unknown doc_fragment(s) in file /home/devops/ansible/collections/ansible_collections/community/general/plugins/modules/manageiq_policies.py: community.general._manageiq, community.general._attributes
2026-08-18T06:36:51.430434+00:00 ERROR 'ansible_navigator.actions.collections._parse' /home/devops/ansible/collections/ansible_collections/community/general/plugins/modules/manageiq_policies_info.py AnsibleError (get_docstring): unknown doc_fragment(s) in file /home/devops/ansible/collections/ansible_collections/community/general/plugins/modules/manageiq_policies_info.py: community.general._manageiq, community.general._attributes, community.general._attributes.info_module
2026-08-18T06:36:51.430468+00:00 ERROR 'ansible_navigator.actions.collections._parse' /home/devops/ansible/collections/ansible_collections/community/general/plugins/modules/manageiq_provider.py AnsibleError (get_docstring): unknown doc_fragment(s) in file /home/devops/ansible/collections/ansible_collections/community/general/plugins/modules/manageiq_provider.py: community.general._manageiq, community.general._attributes
2026-08-18T06:36:51.430513+00:00 ERROR 'ansible_navigator.actions.collections._parse' /home/devops/ansible/collections/ansible_collections/community/general/plugins/modules/manageiq_tags.py AnsibleError (get_docstring): unknown doc_fragment(s) in file /home/devops/ansible/collections/ansible_collections/community/general/plugins/modules/manageiq_tags.py: community.general._manageiq, community.general._attributes
2026-08-18T06:36:51.430558+00:00 ERROR 'ansible_navigator.actions.collections._parse' /home/devops/ansible/collections/ansible_collections/community/general/plugins/modules/manageiq_tags_info.py AnsibleError (get_docstring): unknown doc_fragment(s) in file /home/devops/ansible/collections/ansible_collections/community/general/plugins/modules/manageiq_tags_info.py: community.general._manageiq, community.general._attributes, community.general._attributes.info_module
2026-08-18T06:36:51.430608+00:00 ERROR 'ansible_navigator.actions.collections._parse' /home/devops/ansible/collections/ansible_collections/community/general/plugins/modules/manageiq_tenant.py AnsibleError (get_docstring): unknown doc_fragment(s) in file /home/devops/ansible/collections/ansible_collections/community/general/plugins/modules/manageiq_tenant.py: community.general._manageiq, community.general._attributes
2026-08-18T06:36:51.430656+00:00 ERROR 'ansible_navigator.actions.collections._parse' /home/devops/ansible/collections/ansible_collections/community/general/plugins/modules/manageiq_user.py AnsibleError (get_docstring): unknown doc_fragment(s) in file /home/devops/ansible/collections/ansible_collections/community/general/plugins/modules/manageiq_user.py: community.general._manageiq, community.general._attributes
2026-08-18T06:36:51.430690+00:00 ERROR 'ansible_navigator.actions.collections._parse' /home/devops/ansible/collections/ansible_collections/community/general/plugins/modules/mas.py AnsibleError (get_docstring): unknown doc_fragment(s) in file /home/devops/ansible/collections/ansible_collections/community/general/plugins/modules/mas.py: community.general._attributes
2026-08-18T06:36:51.430734+00:00 ERROR 'ansible_navigator.actions.collections._parse' /home/devops/ansible/collections/ansible_collections/community/general/plugins/modules/matrix.py AnsibleError (get_docstring): unknown doc_fragment(s) in file /home/devops/ansible/collections/ansible_collections/community/general/plugins/modules/matrix.py: community.general._attributes
2026-08-18T06:36:51.430786+00:00 ERROR 'ansible_navigator.actions.collections._parse' /home/devops/ansible/collections/ansible_collections/community/general/plugins/modules/mattermost.py AnsibleError (get_docstring): unknown doc_fragment(s) in file /home/devops/ansible/collections/ansible_collections/community/general/plugins/modules/mattermost.py: community.general._attributes
2026-08-18T06:36:51.430820+00:00 ERROR 'ansible_navigator.actions.collections._parse' /home/devops/ansible/collections/ansible_collections/community/general/plugins/modules/maven_artifact.py AnsibleError (get_docstring): unknown doc_fragment(s) in file /home/devops/ansible/collections/ansible_collections/community/general/plugins/modules/maven_artifact.py: ansible.builtin.files, community.general._attributes
2026-08-18T06:36:51.430839+00:00 ERROR 'ansible_navigator.actions.collections._parse' /home/devops/ansible/collections/ansible_collections/community/general/plugins/modules/memset_dns_reload.py AnsibleError (get_docstring): unknown doc_fragment(s) in file /home/devops/ansible/collections/ansible_collections/community/general/plugins/modules/memset_dns_reload.py: community.general._attributes
2026-08-18T06:36:51.430857+00:00 ERROR 'ansible_navigator.actions.collections._parse' /home/devops/ansible/collections/ansible_collections/community/general/plugins/modules/memset_memstore_info.py AnsibleError (get_docstring): unknown doc_fragment(s) in file /home/devops/ansible/collections/ansible_collections/community/general/plugins/modules/memset_memstore_info.py: community.general._attributes, community.general._attributes.info_module
2026-08-18T06:36:51.430874+00:00 ERROR 'ansible_navigator.actions.collections._parse' /home/devops/ansible/collections/ansible_collections/community/general/plugins/modules/memset_server_info.py AnsibleError (get_docstring): unknown doc_fragment(s) in file /home/devops/ansible/collections/ansible_collections/community/general/plugins/modules/memset_server_info.py: community.general._attributes, community.general._attributes.info_module
2026-08-18T06:36:51.430891+00:00 ERROR 'ansible_navigator.actions.collections._parse' /home/devops/ansible/collections/ansible_collections/community/general/plugins/modules/memset_zone.py AnsibleError (get_docstring): unknown doc_fragment(s) in file /home/devops/ansible/collections/ansible_collections/community/general/plugins/modules/memset_zone.py: community.general._attributes
2026-08-18T06:36:51.430908+00:00 ERROR 'ansible_navigator.actions.collections._parse' /home/devops/ansible/collections/ansible_collections/community/general/plugins/modules/memset_zone_domain.py AnsibleError (get_docstring): unknown doc_fragment(s) in file /home/devops/ansible/collections/ansible_collections/community/general/plugins/modules/memset_zone_domain.py: community.general._attributes
2026-08-18T06:36:51.430924+00:00 ERROR 'ansible_navigator.actions.collections._parse' /home/devops/ansible/collections/ansible_collections/community/general/plugins/modules/memset_zone_record.py AnsibleError (get_docstring): unknown doc_fragment(s) in file /home/devops/ansible/collections/ansible_collections/community/general/plugins/modules/memset_zone_record.py: community.general._attributes
2026-08-18T06:36:51.430941+00:00 ERROR 'ansible_navigator.actions.collections._parse' /home/devops/ansible/collections/ansible_collections/community/general/plugins/modules/mksysb.py AnsibleError (get_docstring): unknown doc_fragment(s) in file /home/devops/ansible/collections/ansible_collections/community/general/plugins/modules/mksysb.py: community.general._attributes
2026-08-18T06:36:51.430958+00:00 ERROR 'ansible_navigator.actions.collections._parse' /home/devops/ansible/collections/ansible_collections/community/general/plugins/modules/modprobe.py AnsibleError (get_docstring): unknown doc_fragment(s) in file /home/devops/ansible/collections/ansible_collections/community/general/plugins/modules/modprobe.py: community.general._attributes
2026-08-18T06:36:51.430977+00:00 ERROR 'ansible_navigator.actions.collections._parse' /home/devops/ansible/collections/ansible_collections/community/general/plugins/modules/monit.py AnsibleError (get_docstring): unknown doc_fragment(s) in file /home/devops/ansible/collections/ansible_collections/community/general/plugins/modules/monit.py: community.general._attributes
2026-08-18T06:36:51.430994+00:00 ERROR 'ansible_navigator.actions.collections._parse' /home/devops/ansible/collections/ansible_collections/community/general/plugins/modules/mqtt.py AnsibleError (get_docstring): unknown doc_fragment(s) in file /home/devops/ansible/collections/ansible_collections/community/general/plugins/modules/mqtt.py: community.general._attributes
2026-08-18T06:36:51.431011+00:00 ERROR 'ansible_navigator.actions.collections._parse' /home/devops/ansible/collections/ansible_collections/community/general/plugins/modules/mssql_db.py AnsibleError (get_docstring): unknown doc_fragment(s) in file /home/devops/ansible/collections/ansible_collections/community/general/plugins/modules/mssql_db.py: community.general._attributes
2026-08-18T06:36:51.431029+00:00 ERROR 'ansible_navigator.actions.collections._parse' /home/devops/ansible/collections/ansible_collections/community/general/plugins/modules/mssql_script.py AnsibleError (get_docstring): unknown doc_fragment(s) in file /home/devops/ansible/collections/ansible_collections/community/general/plugins/modules/mssql_script.py: community.general._attributes
2026-08-18T06:36:51.431047+00:00 ERROR 'ansible_navigator.actions.collections._parse' /home/devops/ansible/collections/ansible_collections/community/general/plugins/modules/nagios.py AnsibleError (get_docstring): unknown doc_fragment(s) in file /home/devops/ansible/collections/ansible_collections/community/general/plugins/modules/nagios.py: community.general._attributes
2026-08-18T06:36:51.431064+00:00 ERROR 'ansible_navigator.actions.collections._parse' /home/devops/ansible/collections/ansible_collections/community/general/plugins/modules/netcup_dns.py AnsibleError (get_docstring): unknown doc_fragment(s) in file /home/devops/ansible/collections/ansible_collections/community/general/plugins/modules/netcup_dns.py: community.general._attributes
2026-08-18T06:36:51.431080+00:00 ERROR 'ansible_navigator.actions.collections._parse' /home/devops/ansible/collections/ansible_collections/community/general/plugins/modules/newrelic_deployment.py AnsibleError (get_docstring): unknown doc_fragment(s) in file /home/devops/ansible/collections/ansible_collections/community/general/plugins/modules/newrelic_deployment.py: community.general._attributes
2026-08-18T06:36:51.431096+00:00 ERROR 'ansible_navigator.actions.collections._parse' /home/devops/ansible/collections/ansible_collections/community/general/plugins/modules/nexmo.py AnsibleError (get_docstring): unknown doc_fragment(s) in file /home/devops/ansible/collections/ansible_collections/community/general/plugins/modules/nexmo.py: ansible.builtin.url, community.general._attributes
2026-08-18T06:36:51.431113+00:00 ERROR 'ansible_navigator.actions.collections._parse' /home/devops/ansible/collections/ansible_collections/community/general/plugins/modules/nginx_status_info.py AnsibleError (get_docstring): unknown doc_fragment(s) in file /home/devops/ansible/collections/ansible_collections/community/general/plugins/modules/nginx_status_info.py: community.general._attributes, community.general._attributes.info_module
2026-08-18T06:36:51.431129+00:00 ERROR 'ansible_navigator.actions.collections._parse' /home/devops/ansible/collections/ansible_collections/community/general/plugins/modules/nictagadm.py AnsibleError (get_docstring): unknown doc_fragment(s) in file /home/devops/ansible/collections/ansible_collections/community/general/plugins/modules/nictagadm.py: community.general._attributes
2026-08-18T06:36:51.431145+00:00 ERROR 'ansible_navigator.actions.collections._parse' /home/devops/ansible/collections/ansible_collections/community/general/plugins/modules/nmcli.py AnsibleError (get_docstring): unknown doc_fragment(s) in file /home/devops/ansible/collections/ansible_collections/community/general/plugins/modules/nmcli.py: community.general._attributes
2026-08-18T06:36:51.431165+00:00 ERROR 'ansible_navigator.actions.collections._parse' /home/devops/ansible/collections/ansible_collections/community/general/plugins/modules/nomad_job.py AnsibleError (get_docstring): unknown doc_fragment(s) in file /home/devops/ansible/collections/ansible_collections/community/general/plugins/modules/nomad_job.py: community.general._nomad, community.general._attributes
2026-08-18T06:36:51.431182+00:00 ERROR 'ansible_navigator.actions.collections._parse' /home/devops/ansible/collections/ansible_collections/community/general/plugins/modules/nomad_job_info.py AnsibleError (get_docstring): unknown doc_fragment(s) in file /home/devops/ansible/collections/ansible_collections/community/general/plugins/modules/nomad_job_info.py: community.general._nomad, community.general._attributes, community.general._attributes.info_module
2026-08-18T06:36:51.431199+00:00 ERROR 'ansible_navigator.actions.collections._parse' /home/devops/ansible/collections/ansible_collections/community/general/plugins/modules/nomad_token.py AnsibleError (get_docstring): unknown doc_fragment(s) in file /home/devops/ansible/collections/ansible_collections/community/general/plugins/modules/nomad_token.py: community.general._nomad, community.general._attributes
2026-08-18T06:36:51.431216+00:00 ERROR 'ansible_navigator.actions.collections._parse' /home/devops/ansible/collections/ansible_collections/community/general/plugins/modules/nosh.py AnsibleError (get_docstring): unknown doc_fragment(s) in file /home/devops/ansible/collections/ansible_collections/community/general/plugins/modules/nosh.py: community.general._attributes
2026-08-18T06:36:51.431232+00:00 ERROR 'ansible_navigator.actions.collections._parse' /home/devops/ansible/collections/ansible_collections/community/general/plugins/modules/npm.py AnsibleError (get_docstring): unknown doc_fragment(s) in file /home/devops/ansible/collections/ansible_collections/community/general/plugins/modules/npm.py: community.general._attributes
2026-08-18T06:36:51.431249+00:00 ERROR 'ansible_navigator.actions.collections._parse' /home/devops/ansible/collections/ansible_collections/community/general/plugins/modules/nsupdate.py AnsibleError (get_docstring): unknown doc_fragment(s) in file /home/devops/ansible/collections/ansible_collections/community/general/plugins/modules/nsupdate.py: community.general._attributes
2026-08-18T06:36:51.431266+00:00 ERROR 'ansible_navigator.actions.collections._parse' /home/devops/ansible/collections/ansible_collections/community/general/plugins/modules/ocapi_command.py AnsibleError (get_docstring): unknown doc_fragment(s) in file /home/devops/ansible/collections/ansible_collections/community/general/plugins/modules/ocapi_command.py: community.general._attributes
2026-08-18T06:36:51.431282+00:00 ERROR 'ansible_navigator.actions.collections._parse' /home/devops/ansible/collections/ansible_collections/community/general/plugins/modules/ocapi_info.py AnsibleError (get_docstring): unknown doc_fragment(s) in file /home/devops/ansible/collections/ansible_collections/community/general/plugins/modules/ocapi_info.py: community.general._attributes, community.general._attributes.info_module
2026-08-18T06:36:51.431298+00:00 ERROR 'ansible_navigator.actions.collections._parse' /home/devops/ansible/collections/ansible_collections/community/general/plugins/modules/odbc.py AnsibleError (get_docstring): unknown doc_fragment(s) in file /home/devops/ansible/collections/ansible_collections/community/general/plugins/modules/odbc.py: community.general._attributes
2026-08-18T06:36:51.431316+00:00 ERROR 'ansible_navigator.actions.collections._parse' /home/devops/ansible/collections/ansible_collections/community/general/plugins/modules/office_365_connector_card.py AnsibleError (get_docstring): unknown doc_fragment(s) in file /home/devops/ansible/collections/ansible_collections/community/general/plugins/modules/office_365_connector_card.py: community.general._attributes
2026-08-18T06:36:51.431334+00:00 ERROR 'ansible_navigator.actions.collections._parse' /home/devops/ansible/collections/ansible_collections/community/general/plugins/modules/ohai.py AnsibleError (get_docstring): unknown doc_fragment(s) in file /home/devops/ansible/collections/ansible_collections/community/general/plugins/modules/ohai.py: community.general._attributes
2026-08-18T06:36:51.431351+00:00 ERROR 'ansible_navigator.actions.collections._parse' /home/devops/ansible/collections/ansible_collections/community/general/plugins/modules/omapi_host.py AnsibleError (get_docstring): unknown doc_fragment(s) in file /home/devops/ansible/collections/ansible_collections/community/general/plugins/modules/omapi_host.py: community.general._attributes
2026-08-18T06:36:51.431368+00:00 ERROR 'ansible_navigator.actions.collections._parse' /home/devops/ansible/collections/ansible_collections/community/general/plugins/modules/one_host.py AnsibleError (get_docstring): unknown doc_fragment(s) in file /home/devops/ansible/collections/ansible_collections/community/general/plugins/modules/one_host.py: community.general._opennebula, community.general._attributes
2026-08-18T06:36:51.431384+00:00 ERROR 'ansible_navigator.actions.collections._parse' /home/devops/ansible/collections/ansible_collections/community/general/plugins/modules/one_image.py AnsibleError (get_docstring): unknown doc_fragment(s) in file /home/devops/ansible/collections/ansible_collections/community/general/plugins/modules/one_image.py: community.general._opennebula, community.general._attributes
2026-08-18T06:36:51.431401+00:00 ERROR 'ansible_navigator.actions.collections._parse' /home/devops/ansible/collections/ansible_collections/community/general/plugins/modules/one_image_info.py AnsibleError (get_docstring): unknown doc_fragment(s) in file /home/devops/ansible/collections/ansible_collections/community/general/plugins/modules/one_image_info.py: community.general._opennebula, community.general._attributes, community.general._attributes.info_module
2026-08-18T06:36:51.431417+00:00 ERROR 'ansible_navigator.actions.collections._parse' /home/devops/ansible/collections/ansible_collections/community/general/plugins/modules/one_service.py AnsibleError (get_docstring): unknown doc_fragment(s) in file /home/devops/ansible/collections/ansible_collections/community/general/plugins/modules/one_service.py: community.general._attributes
2026-08-18T06:36:51.431433+00:00 ERROR 'ansible_navigator.actions.collections._parse' /home/devops/ansible/collections/ansible_collections/community/general/plugins/modules/one_template.py AnsibleError (get_docstring): unknown doc_fragment(s) in file /home/devops/ansible/collections/ansible_collections/community/general/plugins/modules/one_template.py: community.general._opennebula, community.general._attributes
2026-08-18T06:36:51.431450+00:00 ERROR 'ansible_navigator.actions.collections._parse' /home/devops/ansible/collections/ansible_collections/community/general/plugins/modules/one_vm.py AnsibleError (get_docstring): unknown doc_fragment(s) in file /home/devops/ansible/collections/ansible_collections/community/general/plugins/modules/one_vm.py: community.general._attributes
2026-08-18T06:36:51.431467+00:00 ERROR 'ansible_navigator.actions.collections._parse' /home/devops/ansible/collections/ansible_collections/community/general/plugins/modules/one_vnet.py AnsibleError (get_docstring): unknown doc_fragment(s) in file /home/devops/ansible/collections/ansible_collections/community/general/plugins/modules/one_vnet.py: community.general._opennebula, community.general._attributes
2026-08-18T06:36:51.431483+00:00 ERROR 'ansible_navigator.actions.collections._parse' /home/devops/ansible/collections/ansible_collections/community/general/plugins/modules/onepassword_info.py AnsibleError (get_docstring): unknown doc_fragment(s) in file /home/devops/ansible/collections/ansible_collections/community/general/plugins/modules/onepassword_info.py: community.general._attributes, community.general._attributes.info_module
2026-08-18T06:36:51.431500+00:00 ERROR 'ansible_navigator.actions.collections._parse' /home/devops/ansible/collections/ansible_collections/community/general/plugins/modules/oneview_datacenter_info.py AnsibleError (get_docstring): unknown doc_fragment(s) in file /home/devops/ansible/collections/ansible_collections/community/general/plugins/modules/oneview_datacenter_info.py: community.general._oneview, community.general._oneview.factsparams, community.general._attributes, community.general._attributes.info_module
2026-08-18T06:36:51.431520+00:00 ERROR 'ansible_navigator.actions.collections._parse' /home/devops/ansible/collections/ansible_collections/community/general/plugins/modules/oneview_enclosure_info.py AnsibleError (get_docstring): unknown doc_fragment(s) in file /home/devops/ansible/collections/ansible_collections/community/general/plugins/modules/oneview_enclosure_info.py: community.general._oneview, community.general._oneview.factsparams, community.general._attributes, community.general._attributes.info_module
2026-08-18T06:36:51.431538+00:00 ERROR 'ansible_navigator.actions.collections._parse' /home/devops/ansible/collections/ansible_collections/community/general/plugins/modules/oneview_ethernet_network.py AnsibleError (get_docstring): unknown doc_fragment(s) in file /home/devops/ansible/collections/ansible_collections/community/general/plugins/modules/oneview_ethernet_network.py: community.general._oneview, community.general._oneview.validateetag, community.general._attributes
2026-08-18T06:36:51.431555+00:00 ERROR 'ansible_navigator.actions.collections._parse' /home/devops/ansible/collections/ansible_collections/community/general/plugins/modules/oneview_ethernet_network_info.py AnsibleError (get_docstring): unknown doc_fragment(s) in file /home/devops/ansible/collections/ansible_collections/community/general/plugins/modules/oneview_ethernet_network_info.py: community.general._oneview, community.general._oneview.factsparams, community.general._attributes, community.general._attributes.info_module
2026-08-18T06:36:51.431573+00:00 ERROR 'ansible_navigator.actions.collections._parse' /home/devops/ansible/collections/ansible_collections/community/general/plugins/modules/oneview_fc_network.py AnsibleError (get_docstring): unknown doc_fragment(s) in file /home/devops/ansible/collections/ansible_collections/community/general/plugins/modules/oneview_fc_network.py: community.general._oneview, community.general._oneview.validateetag, community.general._attributes
2026-08-18T06:36:51.431590+00:00 ERROR 'ansible_navigator.actions.collections._parse' /home/devops/ansible/collections/ansible_collections/community/general/plugins/modules/oneview_fc_network_info.py AnsibleError (get_docstring): unknown doc_fragment(s) in file /home/devops/ansible/collections/ansible_collections/community/general/plugins/modules/oneview_fc_network_info.py: community.general._oneview, community.general._oneview.factsparams, community.general._attributes, community.general._attributes.info_module
2026-08-18T06:36:51.431607+00:00 ERROR 'ansible_navigator.actions.collections._parse' /home/devops/ansible/collections/ansible_collections/community/general/plugins/modules/oneview_fcoe_network.py AnsibleError (get_docstring): unknown doc_fragment(s) in file /home/devops/ansible/collections/ansible_collections/community/general/plugins/modules/oneview_fcoe_network.py: community.general._oneview, community.general._oneview.validateetag, community.general._attributes
2026-08-18T06:36:51.431624+00:00 ERROR 'ansible_navigator.actions.collections._parse' /home/devops/ansible/collections/ansible_collections/community/general/plugins/modules/oneview_fcoe_network_info.py AnsibleError (get_docstring): unknown doc_fragment(s) in file /home/devops/ansible/collections/ansible_collections/community/general/plugins/modules/oneview_fcoe_network_info.py: community.general._oneview, community.general._oneview.factsparams, community.general._attributes, community.general._attributes.info_module
2026-08-18T06:36:51.431641+00:00 ERROR 'ansible_navigator.actions.collections._parse' /home/devops/ansible/collections/ansible_collections/community/general/plugins/modules/oneview_logical_interconnect_group.py AnsibleError (get_docstring): unknown doc_fragment(s) in file /home/devops/ansible/collections/ansible_collections/community/general/plugins/modules/oneview_logical_interconnect_group.py: community.general._oneview, community.general._oneview.validateetag, community.general._attributes
2026-08-18T06:36:51.431661+00:00 ERROR 'ansible_navigator.actions.collections._parse' /home/devops/ansible/collections/ansible_collections/community/general/plugins/modules/oneview_logical_interconnect_group_info.py AnsibleError (get_docstring): unknown doc_fragment(s) in file /home/devops/ansible/collections/ansible_collections/community/general/plugins/modules/oneview_logical_interconnect_group_info.py: community.general._oneview, community.general._oneview.factsparams, community.general._attributes, community.general._attributes.info_module
2026-08-18T06:36:51.431679+00:00 ERROR 'ansible_navigator.actions.collections._parse' /home/devops/ansible/collections/ansible_collections/community/general/plugins/modules/oneview_network_set.py AnsibleError (get_docstring): unknown doc_fragment(s) in file /home/devops/ansible/collections/ansible_collections/community/general/plugins/modules/oneview_network_set.py: community.general._oneview, community.general._oneview.validateetag, community.general._attributes
2026-08-18T06:36:51.431695+00:00 ERROR 'ansible_navigator.actions.collections._parse' /home/devops/ansible/collections/ansible_collections/community/general/plugins/modules/oneview_network_set_info.py AnsibleError (get_docstring): unknown doc_fragment(s) in file /home/devops/ansible/collections/ansible_collections/community/general/plugins/modules/oneview_network_set_info.py: community.general._oneview, community.general._oneview.factsparams, community.general._attributes, community.general._attributes.info_module
2026-08-18T06:36:51.431711+00:00 ERROR 'ansible_navigator.actions.collections._parse' /home/devops/ansible/collections/ansible_collections/community/general/plugins/modules/oneview_san_manager.py AnsibleError (get_docstring): unknown doc_fragment(s) in file /home/devops/ansible/collections/ansible_collections/community/general/plugins/modules/oneview_san_manager.py: community.general._oneview, community.general._oneview.validateetag, community.general._attributes
2026-08-18T06:36:51.431728+00:00 ERROR 'ansible_navigator.actions.collections._parse' /home/devops/ansible/collections/ansible_collections/community/general/plugins/modules/oneview_san_manager_info.py AnsibleError (get_docstring): unknown doc_fragment(s) in file /home/devops/ansible/collections/ansible_collections/community/general/plugins/modules/oneview_san_manager_info.py: community.general._oneview, community.general._attributes, community.general._attributes.info_module
2026-08-18T06:36:51.431745+00:00 ERROR 'ansible_navigator.actions.collections._parse' /home/devops/ansible/collections/ansible_collections/community/general/plugins/modules/online_server_info.py AnsibleError (get_docstring): unknown doc_fragment(s) in file /home/devops/ansible/collections/ansible_collections/community/general/plugins/modules/online_server_info.py: community.general._online, community.general._attributes, community.general._attributes.info_module
2026-08-18T06:36:51.431761+00:00 ERROR 'ansible_navigator.actions.collections._parse' /home/devops/ansible/collections/ansible_collections/community/general/plugins/modules/online_user_info.py AnsibleError (get_docstring): unknown doc_fragment(s) in file /home/devops/ansible/collections/ansible_collections/community/general/plugins/modules/online_user_info.py: community.general._online, community.general._attributes, community.general._attributes.info_module
2026-08-18T06:36:51.431778+00:00 ERROR 'ansible_navigator.actions.collections._parse' /home/devops/ansible/collections/ansible_collections/community/general/plugins/modules/open_iscsi.py AnsibleError (get_docstring): unknown doc_fragment(s) in file /home/devops/ansible/collections/ansible_collections/community/general/plugins/modules/open_iscsi.py: community.general._attributes
2026-08-18T06:36:51.431882+00:00 ERROR 'ansible_navigator.actions.collections._parse' /home/devops/ansible/collections/ansible_collections/community/general/plugins/modules/openbsd_pkg.py AnsibleError (get_docstring): unknown doc_fragment(s) in file /home/devops/ansible/collections/ansible_collections/community/general/plugins/modules/openbsd_pkg.py: community.general._attributes
2026-08-18T06:36:51.432224+00:00 ERROR 'ansible_navigator.actions.collections._parse' /home/devops/ansible/collections/ansible_collections/community/general/plugins/modules/opendj_backendprop.py AnsibleError (get_docstring): unknown doc_fragment(s) in file /home/devops/ansible/collections/ansible_collections/community/general/plugins/modules/opendj_backendprop.py: community.general._attributes
2026-08-18T06:36:51.432292+00:00 ERROR 'ansible_navigator.actions.collections._parse' /home/devops/ansible/collections/ansible_collections/community/general/plugins/modules/openwrt_init.py AnsibleError (get_docstring): unknown doc_fragment(s) in file /home/devops/ansible/collections/ansible_collections/community/general/plugins/modules/openwrt_init.py: community.general._attributes
2026-08-18T06:36:51.432342+00:00 ERROR 'ansible_navigator.actions.collections._parse' /home/devops/ansible/collections/ansible_collections/community/general/plugins/modules/opkg.py AnsibleError (get_docstring): unknown doc_fragment(s) in file /home/devops/ansible/collections/ansible_collections/community/general/plugins/modules/opkg.py: community.general._attributes
2026-08-18T06:36:51.432376+00:00 ERROR 'ansible_navigator.actions.collections._parse' /home/devops/ansible/collections/ansible_collections/community/general/plugins/modules/osx_defaults.py AnsibleError (get_docstring): unknown doc_fragment(s) in file /home/devops/ansible/collections/ansible_collections/community/general/plugins/modules/osx_defaults.py: community.general._attributes
2026-08-18T06:36:51.432400+00:00 ERROR 'ansible_navigator.actions.collections._parse' /home/devops/ansible/collections/ansible_collections/community/general/plugins/modules/ovh_ip_failover.py AnsibleError (get_docstring): unknown doc_fragment(s) in file /home/devops/ansible/collections/ansible_collections/community/general/plugins/modules/ovh_ip_failover.py: community.general._attributes
2026-08-18T06:36:51.432419+00:00 ERROR 'ansible_navigator.actions.collections._parse' /home/devops/ansible/collections/ansible_collections/community/general/plugins/modules/ovh_ip_loadbalancing_backend.py AnsibleError (get_docstring): unknown doc_fragment(s) in file /home/devops/ansible/collections/ansible_collections/community/general/plugins/modules/ovh_ip_loadbalancing_backend.py: community.general._attributes
2026-08-18T06:36:51.432436+00:00 ERROR 'ansible_navigator.actions.collections._parse' /home/devops/ansible/collections/ansible_collections/community/general/plugins/modules/ovh_monthly_billing.py AnsibleError (get_docstring): unknown doc_fragment(s) in file /home/devops/ansible/collections/ansible_collections/community/general/plugins/modules/ovh_monthly_billing.py: community.general._attributes
2026-08-18T06:36:51.432458+00:00 ERROR 'ansible_navigator.actions.collections._parse' /home/devops/ansible/collections/ansible_collections/community/general/plugins/modules/pacemaker_cluster.py AnsibleError (get_docstring): unknown doc_fragment(s) in file /home/devops/ansible/collections/ansible_collections/community/general/plugins/modules/pacemaker_cluster.py: community.general._attributes
2026-08-18T06:36:51.432475+00:00 ERROR 'ansible_navigator.actions.collections._parse' /home/devops/ansible/collections/ansible_collections/community/general/plugins/modules/pacemaker_info.py AnsibleError (get_docstring): unknown doc_fragment(s) in file /home/devops/ansible/collections/ansible_collections/community/general/plugins/modules/pacemaker_info.py: community.general._attributes, community.general._attributes.info_module
2026-08-18T06:36:51.432492+00:00 ERROR 'ansible_navigator.actions.collections._parse' /home/devops/ansible/collections/ansible_collections/community/general/plugins/modules/pacemaker_resource.py AnsibleError (get_docstring): unknown doc_fragment(s) in file /home/devops/ansible/collections/ansible_collections/community/general/plugins/modules/pacemaker_resource.py: community.general._attributes
2026-08-18T06:36:51.432522+00:00 ERROR 'ansible_navigator.actions.collections._parse' /home/devops/ansible/collections/ansible_collections/community/general/plugins/modules/pacemaker_stonith.py AnsibleError (get_docstring): unknown doc_fragment(s) in file /home/devops/ansible/collections/ansible_collections/community/general/plugins/modules/pacemaker_stonith.py: community.general._attributes
2026-08-18T06:36:51.432540+00:00 ERROR 'ansible_navigator.actions.collections._parse' /home/devops/ansible/collections/ansible_collections/community/general/plugins/modules/packet_device.py AnsibleError (get_docstring): unknown doc_fragment(s) in file /home/devops/ansible/collections/ansible_collections/community/general/plugins/modules/packet_device.py: community.general._attributes
2026-08-18T06:36:51.432556+00:00 ERROR 'ansible_navigator.actions.collections._parse' /home/devops/ansible/collections/ansible_collections/community/general/plugins/modules/packet_ip_subnet.py AnsibleError (get_docstring): unknown doc_fragment(s) in file /home/devops/ansible/collections/ansible_collections/community/general/plugins/modules/packet_ip_subnet.py: community.general._attributes
2026-08-18T06:36:51.432572+00:00 ERROR 'ansible_navigator.actions.collections._parse' /home/devops/ansible/collections/ansible_collections/community/general/plugins/modules/packet_project.py AnsibleError (get_docstring): unknown doc_fragment(s) in file /home/devops/ansible/collections/ansible_collections/community/general/plugins/modules/packet_project.py: community.general._attributes
2026-08-18T06:36:51.432589+00:00 ERROR 'ansible_navigator.actions.collections._parse' /home/devops/ansible/collections/ansible_collections/community/general/plugins/modules/packet_sshkey.py AnsibleError (get_docstring): unknown doc_fragment(s) in file /home/devops/ansible/collections/ansible_collections/community/general/plugins/modules/packet_sshkey.py: community.general._attributes
2026-08-18T06:36:51.432605+00:00 ERROR 'ansible_navigator.actions.collections._parse' /home/devops/ansible/collections/ansible_collections/community/general/plugins/modules/packet_volume.py AnsibleError (get_docstring): unknown doc_fragment(s) in file /home/devops/ansible/collections/ansible_collections/community/general/plugins/modules/packet_volume.py: community.general._attributes
2026-08-18T06:36:51.432621+00:00 ERROR 'ansible_navigator.actions.collections._parse' /home/devops/ansible/collections/ansible_collections/community/general/plugins/modules/packet_volume_attachment.py AnsibleError (get_docstring): unknown doc_fragment(s) in file /home/devops/ansible/collections/ansible_collections/community/general/plugins/modules/packet_volume_attachment.py: community.general._attributes
2026-08-18T06:36:51.432641+00:00 ERROR 'ansible_navigator.actions.collections._parse' /home/devops/ansible/collections/ansible_collections/community/general/plugins/modules/pacman.py AnsibleError (get_docstring): unknown doc_fragment(s) in file /home/devops/ansible/collections/ansible_collections/community/general/plugins/modules/pacman.py: community.general._attributes
2026-08-18T06:36:51.432662+00:00 ERROR 'ansible_navigator.actions.collections._parse' /home/devops/ansible/collections/ansible_collections/community/general/plugins/modules/pacman_key.py AnsibleError (get_docstring): unknown doc_fragment(s) in file /home/devops/ansible/collections/ansible_collections/community/general/plugins/modules/pacman_key.py: community.general._attributes
2026-08-18T06:36:51.432678+00:00 ERROR 'ansible_navigator.actions.collections._parse' /home/devops/ansible/collections/ansible_collections/community/general/plugins/modules/pagerduty.py AnsibleError (get_docstring): unknown doc_fragment(s) in file /home/devops/ansible/collections/ansible_collections/community/general/plugins/modules/pagerduty.py: community.general._attributes
2026-08-18T06:36:51.432697+00:00 ERROR 'ansible_navigator.actions.collections._parse' /home/devops/ansible/collections/ansible_collections/community/general/plugins/modules/pagerduty_alert.py AnsibleError (get_docstring): unknown doc_fragment(s) in file /home/devops/ansible/collections/ansible_collections/community/general/plugins/modules/pagerduty_alert.py: community.general._attributes
2026-08-18T06:36:51.432714+00:00 ERROR 'ansible_navigator.actions.collections._parse' /home/devops/ansible/collections/ansible_collections/community/general/plugins/modules/pagerduty_change.py AnsibleError (get_docstring): unknown doc_fragment(s) in file /home/devops/ansible/collections/ansible_collections/community/general/plugins/modules/pagerduty_change.py: community.general._attributes
2026-08-18T06:36:51.432730+00:00 ERROR 'ansible_navigator.actions.collections._parse' /home/devops/ansible/collections/ansible_collections/community/general/plugins/modules/pagerduty_user.py AnsibleError (get_docstring): unknown doc_fragment(s) in file /home/devops/ansible/collections/ansible_collections/community/general/plugins/modules/pagerduty_user.py: community.general._attributes
2026-08-18T06:36:51.432747+00:00 ERROR 'ansible_navigator.actions.collections._parse' /home/devops/ansible/collections/ansible_collections/community/general/plugins/modules/pam_limits.py AnsibleError (get_docstring): unknown doc_fragment(s) in file /home/devops/ansible/collections/ansible_collections/community/general/plugins/modules/pam_limits.py: community.general._attributes
2026-08-18T06:36:51.432763+00:00 ERROR 'ansible_navigator.actions.collections._parse' /home/devops/ansible/collections/ansible_collections/community/general/plugins/modules/pamd.py AnsibleError (get_docstring): unknown doc_fragment(s) in file /home/devops/ansible/collections/ansible_collections/community/general/plugins/modules/pamd.py: community.general._attributes
2026-08-18T06:36:51.432780+00:00 ERROR 'ansible_navigator.actions.collections._parse' /home/devops/ansible/collections/ansible_collections/community/general/plugins/modules/parted.py AnsibleError (get_docstring): unknown doc_fragment(s) in file /home/devops/ansible/collections/ansible_collections/community/general/plugins/modules/parted.py: community.general._attributes
2026-08-18T06:36:51.433069+00:00 ERROR 'ansible_navigator.actions.collections._parse' /home/devops/ansible/collections/ansible_collections/community/general/plugins/modules/pear.py AnsibleError (get_docstring): unknown doc_fragment(s) in file /home/devops/ansible/collections/ansible_collections/community/general/plugins/modules/pear.py: community.general._attributes
2026-08-18T06:36:51.433099+00:00 ERROR 'ansible_navigator.actions.collections._parse' /home/devops/ansible/collections/ansible_collections/community/general/plugins/modules/pids.py AnsibleError (get_docstring): unknown doc_fragment(s) in file /home/devops/ansible/collections/ansible_collections/community/general/plugins/modules/pids.py: community.general._attributes
2026-08-18T06:36:51.433118+00:00 ERROR 'ansible_navigator.actions.collections._parse' /home/devops/ansible/collections/ansible_collections/community/general/plugins/modules/pingdom.py AnsibleError (get_docstring): unknown doc_fragment(s) in file /home/devops/ansible/collections/ansible_collections/community/general/plugins/modules/pingdom.py: community.general._attributes
2026-08-18T06:36:51.433136+00:00 ERROR 'ansible_navigator.actions.collections._parse' /home/devops/ansible/collections/ansible_collections/community/general/plugins/modules/pip_package_info.py AnsibleError (get_docstring): unknown doc_fragment(s) in file /home/devops/ansible/collections/ansible_collections/community/general/plugins/modules/pip_package_info.py: community.general._attributes, community.general._attributes.info_module
2026-08-18T06:36:51.433153+00:00 ERROR 'ansible_navigator.actions.collections._parse' /home/devops/ansible/collections/ansible_collections/community/general/plugins/modules/pipx.py AnsibleError (get_docstring): unknown doc_fragment(s) in file /home/devops/ansible/collections/ansible_collections/community/general/plugins/modules/pipx.py: community.general._attributes, community.general._pipx
2026-08-18T06:36:51.433176+00:00 ERROR 'ansible_navigator.actions.collections._parse' /home/devops/ansible/collections/ansible_collections/community/general/plugins/modules/pipx_info.py AnsibleError (get_docstring): unknown doc_fragment(s) in file /home/devops/ansible/collections/ansible_collections/community/general/plugins/modules/pipx_info.py: community.general._attributes, community.general._attributes.info_module, community.general._pipx
2026-08-18T06:36:51.433194+00:00 ERROR 'ansible_navigator.actions.collections._parse' /home/devops/ansible/collections/ansible_collections/community/general/plugins/modules/pkg5.py AnsibleError (get_docstring): unknown doc_fragment(s) in file /home/devops/ansible/collections/ansible_collections/community/general/plugins/modules/pkg5.py: community.general._attributes
2026-08-18T06:36:51.433211+00:00 ERROR 'ansible_navigator.actions.collections._parse' /home/devops/ansible/collections/ansible_collections/community/general/plugins/modules/pkg5_publisher.py AnsibleError (get_docstring): unknown doc_fragment(s) in file /home/devops/ansible/collections/ansible_collections/community/general/plugins/modules/pkg5_publisher.py: community.general._attributes
2026-08-18T06:36:51.433227+00:00 ERROR 'ansible_navigator.actions.collections._parse' /home/devops/ansible/collections/ansible_collections/community/general/plugins/modules/pkgin.py AnsibleError (get_docstring): unknown doc_fragment(s) in file /home/devops/ansible/collections/ansible_collections/community/general/plugins/modules/pkgin.py: community.general._attributes
2026-08-18T06:36:51.433243+00:00 ERROR 'ansible_navigator.actions.collections._parse' /home/devops/ansible/collections/ansible_collections/community/general/plugins/modules/pkgng.py AnsibleError (get_docstring): unknown doc_fragment(s) in file /home/devops/ansible/collections/ansible_collections/community/general/plugins/modules/pkgng.py: community.general._attributes
2026-08-18T06:36:51.433259+00:00 ERROR 'ansible_navigator.actions.collections._parse' /home/devops/ansible/collections/ansible_collections/community/general/plugins/modules/pkgutil.py AnsibleError (get_docstring): unknown doc_fragment(s) in file /home/devops/ansible/collections/ansible_collections/community/general/plugins/modules/pkgutil.py: community.general._attributes
2026-08-18T06:36:51.433276+00:00 ERROR 'ansible_navigator.actions.collections._parse' /home/devops/ansible/collections/ansible_collections/community/general/plugins/modules/pmem.py AnsibleError (get_docstring): unknown doc_fragment(s) in file /home/devops/ansible/collections/ansible_collections/community/general/plugins/modules/pmem.py: community.general._attributes
2026-08-18T06:36:51.433293+00:00 ERROR 'ansible_navigator.actions.collections._parse' /home/devops/ansible/collections/ansible_collections/community/general/plugins/modules/pnpm.py AnsibleError (get_docstring): unknown doc_fragment(s) in file /home/devops/ansible/collections/ansible_collections/community/general/plugins/modules/pnpm.py: community.general._attributes
2026-08-18T06:36:51.433309+00:00 ERROR 'ansible_navigator.actions.collections._parse' /home/devops/ansible/collections/ansible_collections/community/general/plugins/modules/portage.py AnsibleError (get_docstring): unknown doc_fragment(s) in file /home/devops/ansible/collections/ansible_collections/community/general/plugins/modules/portage.py: community.general._attributes
2026-08-18T06:36:51.433326+00:00 ERROR 'ansible_navigator.actions.collections._parse' /home/devops/ansible/collections/ansible_collections/community/general/plugins/modules/portinstall.py AnsibleError (get_docstring): unknown doc_fragment(s) in file /home/devops/ansible/collections/ansible_collections/community/general/plugins/modules/portinstall.py: community.general._attributes
2026-08-18T06:36:51.433345+00:00 ERROR 'ansible_navigator.actions.collections._parse' /home/devops/ansible/collections/ansible_collections/community/general/plugins/modules/pritunl_org.py AnsibleError (get_docstring): unknown doc_fragment(s) in file /home/devops/ansible/collections/ansible_collections/community/general/plugins/modules/pritunl_org.py: community.general._pritunl, community.general._attributes
2026-08-18T06:36:51.433362+00:00 ERROR 'ansible_navigator.actions.collections._parse' /home/devops/ansible/collections/ansible_collections/community/general/plugins/modules/pritunl_org_info.py AnsibleError (get_docstring): unknown doc_fragment(s) in file /home/devops/ansible/collections/ansible_collections/community/general/plugins/modules/pritunl_org_info.py: community.general._pritunl, community.general._attributes, community.general._attributes.info_module
2026-08-18T06:36:51.433381+00:00 ERROR 'ansible_navigator.actions.collections._parse' /home/devops/ansible/collections/ansible_collections/community/general/plugins/modules/pritunl_user.py AnsibleError (get_docstring): unknown doc_fragment(s) in file /home/devops/ansible/collections/ansible_collections/community/general/plugins/modules/pritunl_user.py: community.general._pritunl, community.general._attributes
2026-08-18T06:36:51.433398+00:00 ERROR 'ansible_navigator.actions.collections._parse' /home/devops/ansible/collections/ansible_collections/community/general/plugins/modules/pritunl_user_info.py AnsibleError (get_docstring): unknown doc_fragment(s) in file /home/devops/ansible/collections/ansible_collections/community/general/plugins/modules/pritunl_user_info.py: community.general._pritunl, community.general._attributes, community.general._attributes.info_module
2026-08-18T06:36:51.433416+00:00 ERROR 'ansible_navigator.actions.collections._parse' /home/devops/ansible/collections/ansible_collections/community/general/plugins/modules/pubnub_blocks.py AnsibleError (get_docstring): unknown doc_fragment(s) in file /home/devops/ansible/collections/ansible_collections/community/general/plugins/modules/pubnub_blocks.py: community.general._attributes
2026-08-18T06:36:51.433433+00:00 ERROR 'ansible_navigator.actions.collections._parse' /home/devops/ansible/collections/ansible_collections/community/general/plugins/modules/pulp_repo.py AnsibleError (get_docstring): unknown doc_fragment(s) in file /home/devops/ansible/collections/ansible_collections/community/general/plugins/modules/pulp_repo.py: ansible.builtin.url, community.general._attributes
2026-08-18T06:36:51.433450+00:00 ERROR 'ansible_navigator.actions.collections._parse' /home/devops/ansible/collections/ansible_collections/community/general/plugins/modules/puppet.py AnsibleError (get_docstring): unknown doc_fragment(s) in file /home/devops/ansible/collections/ansible_collections/community/general/plugins/modules/puppet.py: community.general._attributes
2026-08-18T06:36:51.433466+00:00 ERROR 'ansible_navigator.actions.collections._parse' /home/devops/ansible/collections/ansible_collections/community/general/plugins/modules/pushover.py AnsibleError (get_docstring): unknown doc_fragment(s) in file /home/devops/ansible/collections/ansible_collections/community/general/plugins/modules/pushover.py: community.general._attributes
2026-08-18T06:36:51.433483+00:00 ERROR 'ansible_navigator.actions.collections._parse' /home/devops/ansible/collections/ansible_collections/community/general/plugins/modules/python_requirements_info.py AnsibleError (get_docstring): unknown doc_fragment(s) in file /home/devops/ansible/collections/ansible_collections/community/general/plugins/modules/python_requirements_info.py: community.general._attributes, community.general._attributes.info_module
2026-08-18T06:36:51.433499+00:00 ERROR 'ansible_navigator.actions.collections._parse' /home/devops/ansible/collections/ansible_collections/community/general/plugins/modules/read_csv.py AnsibleError (get_docstring): unknown doc_fragment(s) in file /home/devops/ansible/collections/ansible_collections/community/general/plugins/modules/read_csv.py: community.general._attributes
2026-08-18T06:36:51.433519+00:00 ERROR 'ansible_navigator.actions.collections._parse' /home/devops/ansible/collections/ansible_collections/community/general/plugins/modules/redfish_command.py AnsibleError (get_docstring): unknown doc_fragment(s) in file /home/devops/ansible/collections/ansible_collections/community/general/plugins/modules/redfish_command.py: community.general._attributes, community.general._redfish
2026-08-18T06:36:51.433536+00:00 ERROR 'ansible_navigator.actions.collections._parse' /home/devops/ansible/collections/ansible_collections/community/general/plugins/modules/redfish_config.py AnsibleError (get_docstring): unknown doc_fragment(s) in file /home/devops/ansible/collections/ansible_collections/community/general/plugins/modules/redfish_config.py: community.general._attributes, community.general._redfish
2026-08-18T06:36:51.433553+00:00 ERROR 'ansible_navigator.actions.collections._parse' /home/devops/ansible/collections/ansible_collections/community/general/plugins/modules/redfish_info.py AnsibleError (get_docstring): unknown doc_fragment(s) in file /home/devops/ansible/collections/ansible_collections/community/general/plugins/modules/redfish_info.py: community.general._attributes, community.general._attributes.info_module, community.general._redfish
2026-08-18T06:36:51.433570+00:00 ERROR 'ansible_navigator.actions.collections._parse' /home/devops/ansible/collections/ansible_collections/community/general/plugins/modules/redhat_subscription.py AnsibleError (get_docstring): unknown doc_fragment(s) in file /home/devops/ansible/collections/ansible_collections/community/general/plugins/modules/redhat_subscription.py: community.general._attributes
2026-08-18T06:36:51.433586+00:00 ERROR 'ansible_navigator.actions.collections._parse' /home/devops/ansible/collections/ansible_collections/community/general/plugins/modules/redis.py AnsibleError (get_docstring): unknown doc_fragment(s) in file /home/devops/ansible/collections/ansible_collections/community/general/plugins/modules/redis.py: community.general._redis, community.general._attributes
2026-08-18T06:36:51.433603+00:00 ERROR 'ansible_navigator.actions.collections._parse' /home/devops/ansible/collections/ansible_collections/community/general/plugins/modules/redis_data.py AnsibleError (get_docstring): unknown doc_fragment(s) in file /home/devops/ansible/collections/ansible_collections/community/general/plugins/modules/redis_data.py: community.general._redis.documentation, community.general._attributes
2026-08-18T06:36:51.433619+00:00 ERROR 'ansible_navigator.actions.collections._parse' /home/devops/ansible/collections/ansible_collections/community/general/plugins/modules/redis_data_incr.py AnsibleError (get_docstring): unknown doc_fragment(s) in file /home/devops/ansible/collections/ansible_collections/community/general/plugins/modules/redis_data_incr.py: community.general._redis.documentation, community.general._attributes
2026-08-18T06:36:51.433636+00:00 ERROR 'ansible_navigator.actions.collections._parse' /home/devops/ansible/collections/ansible_collections/community/general/plugins/modules/redis_data_info.py AnsibleError (get_docstring): unknown doc_fragment(s) in file /home/devops/ansible/collections/ansible_collections/community/general/plugins/modules/redis_data_info.py: community.general._redis, community.general._attributes, community.general._attributes.info_module
2026-08-18T06:36:51.433653+00:00 ERROR 'ansible_navigator.actions.collections._parse' /home/devops/ansible/collections/ansible_collections/community/general/plugins/modules/redis_info.py AnsibleError (get_docstring): unknown doc_fragment(s) in file /home/devops/ansible/collections/ansible_collections/community/general/plugins/modules/redis_info.py: community.general._redis, community.general._attributes, community.general._attributes.info_module
2026-08-18T06:36:51.433669+00:00 ERROR 'ansible_navigator.actions.collections._parse' /home/devops/ansible/collections/ansible_collections/community/general/plugins/modules/rhevm.py AnsibleError (get_docstring): unknown doc_fragment(s) in file /home/devops/ansible/collections/ansible_collections/community/general/plugins/modules/rhevm.py: community.general._attributes
2026-08-18T06:36:51.433689+00:00 ERROR 'ansible_navigator.actions.collections._parse' /home/devops/ansible/collections/ansible_collections/community/general/plugins/modules/rhsm_release.py AnsibleError (get_docstring): unknown doc_fragment(s) in file /home/devops/ansible/collections/ansible_collections/community/general/plugins/modules/rhsm_release.py: community.general._attributes
2026-08-18T06:36:51.433706+00:00 ERROR 'ansible_navigator.actions.collections._parse' /home/devops/ansible/collections/ansible_collections/community/general/plugins/modules/rhsm_repository.py AnsibleError (get_docstring): unknown doc_fragment(s) in file /home/devops/ansible/collections/ansible_collections/community/general/plugins/modules/rhsm_repository.py: community.general._attributes
2026-08-18T06:36:51.433723+00:00 ERROR 'ansible_navigator.actions.collections._parse' /home/devops/ansible/collections/ansible_collections/community/general/plugins/modules/riak.py AnsibleError (get_docstring): unknown doc_fragment(s) in file /home/devops/ansible/collections/ansible_collections/community/general/plugins/modules/riak.py: community.general._attributes
2026-08-18T06:36:51.433739+00:00 ERROR 'ansible_navigator.actions.collections._parse' /home/devops/ansible/collections/ansible_collections/community/general/plugins/modules/rocketchat.py AnsibleError (get_docstring): unknown doc_fragment(s) in file /home/devops/ansible/collections/ansible_collections/community/general/plugins/modules/rocketchat.py: community.general._attributes
2026-08-18T06:36:51.433756+00:00 ERROR 'ansible_navigator.actions.collections._parse' /home/devops/ansible/collections/ansible_collections/community/general/plugins/modules/rollbar_deployment.py AnsibleError (get_docstring): unknown doc_fragment(s) in file /home/devops/ansible/collections/ansible_collections/community/general/plugins/modules/rollbar_deployment.py: community.general._attributes
2026-08-18T06:36:51.434769+00:00 ERROR 'ansible_navigator.actions.collections._parse' /home/devops/ansible/collections/ansible_collections/community/general/plugins/modules/rpm_ostree_pkg.py AnsibleError (get_docstring): unknown doc_fragment(s) in file /home/devops/ansible/collections/ansible_collections/community/general/plugins/modules/rpm_ostree_pkg.py: community.general._attributes
2026-08-18T06:36:51.434996+00:00 ERROR 'ansible_navigator.actions.collections._parse' /home/devops/ansible/collections/ansible_collections/community/general/plugins/modules/rundeck_acl_policy.py AnsibleError (get_docstring): unknown doc_fragment(s) in file /home/devops/ansible/collections/ansible_collections/community/general/plugins/modules/rundeck_acl_policy.py: ansible.builtin.url, community.general._attributes, community.general._rundeck
2026-08-18T06:36:51.435024+00:00 ERROR 'ansible_navigator.actions.collections._parse' /home/devops/ansible/collections/ansible_collections/community/general/plugins/modules/rundeck_job_executions_info.py AnsibleError (get_docstring): unknown doc_fragment(s) in file /home/devops/ansible/collections/ansible_collections/community/general/plugins/modules/rundeck_job_executions_info.py: community.general._rundeck, ansible.builtin.url, community.general._attributes, community.general._attributes.info_module
2026-08-18T06:36:51.435045+00:00 ERROR 'ansible_navigator.actions.collections._parse' /home/devops/ansible/collections/ansible_collections/community/general/plugins/modules/rundeck_job_run.py AnsibleError (get_docstring): unknown doc_fragment(s) in file /home/devops/ansible/collections/ansible_collections/community/general/plugins/modules/rundeck_job_run.py: community.general._rundeck, ansible.builtin.url, community.general._attributes
2026-08-18T06:36:51.435063+00:00 ERROR 'ansible_navigator.actions.collections._parse' /home/devops/ansible/collections/ansible_collections/community/general/plugins/modules/rundeck_project.py AnsibleError (get_docstring): unknown doc_fragment(s) in file /home/devops/ansible/collections/ansible_collections/community/general/plugins/modules/rundeck_project.py: ansible.builtin.url, community.general._attributes, community.general._rundeck
2026-08-18T06:36:51.435090+00:00 ERROR 'ansible_navigator.actions.collections._parse' /home/devops/ansible/collections/ansible_collections/community/general/plugins/modules/runit.py AnsibleError (get_docstring): unknown doc_fragment(s) in file /home/devops/ansible/collections/ansible_collections/community/general/plugins/modules/runit.py: community.general._attributes
2026-08-18T06:36:51.435108+00:00 ERROR 'ansible_navigator.actions.collections._parse' /home/devops/ansible/collections/ansible_collections/community/general/plugins/modules/say.py AnsibleError (get_docstring): unknown doc_fragment(s) in file /home/devops/ansible/collections/ansible_collections/community/general/plugins/modules/say.py: community.general._attributes
2026-08-18T06:36:51.435125+00:00 ERROR 'ansible_navigator.actions.collections._parse' /home/devops/ansible/collections/ansible_collections/community/general/plugins/modules/scaleway_compute.py AnsibleError (get_docstring): unknown doc_fragment(s) in file /home/devops/ansible/collections/ansible_collections/community/general/plugins/modules/scaleway_compute.py: community.general._scaleway, community.general._attributes, community.general._scaleway.actiongroup_scaleway
2026-08-18T06:36:51.435143+00:00 ERROR 'ansible_navigator.actions.collections._parse' /home/devops/ansible/collections/ansible_collections/community/general/plugins/modules/scaleway_compute_private_network.py AnsibleError (get_docstring): unknown doc_fragment(s) in file /home/devops/ansible/collections/ansible_collections/community/general/plugins/modules/scaleway_compute_private_network.py: community.general._scaleway, community.general._attributes, community.general._scaleway.actiongroup_scaleway
2026-08-18T06:36:51.435160+00:00 ERROR 'ansible_navigator.actions.collections._parse' /home/devops/ansible/collections/ansible_collections/community/general/plugins/modules/scaleway_container.py AnsibleError (get_docstring): unknown doc_fragment(s) in file /home/devops/ansible/collections/ansible_collections/community/general/plugins/modules/scaleway_container.py: community.general._scaleway, community.general._scaleway_waitable_resource, community.general._attributes, community.general._scaleway.actiongroup_scaleway
2026-08-18T06:36:51.435178+00:00 ERROR 'ansible_navigator.actions.collections._parse' /home/devops/ansible/collections/ansible_collections/community/general/plugins/modules/scaleway_container_info.py AnsibleError (get_docstring): unknown doc_fragment(s) in file /home/devops/ansible/collections/ansible_collections/community/general/plugins/modules/scaleway_container_info.py: community.general._scaleway, community.general._attributes, community.general._scaleway.actiongroup_scaleway, community.general._attributes.info_module
2026-08-18T06:36:51.435194+00:00 ERROR 'ansible_navigator.actions.collections._parse' /home/devops/ansible/collections/ansible_collections/community/general/plugins/modules/scaleway_container_namespace.py AnsibleError (get_docstring): unknown doc_fragment(s) in file /home/devops/ansible/collections/ansible_collections/community/general/plugins/modules/scaleway_container_namespace.py: community.general._scaleway, community.general._scaleway_waitable_resource, community.general._attributes, community.general._scaleway.actiongroup_scaleway
2026-08-18T06:36:51.435212+00:00 ERROR 'ansible_navigator.actions.collections._parse' /home/devops/ansible/collections/ansible_collections/community/general/plugins/modules/scaleway_container_namespace_info.py AnsibleError (get_docstring): unknown doc_fragment(s) in file /home/devops/ansible/collections/ansible_collections/community/general/plugins/modules/scaleway_container_namespace_info.py: community.general._scaleway, community.general._attributes, community.general._scaleway.actiongroup_scaleway, community.general._attributes.info_module
2026-08-18T06:36:51.435229+00:00 ERROR 'ansible_navigator.actions.collections._parse' /home/devops/ansible/collections/ansible_collections/community/general/plugins/modules/scaleway_container_registry.py AnsibleError (get_docstring): unknown doc_fragment(s) in file /home/devops/ansible/collections/ansible_collections/community/general/plugins/modules/scaleway_container_registry.py: community.general._scaleway, community.general._scaleway_waitable_resource, community.general._attributes, community.general._scaleway.actiongroup_scaleway
2026-08-18T06:36:51.435248+00:00 ERROR 'ansible_navigator.actions.collections._parse' /home/devops/ansible/collections/ansible_collections/community/general/plugins/modules/scaleway_container_registry_info.py AnsibleError (get_docstring): unknown doc_fragment(s) in file /home/devops/ansible/collections/ansible_collections/community/general/plugins/modules/scaleway_container_registry_info.py: community.general._scaleway, community.general._attributes, community.general._scaleway.actiongroup_scaleway, community.general._attributes.info_module
2026-08-18T06:36:51.435265+00:00 ERROR 'ansible_navigator.actions.collections._parse' /home/devops/ansible/collections/ansible_collections/community/general/plugins/modules/scaleway_database_backup.py AnsibleError (get_docstring): unknown doc_fragment(s) in file /home/devops/ansible/collections/ansible_collections/community/general/plugins/modules/scaleway_database_backup.py: community.general._scaleway, community.general._attributes, community.general._scaleway.actiongroup_scaleway
2026-08-18T06:36:51.435282+00:00 ERROR 'ansible_navigator.actions.collections._parse' /home/devops/ansible/collections/ansible_collections/community/general/plugins/modules/scaleway_function.py AnsibleError (get_docstring): unknown doc_fragment(s) in file /home/devops/ansible/collections/ansible_collections/community/general/plugins/modules/scaleway_function.py: community.general._scaleway, community.general._scaleway_waitable_resource, community.general._attributes, community.general._scaleway.actiongroup_scaleway
2026-08-18T06:36:51.435298+00:00 ERROR 'ansible_navigator.actions.collections._parse' /home/devops/ansible/collections/ansible_collections/community/general/plugins/modules/scaleway_function_info.py AnsibleError (get_docstring): unknown doc_fragment(s) in file /home/devops/ansible/collections/ansible_collections/community/general/plugins/modules/scaleway_function_info.py: community.general._scaleway, community.general._attributes, community.general._scaleway.actiongroup_scaleway, community.general._attributes.info_module
2026-08-18T06:36:51.435314+00:00 ERROR 'ansible_navigator.actions.collections._parse' /home/devops/ansible/collections/ansible_collections/community/general/plugins/modules/scaleway_function_namespace.py AnsibleError (get_docstring): unknown doc_fragment(s) in file /home/devops/ansible/collections/ansible_collections/community/general/plugins/modules/scaleway_function_namespace.py: community.general._scaleway, community.general._scaleway_waitable_resource, community.general._attributes, community.general._scaleway.actiongroup_scaleway
2026-08-18T06:36:51.435331+00:00 ERROR 'ansible_navigator.actions.collections._parse' /home/devops/ansible/collections/ansible_collections/community/general/plugins/modules/scaleway_function_namespace_info.py AnsibleError (get_docstring): unknown doc_fragment(s) in file /home/devops/ansible/collections/ansible_collections/community/general/plugins/modules/scaleway_function_namespace_info.py: community.general._scaleway, community.general._attributes, community.general._scaleway.actiongroup_scaleway, community.general._attributes.info_module
2026-08-18T06:36:51.435347+00:00 ERROR 'ansible_navigator.actions.collections._parse' /home/devops/ansible/collections/ansible_collections/community/general/plugins/modules/scaleway_image_info.py AnsibleError (get_docstring): unknown doc_fragment(s) in file /home/devops/ansible/collections/ansible_collections/community/general/plugins/modules/scaleway_image_info.py: community.general._scaleway, community.general._attributes, community.general._scaleway.actiongroup_scaleway, community.general._attributes.info_module
2026-08-18T06:36:51.435366+00:00 ERROR 'ansible_navigator.actions.collections._parse' /home/devops/ansible/collections/ansible_collections/community/general/plugins/modules/scaleway_ip.py AnsibleError (get_docstring): unknown doc_fragment(s) in file /home/devops/ansible/collections/ansible_collections/community/general/plugins/modules/scaleway_ip.py: community.general._scaleway, community.general._attributes, community.general._scaleway.actiongroup_scaleway
2026-08-18T06:36:51.435384+00:00 ERROR 'ansible_navigator.actions.collections._parse' /home/devops/ansible/collections/ansible_collections/community/general/plugins/modules/scaleway_ip_info.py AnsibleError (get_docstring): unknown doc_fragment(s) in file /home/devops/ansible/collections/ansible_collections/community/general/plugins/modules/scaleway_ip_info.py: community.general._scaleway, community.general._attributes, community.general._scaleway.actiongroup_scaleway, community.general._attributes.info_module
2026-08-18T06:36:51.435401+00:00 ERROR 'ansible_navigator.actions.collections._parse' /home/devops/ansible/collections/ansible_collections/community/general/plugins/modules/scaleway_lb.py AnsibleError (get_docstring): unknown doc_fragment(s) in file /home/devops/ansible/collections/ansible_collections/community/general/plugins/modules/scaleway_lb.py: community.general._scaleway, community.general._attributes, community.general._scaleway.actiongroup_scaleway
2026-08-18T06:36:51.435418+00:00 ERROR 'ansible_navigator.actions.collections._parse' /home/devops/ansible/collections/ansible_collections/community/general/plugins/modules/scaleway_organization_info.py AnsibleError (get_docstring): unknown doc_fragment(s) in file /home/devops/ansible/collections/ansible_collections/community/general/plugins/modules/scaleway_organization_info.py: community.general._scaleway, community.general._attributes, community.general._scaleway.actiongroup_scaleway, community.general._attributes.info_module
2026-08-18T06:36:51.435435+00:00 ERROR 'ansible_navigator.actions.collections._parse' /home/devops/ansible/collections/ansible_collections/community/general/plugins/modules/scaleway_private_network.py AnsibleError (get_docstring): unknown doc_fragment(s) in file /home/devops/ansible/collections/ansible_collections/community/general/plugins/modules/scaleway_private_network.py: community.general._scaleway, community.general._attributes, community.general._scaleway.actiongroup_scaleway
2026-08-18T06:36:51.435452+00:00 ERROR 'ansible_navigator.actions.collections._parse' /home/devops/ansible/collections/ansible_collections/community/general/plugins/modules/scaleway_security_group.py AnsibleError (get_docstring): unknown doc_fragment(s) in file /home/devops/ansible/collections/ansible_collections/community/general/plugins/modules/scaleway_security_group.py: community.general._scaleway, community.general._attributes, community.general._scaleway.actiongroup_scaleway
2026-08-18T06:36:51.435468+00:00 ERROR 'ansible_navigator.actions.collections._parse' /home/devops/ansible/collections/ansible_collections/community/general/plugins/modules/scaleway_security_group_info.py AnsibleError (get_docstring): unknown doc_fragment(s) in file /home/devops/ansible/collections/ansible_collections/community/general/plugins/modules/scaleway_security_group_info.py: community.general._scaleway, community.general._attributes, community.general._scaleway.actiongroup_scaleway, community.general._attributes.info_module
2026-08-18T06:36:51.435484+00:00 ERROR 'ansible_navigator.actions.collections._parse' /home/devops/ansible/collections/ansible_collections/community/general/plugins/modules/scaleway_security_group_rule.py AnsibleError (get_docstring): unknown doc_fragment(s) in file /home/devops/ansible/collections/ansible_collections/community/general/plugins/modules/scaleway_security_group_rule.py: community.general._scaleway, community.general._attributes, community.general._scaleway.actiongroup_scaleway
2026-08-18T06:36:51.435500+00:00 ERROR 'ansible_navigator.actions.collections._parse' /home/devops/ansible/collections/ansible_collections/community/general/plugins/modules/scaleway_server_info.py AnsibleError (get_docstring): unknown doc_fragment(s) in file /home/devops/ansible/collections/ansible_collections/community/general/plugins/modules/scaleway_server_info.py: community.general._scaleway, community.general._attributes, community.general._scaleway.actiongroup_scaleway, community.general._attributes.info_module
2026-08-18T06:36:51.435519+00:00 ERROR 'ansible_navigator.actions.collections._parse' /home/devops/ansible/collections/ansible_collections/community/general/plugins/modules/scaleway_snapshot_info.py AnsibleError (get_docstring): unknown doc_fragment(s) in file /home/devops/ansible/collections/ansible_collections/community/general/plugins/modules/scaleway_snapshot_info.py: community.general._scaleway, community.general._attributes, community.general._scaleway.actiongroup_scaleway, community.general._attributes.info_module
2026-08-18T06:36:51.435536+00:00 ERROR 'ansible_navigator.actions.collections._parse' /home/devops/ansible/collections/ansible_collections/community/general/plugins/modules/scaleway_sshkey.py AnsibleError (get_docstring): unknown doc_fragment(s) in file /home/devops/ansible/collections/ansible_collections/community/general/plugins/modules/scaleway_sshkey.py: community.general._scaleway, community.general._attributes, community.general._scaleway.actiongroup_scaleway
2026-08-18T06:36:51.435554+00:00 ERROR 'ansible_navigator.actions.collections._parse' /home/devops/ansible/collections/ansible_collections/community/general/plugins/modules/scaleway_user_data.py AnsibleError (get_docstring): unknown doc_fragment(s) in file /home/devops/ansible/collections/ansible_collections/community/general/plugins/modules/scaleway_user_data.py: community.general._scaleway, community.general._attributes, community.general._scaleway.actiongroup_scaleway
2026-08-18T06:36:51.435570+00:00 ERROR 'ansible_navigator.actions.collections._parse' /home/devops/ansible/collections/ansible_collections/community/general/plugins/modules/scaleway_volume.py AnsibleError (get_docstring): unknown doc_fragment(s) in file /home/devops/ansible/collections/ansible_collections/community/general/plugins/modules/scaleway_volume.py: community.general._scaleway, community.general._attributes, community.general._scaleway.actiongroup_scaleway
2026-08-18T06:36:51.435587+00:00 ERROR 'ansible_navigator.actions.collections._parse' /home/devops/ansible/collections/ansible_collections/community/general/plugins/modules/scaleway_volume_info.py AnsibleError (get_docstring): unknown doc_fragment(s) in file /home/devops/ansible/collections/ansible_collections/community/general/plugins/modules/scaleway_volume_info.py: community.general._scaleway, community.general._attributes, community.general._scaleway.actiongroup_scaleway, community.general._attributes.info_module
2026-08-18T06:36:51.435604+00:00 ERROR 'ansible_navigator.actions.collections._parse' /home/devops/ansible/collections/ansible_collections/community/general/plugins/modules/sefcontext.py AnsibleError (get_docstring): unknown doc_fragment(s) in file /home/devops/ansible/collections/ansible_collections/community/general/plugins/modules/sefcontext.py: community.general._attributes, community.general._attributes.platform
2026-08-18T06:36:51.435621+00:00 ERROR 'ansible_navigator.actions.collections._parse' /home/devops/ansible/collections/ansible_collections/community/general/plugins/modules/selinux_permissive.py AnsibleError (get_docstring): unknown doc_fragment(s) in file /home/devops/ansible/collections/ansible_collections/community/general/plugins/modules/selinux_permissive.py: community.general._attributes
2026-08-18T06:36:51.435638+00:00 ERROR 'ansible_navigator.actions.collections._parse' /home/devops/ansible/collections/ansible_collections/community/general/plugins/modules/selogin.py AnsibleError (get_docstring): unknown doc_fragment(s) in file /home/devops/ansible/collections/ansible_collections/community/general/plugins/modules/selogin.py: community.general._attributes
2026-08-18T06:36:51.435657+00:00 ERROR 'ansible_navigator.actions.collections._parse' /home/devops/ansible/collections/ansible_collections/community/general/plugins/modules/sendgrid.py AnsibleError (get_docstring): unknown doc_fragment(s) in file /home/devops/ansible/collections/ansible_collections/community/general/plugins/modules/sendgrid.py: community.general._attributes
2026-08-18T06:36:51.435674+00:00 ERROR 'ansible_navigator.actions.collections._parse' /home/devops/ansible/collections/ansible_collections/community/general/plugins/modules/seport.py AnsibleError (get_docstring): unknown doc_fragment(s) in file /home/devops/ansible/collections/ansible_collections/community/general/plugins/modules/seport.py: community.general._attributes
2026-08-18T06:36:51.435691+00:00 ERROR 'ansible_navigator.actions.collections._parse' /home/devops/ansible/collections/ansible_collections/community/general/plugins/modules/serverless.py AnsibleError (get_docstring): unknown doc_fragment(s) in file /home/devops/ansible/collections/ansible_collections/community/general/plugins/modules/serverless.py: community.general._attributes
2026-08-18T06:36:51.435708+00:00 ERROR 'ansible_navigator.actions.collections._parse' /home/devops/ansible/collections/ansible_collections/community/general/plugins/modules/shutdown.py AnsibleError (get_docstring): unknown doc_fragment(s) in file /home/devops/ansible/collections/ansible_collections/community/general/plugins/modules/shutdown.py: community.general._attributes, community.general._attributes.flow
2026-08-18T06:36:51.435724+00:00 ERROR 'ansible_navigator.actions.collections._parse' /home/devops/ansible/collections/ansible_collections/community/general/plugins/modules/simpleinit_msb.py AnsibleError (get_docstring): unknown doc_fragment(s) in file /home/devops/ansible/collections/ansible_collections/community/general/plugins/modules/simpleinit_msb.py: community.general._attributes
2026-08-18T06:36:51.435741+00:00 ERROR 'ansible_navigator.actions.collections._parse' /home/devops/ansible/collections/ansible_collections/community/general/plugins/modules/sl_vm.py AnsibleError (get_docstring): unknown doc_fragment(s) in file /home/devops/ansible/collections/ansible_collections/community/general/plugins/modules/sl_vm.py: community.general._attributes
2026-08-18T06:36:51.435835+00:00 ERROR 'ansible_navigator.actions.collections._parse' /home/devops/ansible/collections/ansible_collections/community/general/plugins/modules/slack.py AnsibleError (get_docstring): unknown doc_fragment(s) in file /home/devops/ansible/collections/ansible_collections/community/general/plugins/modules/slack.py: community.general._attributes
2026-08-18T06:36:51.435866+00:00 ERROR 'ansible_navigator.actions.collections._parse' /home/devops/ansible/collections/ansible_collections/community/general/plugins/modules/slackpkg.py AnsibleError (get_docstring): unknown doc_fragment(s) in file /home/devops/ansible/collections/ansible_collections/community/general/plugins/modules/slackpkg.py: community.general._attributes
2026-08-18T06:36:51.435884+00:00 ERROR 'ansible_navigator.actions.collections._parse' /home/devops/ansible/collections/ansible_collections/community/general/plugins/modules/smartos_image_info.py AnsibleError (get_docstring): unknown doc_fragment(s) in file /home/devops/ansible/collections/ansible_collections/community/general/plugins/modules/smartos_image_info.py: community.general._attributes, community.general._attributes.info_module
2026-08-18T06:36:51.435901+00:00 ERROR 'ansible_navigator.actions.collections._parse' /home/devops/ansible/collections/ansible_collections/community/general/plugins/modules/snap.py AnsibleError (get_docstring): unknown doc_fragment(s) in file /home/devops/ansible/collections/ansible_collections/community/general/plugins/modules/snap.py: community.general._attributes
2026-08-18T06:36:51.435918+00:00 ERROR 'ansible_navigator.actions.collections._parse' /home/devops/ansible/collections/ansible_collections/community/general/plugins/modules/snap_alias.py AnsibleError (get_docstring): unknown doc_fragment(s) in file /home/devops/ansible/collections/ansible_collections/community/general/plugins/modules/snap_alias.py: community.general._attributes
2026-08-18T06:36:51.435939+00:00 ERROR 'ansible_navigator.actions.collections._parse' /home/devops/ansible/collections/ansible_collections/community/general/plugins/modules/snap_connect.py AnsibleError (get_docstring): unknown doc_fragment(s) in file /home/devops/ansible/collections/ansible_collections/community/general/plugins/modules/snap_connect.py: community.general._attributes
2026-08-18T06:36:51.435957+00:00 ERROR 'ansible_navigator.actions.collections._parse' /home/devops/ansible/collections/ansible_collections/community/general/plugins/modules/snmp_facts.py AnsibleError (get_docstring): unknown doc_fragment(s) in file /home/devops/ansible/collections/ansible_collections/community/general/plugins/modules/snmp_facts.py: community.general._attributes, community.general._attributes.facts, community.general._attributes.facts_module
2026-08-18T06:36:51.435974+00:00 ERROR 'ansible_navigator.actions.collections._parse' /home/devops/ansible/collections/ansible_collections/community/general/plugins/modules/solaris_zone.py AnsibleError (get_docstring): unknown doc_fragment(s) in file /home/devops/ansible/collections/ansible_collections/community/general/plugins/modules/solaris_zone.py: community.general._attributes
2026-08-18T06:36:51.435990+00:00 ERROR 'ansible_navigator.actions.collections._parse' /home/devops/ansible/collections/ansible_collections/community/general/plugins/modules/sorcery.py AnsibleError (get_docstring): unknown doc_fragment(s) in file /home/devops/ansible/collections/ansible_collections/community/general/plugins/modules/sorcery.py: community.general._attributes
2026-08-18T06:36:51.436006+00:00 ERROR 'ansible_navigator.actions.collections._parse' /home/devops/ansible/collections/ansible_collections/community/general/plugins/modules/spectrum_device.py AnsibleError (get_docstring): unknown doc_fragment(s) in file /home/devops/ansible/collections/ansible_collections/community/general/plugins/modules/spectrum_device.py: community.general._attributes
2026-08-18T06:36:51.436024+00:00 ERROR 'ansible_navigator.actions.collections._parse' /home/devops/ansible/collections/ansible_collections/community/general/plugins/modules/spectrum_model_attrs.py AnsibleError (get_docstring): unknown doc_fragment(s) in file /home/devops/ansible/collections/ansible_collections/community/general/plugins/modules/spectrum_model_attrs.py: community.general._attributes
2026-08-18T06:36:51.436043+00:00 ERROR 'ansible_navigator.actions.collections._parse' /home/devops/ansible/collections/ansible_collections/community/general/plugins/modules/ss_3par_cpg.py AnsibleError (get_docstring): unknown doc_fragment(s) in file /home/devops/ansible/collections/ansible_collections/community/general/plugins/modules/ss_3par_cpg.py: community.general._hpe3par, community.general._attributes
2026-08-18T06:36:51.436060+00:00 ERROR 'ansible_navigator.actions.collections._parse' /home/devops/ansible/collections/ansible_collections/community/general/plugins/modules/ssh_config.py AnsibleError (get_docstring): unknown doc_fragment(s) in file /home/devops/ansible/collections/ansible_collections/community/general/plugins/modules/ssh_config.py: community.general._attributes
2026-08-18T06:36:51.436078+00:00 ERROR 'ansible_navigator.actions.collections._parse' /home/devops/ansible/collections/ansible_collections/community/general/plugins/modules/sssd_info.py AnsibleError (get_docstring): unknown doc_fragment(s) in file /home/devops/ansible/collections/ansible_collections/community/general/plugins/modules/sssd_info.py: community.general._attributes, community.general._attributes.info_module
2026-08-18T06:36:51.436114+00:00 ERROR 'ansible_navigator.actions.collections._parse' /home/devops/ansible/collections/ansible_collections/community/general/plugins/modules/stacki_host.py AnsibleError (get_docstring): unknown doc_fragment(s) in file /home/devops/ansible/collections/ansible_collections/community/general/plugins/modules/stacki_host.py: community.general._attributes
2026-08-18T06:36:51.436164+00:00 ERROR 'ansible_navigator.actions.collections._parse' /home/devops/ansible/collections/ansible_collections/community/general/plugins/modules/statsd.py AnsibleError (get_docstring): unknown doc_fragment(s) in file /home/devops/ansible/collections/ansible_collections/community/general/plugins/modules/statsd.py: community.general._attributes
2026-08-18T06:36:51.436194+00:00 ERROR 'ansible_navigator.actions.collections._parse' /home/devops/ansible/collections/ansible_collections/community/general/plugins/modules/statusio_maintenance.py AnsibleError (get_docstring): unknown doc_fragment(s) in file /home/devops/ansible/collections/ansible_collections/community/general/plugins/modules/statusio_maintenance.py: community.general._attributes
2026-08-18T06:36:51.436221+00:00 ERROR 'ansible_navigator.actions.collections._parse' /home/devops/ansible/collections/ansible_collections/community/general/plugins/modules/sudoers.py AnsibleError (get_docstring): unknown doc_fragment(s) in file /home/devops/ansible/collections/ansible_collections/community/general/plugins/modules/sudoers.py: community.general._attributes
2026-08-18T06:36:51.436248+00:00 ERROR 'ansible_navigator.actions.collections._parse' /home/devops/ansible/collections/ansible_collections/community/general/plugins/modules/supervisorctl.py AnsibleError (get_docstring): unknown doc_fragment(s) in file /home/devops/ansible/collections/ansible_collections/community/general/plugins/modules/supervisorctl.py: community.general._attributes
2026-08-18T06:36:51.436276+00:00 ERROR 'ansible_navigator.actions.collections._parse' /home/devops/ansible/collections/ansible_collections/community/general/plugins/modules/svc.py AnsibleError (get_docstring): unknown doc_fragment(s) in file /home/devops/ansible/collections/ansible_collections/community/general/plugins/modules/svc.py: community.general._attributes
2026-08-18T06:36:51.436305+00:00 ERROR 'ansible_navigator.actions.collections._parse' /home/devops/ansible/collections/ansible_collections/community/general/plugins/modules/svr4pkg.py AnsibleError (get_docstring): unknown doc_fragment(s) in file /home/devops/ansible/collections/ansible_collections/community/general/plugins/modules/svr4pkg.py: community.general._attributes
2026-08-18T06:36:51.436327+00:00 ERROR 'ansible_navigator.actions.collections._parse' /home/devops/ansible/collections/ansible_collections/community/general/plugins/modules/swdepot.py AnsibleError (get_docstring): unknown doc_fragment(s) in file /home/devops/ansible/collections/ansible_collections/community/general/plugins/modules/swdepot.py: community.general._attributes
2026-08-18T06:36:51.436344+00:00 ERROR 'ansible_navigator.actions.collections._parse' /home/devops/ansible/collections/ansible_collections/community/general/plugins/modules/swupd.py AnsibleError (get_docstring): unknown doc_fragment(s) in file /home/devops/ansible/collections/ansible_collections/community/general/plugins/modules/swupd.py: community.general._attributes
2026-08-18T06:36:51.436362+00:00 ERROR 'ansible_navigator.actions.collections._parse' /home/devops/ansible/collections/ansible_collections/community/general/plugins/modules/syslogger.py AnsibleError (get_docstring): unknown doc_fragment(s) in file /home/devops/ansible/collections/ansible_collections/community/general/plugins/modules/syslogger.py: community.general._attributes
2026-08-18T06:36:51.436378+00:00 ERROR 'ansible_navigator.actions.collections._parse' /home/devops/ansible/collections/ansible_collections/community/general/plugins/modules/syspatch.py AnsibleError (get_docstring): unknown doc_fragment(s) in file /home/devops/ansible/collections/ansible_collections/community/general/plugins/modules/syspatch.py: community.general._attributes
2026-08-18T06:36:51.436394+00:00 ERROR 'ansible_navigator.actions.collections._parse' /home/devops/ansible/collections/ansible_collections/community/general/plugins/modules/sysrc.py AnsibleError (get_docstring): unknown doc_fragment(s) in file /home/devops/ansible/collections/ansible_collections/community/general/plugins/modules/sysrc.py: community.general._attributes
2026-08-18T06:36:51.436415+00:00 ERROR 'ansible_navigator.actions.collections._parse' /home/devops/ansible/collections/ansible_collections/community/general/plugins/modules/systemd_creds_decrypt.py AnsibleError (get_docstring): unknown doc_fragment(s) in file /home/devops/ansible/collections/ansible_collections/community/general/plugins/modules/systemd_creds_decrypt.py: community.general._attributes
2026-08-18T06:36:51.436432+00:00 ERROR 'ansible_navigator.actions.collections._parse' /home/devops/ansible/collections/ansible_collections/community/general/plugins/modules/systemd_creds_encrypt.py AnsibleError (get_docstring): unknown doc_fragment(s) in file /home/devops/ansible/collections/ansible_collections/community/general/plugins/modules/systemd_creds_encrypt.py: community.general._attributes
2026-08-18T06:36:51.436449+00:00 ERROR 'ansible_navigator.actions.collections._parse' /home/devops/ansible/collections/ansible_collections/community/general/plugins/modules/systemd_info.py AnsibleError (get_docstring): unknown doc_fragment(s) in file /home/devops/ansible/collections/ansible_collections/community/general/plugins/modules/systemd_info.py: community.general._attributes, community.general._attributes.info_module
2026-08-18T06:36:51.436466+00:00 ERROR 'ansible_navigator.actions.collections._parse' /home/devops/ansible/collections/ansible_collections/community/general/plugins/modules/sysupgrade.py AnsibleError (get_docstring): unknown doc_fragment(s) in file /home/devops/ansible/collections/ansible_collections/community/general/plugins/modules/sysupgrade.py: community.general._attributes
2026-08-18T06:36:51.436482+00:00 ERROR 'ansible_navigator.actions.collections._parse' /home/devops/ansible/collections/ansible_collections/community/general/plugins/modules/taiga_issue.py AnsibleError (get_docstring): unknown doc_fragment(s) in file /home/devops/ansible/collections/ansible_collections/community/general/plugins/modules/taiga_issue.py: community.general._attributes
2026-08-18T06:36:51.436499+00:00 ERROR 'ansible_navigator.actions.collections._parse' /home/devops/ansible/collections/ansible_collections/community/general/plugins/modules/telegram.py AnsibleError (get_docstring): unknown doc_fragment(s) in file /home/devops/ansible/collections/ansible_collections/community/general/plugins/modules/telegram.py: community.general._attributes
2026-08-18T06:36:51.436515+00:00 ERROR 'ansible_navigator.actions.collections._parse' /home/devops/ansible/collections/ansible_collections/community/general/plugins/modules/terraform.py AnsibleError (get_docstring): unknown doc_fragment(s) in file /home/devops/ansible/collections/ansible_collections/community/general/plugins/modules/terraform.py: community.general._attributes
2026-08-18T06:36:51.436532+00:00 ERROR 'ansible_navigator.actions.collections._parse' /home/devops/ansible/collections/ansible_collections/community/general/plugins/modules/timezone.py AnsibleError (get_docstring): unknown doc_fragment(s) in file /home/devops/ansible/collections/ansible_collections/community/general/plugins/modules/timezone.py: community.general._attributes
2026-08-18T06:36:51.436548+00:00 ERROR 'ansible_navigator.actions.collections._parse' /home/devops/ansible/collections/ansible_collections/community/general/plugins/modules/twilio.py AnsibleError (get_docstring): unknown doc_fragment(s) in file /home/devops/ansible/collections/ansible_collections/community/general/plugins/modules/twilio.py: community.general._attributes
2026-08-18T06:36:51.436564+00:00 ERROR 'ansible_navigator.actions.collections._parse' /home/devops/ansible/collections/ansible_collections/community/general/plugins/modules/udm_dns_record.py AnsibleError (get_docstring): unknown doc_fragment(s) in file /home/devops/ansible/collections/ansible_collections/community/general/plugins/modules/udm_dns_record.py: community.general._attributes
2026-08-18T06:36:51.436581+00:00 ERROR 'ansible_navigator.actions.collections._parse' /home/devops/ansible/collections/ansible_collections/community/general/plugins/modules/udm_dns_zone.py AnsibleError (get_docstring): unknown doc_fragment(s) in file /home/devops/ansible/collections/ansible_collections/community/general/plugins/modules/udm_dns_zone.py: community.general._attributes
2026-08-18T06:36:51.436600+00:00 ERROR 'ansible_navigator.actions.collections._parse' /home/devops/ansible/collections/ansible_collections/community/general/plugins/modules/udm_group.py AnsibleError (get_docstring): unknown doc_fragment(s) in file /home/devops/ansible/collections/ansible_collections/community/general/plugins/modules/udm_group.py: community.general._attributes
2026-08-18T06:36:51.436617+00:00 ERROR 'ansible_navigator.actions.collections._parse' /home/devops/ansible/collections/ansible_collections/community/general/plugins/modules/udm_share.py AnsibleError (get_docstring): unknown doc_fragment(s) in file /home/devops/ansible/collections/ansible_collections/community/general/plugins/modules/udm_share.py: community.general._attributes
2026-08-18T06:36:51.436634+00:00 ERROR 'ansible_navigator.actions.collections._parse' /home/devops/ansible/collections/ansible_collections/community/general/plugins/modules/udm_user.py AnsibleError (get_docstring): unknown doc_fragment(s) in file /home/devops/ansible/collections/ansible_collections/community/general/plugins/modules/udm_user.py: community.general._attributes
2026-08-18T06:36:51.436650+00:00 ERROR 'ansible_navigator.actions.collections._parse' /home/devops/ansible/collections/ansible_collections/community/general/plugins/modules/ufw.py AnsibleError (get_docstring): unknown doc_fragment(s) in file /home/devops/ansible/collections/ansible_collections/community/general/plugins/modules/ufw.py: community.general._attributes
2026-08-18T06:36:51.436666+00:00 ERROR 'ansible_navigator.actions.collections._parse' /home/devops/ansible/collections/ansible_collections/community/general/plugins/modules/uptimerobot.py AnsibleError (get_docstring): unknown doc_fragment(s) in file /home/devops/ansible/collections/ansible_collections/community/general/plugins/modules/uptimerobot.py: community.general._attributes
2026-08-18T06:36:51.436683+00:00 ERROR 'ansible_navigator.actions.collections._parse' /home/devops/ansible/collections/ansible_collections/community/general/plugins/modules/urpmi.py AnsibleError (get_docstring): unknown doc_fragment(s) in file /home/devops/ansible/collections/ansible_collections/community/general/plugins/modules/urpmi.py: community.general._attributes
2026-08-18T06:36:51.436699+00:00 ERROR 'ansible_navigator.actions.collections._parse' /home/devops/ansible/collections/ansible_collections/community/general/plugins/modules/usb_facts.py AnsibleError (get_docstring): unknown doc_fragment(s) in file /home/devops/ansible/collections/ansible_collections/community/general/plugins/modules/usb_facts.py: community.general._attributes, community.general._attributes.facts, community.general._attributes.facts_module
2026-08-18T06:36:51.436715+00:00 ERROR 'ansible_navigator.actions.collections._parse' /home/devops/ansible/collections/ansible_collections/community/general/plugins/modules/utm_aaa_group.py AnsibleError (get_docstring): unknown doc_fragment(s) in file /home/devops/ansible/collections/ansible_collections/community/general/plugins/modules/utm_aaa_group.py: community.general._utm, community.general._attributes
2026-08-18T06:36:51.436731+00:00 ERROR 'ansible_navigator.actions.collections._parse' /home/devops/ansible/collections/ansible_collections/community/general/plugins/modules/utm_aaa_group_info.py AnsibleError (get_docstring): unknown doc_fragment(s) in file /home/devops/ansible/collections/ansible_collections/community/general/plugins/modules/utm_aaa_group_info.py: community.general._utm, community.general._attributes, community.general._attributes.info_module
2026-08-18T06:36:51.436749+00:00 ERROR 'ansible_navigator.actions.collections._parse' /home/devops/ansible/collections/ansible_collections/community/general/plugins/modules/utm_ca_host_key_cert.py AnsibleError (get_docstring): unknown doc_fragment(s) in file /home/devops/ansible/collections/ansible_collections/community/general/plugins/modules/utm_ca_host_key_cert.py: community.general._utm, community.general._attributes
2026-08-18T06:36:51.436773+00:00 ERROR 'ansible_navigator.actions.collections._parse' /home/devops/ansible/collections/ansible_collections/community/general/plugins/modules/utm_ca_host_key_cert_info.py AnsibleError (get_docstring): unknown doc_fragment(s) in file /home/devops/ansible/collections/ansible_collections/community/general/plugins/modules/utm_ca_host_key_cert_info.py: community.general._utm, community.general._attributes, community.general._attributes.info_module
2026-08-18T06:36:51.436900+00:00 ERROR 'ansible_navigator.actions.collections._parse' /home/devops/ansible/collections/ansible_collections/community/general/plugins/modules/utm_dns_host.py AnsibleError (get_docstring): unknown doc_fragment(s) in file /home/devops/ansible/collections/ansible_collections/community/general/plugins/modules/utm_dns_host.py: community.general._utm, community.general._attributes
2026-08-18T06:36:51.436933+00:00 ERROR 'ansible_navigator.actions.collections._parse' /home/devops/ansible/collections/ansible_collections/community/general/plugins/modules/utm_network_interface_address.py AnsibleError (get_docstring): unknown doc_fragment(s) in file /home/devops/ansible/collections/ansible_collections/community/general/plugins/modules/utm_network_interface_address.py: community.general._utm, community.general._attributes
2026-08-18T06:36:51.436960+00:00 ERROR 'ansible_navigator.actions.collections._parse' /home/devops/ansible/collections/ansible_collections/community/general/plugins/modules/utm_network_interface_address_info.py AnsibleError (get_docstring): unknown doc_fragment(s) in file /home/devops/ansible/collections/ansible_collections/community/general/plugins/modules/utm_network_interface_address_info.py: community.general._utm, community.general._attributes, community.general._attributes.info_module
2026-08-18T06:36:51.436990+00:00 ERROR 'ansible_navigator.actions.collections._parse' /home/devops/ansible/collections/ansible_collections/community/general/plugins/modules/utm_proxy_auth_profile.py AnsibleError (get_docstring): unknown doc_fragment(s) in file /home/devops/ansible/collections/ansible_collections/community/general/plugins/modules/utm_proxy_auth_profile.py: community.general._utm, community.general._attributes
2026-08-18T06:36:51.437021+00:00 ERROR 'ansible_navigator.actions.collections._parse' /home/devops/ansible/collections/ansible_collections/community/general/plugins/modules/utm_proxy_exception.py AnsibleError (get_docstring): unknown doc_fragment(s) in file /home/devops/ansible/collections/ansible_collections/community/general/plugins/modules/utm_proxy_exception.py: community.general._utm, community.general._attributes
2026-08-18T06:36:51.437039+00:00 ERROR 'ansible_navigator.actions.collections._parse' /home/devops/ansible/collections/ansible_collections/community/general/plugins/modules/utm_proxy_frontend.py AnsibleError (get_docstring): unknown doc_fragment(s) in file /home/devops/ansible/collections/ansible_collections/community/general/plugins/modules/utm_proxy_frontend.py: community.general._utm, community.general._attributes
2026-08-18T06:36:51.437056+00:00 ERROR 'ansible_navigator.actions.collections._parse' /home/devops/ansible/collections/ansible_collections/community/general/plugins/modules/utm_proxy_frontend_info.py AnsibleError (get_docstring): unknown doc_fragment(s) in file /home/devops/ansible/collections/ansible_collections/community/general/plugins/modules/utm_proxy_frontend_info.py: community.general._utm, community.general._attributes, community.general._attributes.info_module
2026-08-18T06:36:51.437080+00:00 ERROR 'ansible_navigator.actions.collections._parse' /home/devops/ansible/collections/ansible_collections/community/general/plugins/modules/utm_proxy_location.py AnsibleError (get_docstring): unknown doc_fragment(s) in file /home/devops/ansible/collections/ansible_collections/community/general/plugins/modules/utm_proxy_location.py: community.general._utm, community.general._attributes
2026-08-18T06:36:51.437110+00:00 ERROR 'ansible_navigator.actions.collections._parse' /home/devops/ansible/collections/ansible_collections/community/general/plugins/modules/utm_proxy_location_info.py AnsibleError (get_docstring): unknown doc_fragment(s) in file /home/devops/ansible/collections/ansible_collections/community/general/plugins/modules/utm_proxy_location_info.py: community.general._utm, community.general._attributes, community.general._attributes.info_module
2026-08-18T06:36:51.437139+00:00 ERROR 'ansible_navigator.actions.collections._parse' /home/devops/ansible/collections/ansible_collections/community/general/plugins/modules/uv_python.py AnsibleError (get_docstring): unknown doc_fragment(s) in file /home/devops/ansible/collections/ansible_collections/community/general/plugins/modules/uv_python.py: community.general._attributes
2026-08-18T06:36:51.437168+00:00 ERROR 'ansible_navigator.actions.collections._parse' /home/devops/ansible/collections/ansible_collections/community/general/plugins/modules/vdo.py AnsibleError (get_docstring): unknown doc_fragment(s) in file /home/devops/ansible/collections/ansible_collections/community/general/plugins/modules/vdo.py: community.general._attributes
2026-08-18T06:36:51.437198+00:00 ERROR 'ansible_navigator.actions.collections._parse' /home/devops/ansible/collections/ansible_collections/community/general/plugins/modules/vertica_configuration.py AnsibleError (get_docstring): unknown doc_fragment(s) in file /home/devops/ansible/collections/ansible_collections/community/general/plugins/modules/vertica_configuration.py: community.general._attributes
2026-08-18T06:36:51.437227+00:00 ERROR 'ansible_navigator.actions.collections._parse' /home/devops/ansible/collections/ansible_collections/community/general/plugins/modules/vertica_info.py AnsibleError (get_docstring): unknown doc_fragment(s) in file /home/devops/ansible/collections/ansible_collections/community/general/plugins/modules/vertica_info.py: community.general._attributes, community.general._attributes.info_module
2026-08-18T06:36:51.437255+00:00 ERROR 'ansible_navigator.actions.collections._parse' /home/devops/ansible/collections/ansible_collections/community/general/plugins/modules/vertica_role.py AnsibleError (get_docstring): unknown doc_fragment(s) in file /home/devops/ansible/collections/ansible_collections/community/general/plugins/modules/vertica_role.py: community.general._attributes
2026-08-18T06:36:51.437284+00:00 ERROR 'ansible_navigator.actions.collections._parse' /home/devops/ansible/collections/ansible_collections/community/general/plugins/modules/vertica_schema.py AnsibleError (get_docstring): unknown doc_fragment(s) in file /home/devops/ansible/collections/ansible_collections/community/general/plugins/modules/vertica_schema.py: community.general._attributes
2026-08-18T06:36:51.437312+00:00 ERROR 'ansible_navigator.actions.collections._parse' /home/devops/ansible/collections/ansible_collections/community/general/plugins/modules/vertica_user.py AnsibleError (get_docstring): unknown doc_fragment(s) in file /home/devops/ansible/collections/ansible_collections/community/general/plugins/modules/vertica_user.py: community.general._attributes
2026-08-18T06:36:51.437341+00:00 ERROR 'ansible_navigator.actions.collections._parse' /home/devops/ansible/collections/ansible_collections/community/general/plugins/modules/vexata_eg.py AnsibleError (get_docstring): unknown doc_fragment(s) in file /home/devops/ansible/collections/ansible_collections/community/general/plugins/modules/vexata_eg.py: community.general._vexata.vx100, community.general._attributes
2026-08-18T06:36:51.437437+00:00 ERROR 'ansible_navigator.actions.collections._parse' /home/devops/ansible/collections/ansible_collections/community/general/plugins/modules/vexata_volume.py AnsibleError (get_docstring): unknown doc_fragment(s) in file /home/devops/ansible/collections/ansible_collections/community/general/plugins/modules/vexata_volume.py: community.general._vexata.vx100, community.general._attributes
2026-08-18T06:36:51.437476+00:00 ERROR 'ansible_navigator.actions.collections._parse' /home/devops/ansible/collections/ansible_collections/community/general/plugins/modules/vmadm.py AnsibleError (get_docstring): unknown doc_fragment(s) in file /home/devops/ansible/collections/ansible_collections/community/general/plugins/modules/vmadm.py: community.general._attributes
2026-08-18T06:36:51.437504+00:00 ERROR 'ansible_navigator.actions.collections._parse' /home/devops/ansible/collections/ansible_collections/community/general/plugins/modules/wakeonlan.py AnsibleError (get_docstring): unknown doc_fragment(s) in file /home/devops/ansible/collections/ansible_collections/community/general/plugins/modules/wakeonlan.py: community.general._attributes
2026-08-18T06:36:51.437523+00:00 ERROR 'ansible_navigator.actions.collections._parse' /home/devops/ansible/collections/ansible_collections/community/general/plugins/modules/wdc_redfish_command.py AnsibleError (get_docstring): unknown doc_fragment(s) in file /home/devops/ansible/collections/ansible_collections/community/general/plugins/modules/wdc_redfish_command.py: community.general._attributes, community.general._redfish
2026-08-18T06:36:51.437541+00:00 ERROR 'ansible_navigator.actions.collections._parse' /home/devops/ansible/collections/ansible_collections/community/general/plugins/modules/wdc_redfish_info.py AnsibleError (get_docstring): unknown doc_fragment(s) in file /home/devops/ansible/collections/ansible_collections/community/general/plugins/modules/wdc_redfish_info.py: community.general._attributes, community.general._attributes.info_module, community.general._redfish
2026-08-18T06:36:51.437559+00:00 ERROR 'ansible_navigator.actions.collections._parse' /home/devops/ansible/collections/ansible_collections/community/general/plugins/modules/write_binary_file.py AnsibleError (get_docstring): unknown doc_fragment(s) in file /home/devops/ansible/collections/ansible_collections/community/general/plugins/modules/write_binary_file.py: ansible.builtin.files, community.general._attributes
2026-08-18T06:36:51.437583+00:00 ERROR 'ansible_navigator.actions.collections._parse' /home/devops/ansible/collections/ansible_collections/community/general/plugins/modules/xattr.py AnsibleError (get_docstring): unknown doc_fragment(s) in file /home/devops/ansible/collections/ansible_collections/community/general/plugins/modules/xattr.py: community.general._attributes
2026-08-18T06:36:51.437603+00:00 ERROR 'ansible_navigator.actions.collections._parse' /home/devops/ansible/collections/ansible_collections/community/general/plugins/modules/xbps.py AnsibleError (get_docstring): unknown doc_fragment(s) in file /home/devops/ansible/collections/ansible_collections/community/general/plugins/modules/xbps.py: community.general._attributes
2026-08-18T06:36:51.437620+00:00 ERROR 'ansible_navigator.actions.collections._parse' /home/devops/ansible/collections/ansible_collections/community/general/plugins/modules/xcc_redfish_command.py AnsibleError (get_docstring): unknown doc_fragment(s) in file /home/devops/ansible/collections/ansible_collections/community/general/plugins/modules/xcc_redfish_command.py: community.general._attributes, community.general._redfish
2026-08-18T06:36:51.437637+00:00 ERROR 'ansible_navigator.actions.collections._parse' /home/devops/ansible/collections/ansible_collections/community/general/plugins/modules/xdg_mime.py AnsibleError (get_docstring): unknown doc_fragment(s) in file /home/devops/ansible/collections/ansible_collections/community/general/plugins/modules/xdg_mime.py: community.general._attributes
2026-08-18T06:36:51.437654+00:00 ERROR 'ansible_navigator.actions.collections._parse' /home/devops/ansible/collections/ansible_collections/community/general/plugins/modules/xenserver_facts.py AnsibleError (get_docstring): unknown doc_fragment(s) in file /home/devops/ansible/collections/ansible_collections/community/general/plugins/modules/xenserver_facts.py: community.general._attributes, community.general._attributes.facts, community.general._attributes.facts_module
2026-08-18T06:36:51.437674+00:00 ERROR 'ansible_navigator.actions.collections._parse' /home/devops/ansible/collections/ansible_collections/community/general/plugins/modules/xenserver_guest.py AnsibleError (get_docstring): unknown doc_fragment(s) in file /home/devops/ansible/collections/ansible_collections/community/general/plugins/modules/xenserver_guest.py: community.general._xenserver.documentation, community.general._attributes
2026-08-18T06:36:51.437724+00:00 ERROR 'ansible_navigator.actions.collections._parse' /home/devops/ansible/collections/ansible_collections/community/general/plugins/modules/xenserver_guest_info.py AnsibleError (get_docstring): unknown doc_fragment(s) in file /home/devops/ansible/collections/ansible_collections/community/general/plugins/modules/xenserver_guest_info.py: community.general._xenserver.documentation, community.general._attributes, community.general._attributes.info_module
2026-08-18T06:36:51.437743+00:00 ERROR 'ansible_navigator.actions.collections._parse' /home/devops/ansible/collections/ansible_collections/community/general/plugins/modules/xenserver_guest_powerstate.py AnsibleError (get_docstring): unknown doc_fragment(s) in file /home/devops/ansible/collections/ansible_collections/community/general/plugins/modules/xenserver_guest_powerstate.py: community.general._xenserver.documentation, community.general._attributes
2026-08-18T06:36:51.437759+00:00 ERROR 'ansible_navigator.actions.collections._parse' /home/devops/ansible/collections/ansible_collections/community/general/plugins/modules/xfconf.py AnsibleError (get_docstring): unknown doc_fragment(s) in file /home/devops/ansible/collections/ansible_collections/community/general/plugins/modules/xfconf.py: community.general._attributes
2026-08-18T06:36:51.437776+00:00 ERROR 'ansible_navigator.actions.collections._parse' /home/devops/ansible/collections/ansible_collections/community/general/plugins/modules/xfconf_info.py AnsibleError (get_docstring): unknown doc_fragment(s) in file /home/devops/ansible/collections/ansible_collections/community/general/plugins/modules/xfconf_info.py: community.general._attributes, community.general._attributes.info_module
2026-08-18T06:36:51.437793+00:00 ERROR 'ansible_navigator.actions.collections._parse' /home/devops/ansible/collections/ansible_collections/community/general/plugins/modules/xfs_quota.py AnsibleError (get_docstring): unknown doc_fragment(s) in file /home/devops/ansible/collections/ansible_collections/community/general/plugins/modules/xfs_quota.py: community.general._attributes
2026-08-18T06:36:51.437809+00:00 ERROR 'ansible_navigator.actions.collections._parse' /home/devops/ansible/collections/ansible_collections/community/general/plugins/modules/xml.py AnsibleError (get_docstring): unknown doc_fragment(s) in file /home/devops/ansible/collections/ansible_collections/community/general/plugins/modules/xml.py: community.general._attributes, community.general._xml
2026-08-18T06:36:51.437826+00:00 ERROR 'ansible_navigator.actions.collections._parse' /home/devops/ansible/collections/ansible_collections/community/general/plugins/modules/xml_info.py AnsibleError (get_docstring): unknown doc_fragment(s) in file /home/devops/ansible/collections/ansible_collections/community/general/plugins/modules/xml_info.py: community.general._attributes, community.general._attributes.info_module, community.general._xml
2026-08-18T06:36:51.437842+00:00 ERROR 'ansible_navigator.actions.collections._parse' /home/devops/ansible/collections/ansible_collections/community/general/plugins/modules/yarn.py AnsibleError (get_docstring): unknown doc_fragment(s) in file /home/devops/ansible/collections/ansible_collections/community/general/plugins/modules/yarn.py: community.general._attributes
2026-08-18T06:36:51.437859+00:00 ERROR 'ansible_navigator.actions.collections._parse' /home/devops/ansible/collections/ansible_collections/community/general/plugins/modules/yum_versionlock.py AnsibleError (get_docstring): unknown doc_fragment(s) in file /home/devops/ansible/collections/ansible_collections/community/general/plugins/modules/yum_versionlock.py: community.general._attributes
2026-08-18T06:36:51.437878+00:00 ERROR 'ansible_navigator.actions.collections._parse' /home/devops/ansible/collections/ansible_collections/community/general/plugins/modules/zfs.py AnsibleError (get_docstring): unknown doc_fragment(s) in file /home/devops/ansible/collections/ansible_collections/community/general/plugins/modules/zfs.py: community.general._attributes
2026-08-18T06:36:51.437896+00:00 ERROR 'ansible_navigator.actions.collections._parse' /home/devops/ansible/collections/ansible_collections/community/general/plugins/modules/zfs_delegate_admin.py AnsibleError (get_docstring): unknown doc_fragment(s) in file /home/devops/ansible/collections/ansible_collections/community/general/plugins/modules/zfs_delegate_admin.py: community.general._attributes
2026-08-18T06:36:51.437912+00:00 ERROR 'ansible_navigator.actions.collections._parse' /home/devops/ansible/collections/ansible_collections/community/general/plugins/modules/zfs_facts.py AnsibleError (get_docstring): unknown doc_fragment(s) in file /home/devops/ansible/collections/ansible_collections/community/general/plugins/modules/zfs_facts.py: community.general._attributes, community.general._attributes.facts, community.general._attributes.facts_module
2026-08-18T06:36:51.437929+00:00 ERROR 'ansible_navigator.actions.collections._parse' /home/devops/ansible/collections/ansible_collections/community/general/plugins/modules/znode.py AnsibleError (get_docstring): unknown doc_fragment(s) in file /home/devops/ansible/collections/ansible_collections/community/general/plugins/modules/znode.py: community.general._attributes
2026-08-18T06:36:51.437945+00:00 ERROR 'ansible_navigator.actions.collections._parse' /home/devops/ansible/collections/ansible_collections/community/general/plugins/modules/zpool.py AnsibleError (get_docstring): unknown doc_fragment(s) in file /home/devops/ansible/collections/ansible_collections/community/general/plugins/modules/zpool.py: community.general._attributes
2026-08-18T06:36:51.437962+00:00 ERROR 'ansible_navigator.actions.collections._parse' /home/devops/ansible/collections/ansible_collections/community/general/plugins/modules/zpool_facts.py AnsibleError (get_docstring): unknown doc_fragment(s) in file /home/devops/ansible/collections/ansible_collections/community/general/plugins/modules/zpool_facts.py: community.general._attributes, community.general._attributes.facts, community.general._attributes.facts_module
2026-08-18T06:36:51.437978+00:00 ERROR 'ansible_navigator.actions.collections._parse' /home/devops/ansible/collections/ansible_collections/community/general/plugins/modules/zypper.py AnsibleError (get_docstring): unknown doc_fragment(s) in file /home/devops/ansible/collections/ansible_collections/community/general/plugins/modules/zypper.py: community.general._attributes
2026-08-18T06:36:51.437995+00:00 ERROR 'ansible_navigator.actions.collections._parse' /home/devops/ansible/collections/ansible_collections/community/general/plugins/modules/zypper_repository.py AnsibleError (get_docstring): unknown doc_fragment(s) in file /home/devops/ansible/collections/ansible_collections/community/general/plugins/modules/zypper_repository.py: community.general._attributes
2026-08-18T06:36:51.438012+00:00 ERROR 'ansible_navigator.actions.collections._parse' /home/devops/ansible/collections/ansible_collections/community/general/plugins/modules/zypper_repository_info.py AnsibleError (get_docstring): unknown doc_fragment(s) in file /home/devops/ansible/collections/ansible_collections/community/general/plugins/modules/zypper_repository_info.py: community.general._attributes, community.general._attributes.info_module
2026-08-18T06:54:36.329372+00:00 INFO 'ansible_navigator.setup_logger' New ansible-navigator instance, logging initialized
2026-08-18T06:54:36.329635+00:00 INFO 'ansible_navigator.setup_logger' New ansible-runner instance, logging initialized
2026-08-18T06:54:36.329667+00:00 DEBUG 'ansible_navigator.main' Jinja2==3.1.6 
2026-08-18T06:54:36.329700+00:00 DEBUG 'ansible_navigator.main' MarkupSafe==3.0.3 
2026-08-18T06:54:36.329719+00:00 DEBUG 'ansible_navigator.main' Parsley==1.3 
2026-08-18T06:54:36.329736+00:00 DEBUG 'ansible_navigator.main' PySocks==1.7.1 
2026-08-18T06:54:36.329751+00:00 DEBUG 'ansible_navigator.main' PyYAML==5.4.1 
2026-08-18T06:54:36.329767+00:00 DEBUG 'ansible_navigator.main' Pygments==2.21.0 
2026-08-18T06:54:36.329782+00:00 DEBUG 'ansible_navigator.main' ansible-builder==3.1.1 
2026-08-18T06:54:36.329797+00:00 DEBUG 'ansible_navigator.main' ansible-compat==24.10.0 
2026-08-18T06:54:36.329813+00:00 DEBUG 'ansible_navigator.main' ansible-core==2.14.18 
2026-08-18T06:54:36.329830+00:00 DEBUG 'ansible_navigator.main' ansible-lint==6.22.2 
2026-08-18T06:54:36.329846+00:00 DEBUG 'ansible_navigator.main' ansible-navigator==24.2.0 
2026-08-18T06:54:36.329861+00:00 DEBUG 'ansible_navigator.main' ansible-runner==2.4.3 
2026-08-18T06:54:36.329876+00:00 DEBUG 'ansible_navigator.main' argcomplete==1.12.0 /usr/lib/python3.9/site-packages/argcomplete/__init__.py
2026-08-18T06:54:36.329892+00:00 DEBUG 'ansible_navigator.main' attrs==26.1.0 /home/devops/.local/lib/python3.9/site-packages/attrs/__init__.py
2026-08-18T06:54:36.329907+00:00 DEBUG 'ansible_navigator.main' bindep==2.14.0 /home/devops/.local/lib/python3.9/site-packages/bindep/__init__.py
2026-08-18T06:54:36.329922+00:00 DEBUG 'ansible_navigator.main' black==25.11.0 /home/devops/.local/lib/python3.9/site-packages/black/__init__.cpython-39-x86_64-linux-gnu.so
2026-08-18T06:54:36.329938+00:00 DEBUG 'ansible_navigator.main' bracex==2.6 /home/devops/.local/lib/python3.9/site-packages/bracex/__init__.py
2026-08-18T06:54:36.329953+00:00 DEBUG 'ansible_navigator.main' cffi==1.14.5 /usr/lib64/python3.9/site-packages/cffi/__init__.py
2026-08-18T06:54:36.329968+00:00 DEBUG 'ansible_navigator.main' chardet==4.0.0 /usr/lib/python3.9/site-packages/chardet/__init__.py
2026-08-18T06:54:36.329983+00:00 DEBUG 'ansible_navigator.main' click==8.1.8 /home/devops/.local/lib/python3.9/site-packages/click/__init__.py
2026-08-18T06:54:36.329998+00:00 DEBUG 'ansible_navigator.main' cockpit==356.2 /usr/lib/python3.9/site-packages/cockpit/__init__.py
2026-08-18T06:54:36.330013+00:00 DEBUG 'ansible_navigator.main' cryptography==36.0.1 /usr/lib64/python3.9/site-packages/cryptography/__init__.py
2026-08-18T06:54:36.330028+00:00 DEBUG 'ansible_navigator.main' dasbus==1.7 /usr/lib/python3.9/site-packages/dasbus/__init__.py
2026-08-18T06:54:36.330043+00:00 DEBUG 'ansible_navigator.main' dbus-python==1.2.18 
2026-08-18T06:54:36.330058+00:00 DEBUG 'ansible_navigator.main' decorator==4.4.2 /usr/lib/python3.9/site-packages/decorator.py
2026-08-18T06:54:36.330073+00:00 DEBUG 'ansible_navigator.main' distro==1.9.0 /home/devops/.local/lib/python3.9/site-packages/distro/__init__.py
2026-08-18T06:54:36.330088+00:00 DEBUG 'ansible_navigator.main' file-magic==0.4.0 
2026-08-18T06:54:36.330103+00:00 DEBUG 'ansible_navigator.main' filelock==3.19.1 /home/devops/.local/lib/python3.9/site-packages/filelock/__init__.py
2026-08-18T06:54:36.330118+00:00 DEBUG 'ansible_navigator.main' idna==2.10 /usr/lib/python3.9/site-packages/idna/__init__.py
2026-08-18T06:54:36.330133+00:00 DEBUG 'ansible_navigator.main' importlib-metadata==6.2.1 
2026-08-18T06:54:36.330148+00:00 DEBUG 'ansible_navigator.main' iniparse==0.4 /usr/lib/python3.9/site-packages/iniparse/__init__.py
2026-08-18T06:54:36.330163+00:00 DEBUG 'ansible_navigator.main' insights-core==3.7.8 
2026-08-18T06:54:36.330187+00:00 DEBUG 'ansible_navigator.main' jsonschema-specifications==2025.9.1 
2026-08-18T06:54:36.330235+00:00 DEBUG 'ansible_navigator.main' jsonschema==4.25.1 /home/devops/.local/lib/python3.9/site-packages/jsonschema/__init__.py
2026-08-18T06:54:36.330256+00:00 DEBUG 'ansible_navigator.main' lockfile==0.12.2 /home/devops/.local/lib/python3.9/site-packages/lockfile/__init__.py
2026-08-18T06:54:36.330273+00:00 DEBUG 'ansible_navigator.main' lxml==4.6.5 /usr/lib64/python3.9/site-packages/lxml/__init__.py
2026-08-18T06:54:36.330289+00:00 DEBUG 'ansible_navigator.main' markdown-it-py==3.0.0 
2026-08-18T06:54:36.330309+00:00 DEBUG 'ansible_navigator.main' mdurl==0.1.2 /home/devops/.local/lib/python3.9/site-packages/mdurl/__init__.py
2026-08-18T06:54:36.330326+00:00 DEBUG 'ansible_navigator.main' mypy_extensions==1.1.0 /home/devops/.local/lib/python3.9/site-packages/mypy_extensions.py
2026-08-18T06:54:36.330341+00:00 DEBUG 'ansible_navigator.main' nftables==0.1 /usr/lib/python3.9/site-packages/nftables/__init__.py
2026-08-18T06:54:36.330356+00:00 DEBUG 'ansible_navigator.main' onigurumacffi==1.4.1 /home/devops/.local/lib/python3.9/site-packages/onigurumacffi.py
2026-08-18T06:54:36.330408+00:00 DEBUG 'ansible_navigator.main' packaging==26.3 /home/devops/.local/lib/python3.9/site-packages/packaging/__init__.py
2026-08-18T06:54:36.330442+00:00 DEBUG 'ansible_navigator.main' pathspec==1.1.1 /home/devops/.local/lib/python3.9/site-packages/pathspec/__init__.py
2026-08-18T06:54:36.330460+00:00 DEBUG 'ansible_navigator.main' pbr==7.0.3 /home/devops/.local/lib/python3.9/site-packages/pbr/__init__.py
2026-08-18T06:54:36.330477+00:00 DEBUG 'ansible_navigator.main' perf==0.1 /usr/lib64/python3.9/site-packages/perf.cpython-39-x86_64-linux-gnu.so
2026-08-18T06:54:36.330492+00:00 DEBUG 'ansible_navigator.main' pip==21.3.1 /usr/lib/python3.9/site-packages/pip/__init__.py
2026-08-18T06:54:36.330508+00:00 DEBUG 'ansible_navigator.main' platformdirs==4.4.0 /home/devops/.local/lib/python3.9/site-packages/platformdirs/__init__.py
2026-08-18T06:54:36.330523+00:00 DEBUG 'ansible_navigator.main' ply==3.11 /usr/lib/python3.9/site-packages/ply/__init__.py
2026-08-18T06:54:36.330538+00:00 DEBUG 'ansible_navigator.main' psutil==5.8.0 /usr/lib64/python3.9/site-packages/psutil/__init__.py
2026-08-18T06:54:36.330553+00:00 DEBUG 'ansible_navigator.main' pycairo==1.20.1 
2026-08-18T06:54:36.330568+00:00 DEBUG 'ansible_navigator.main' pycparser==2.20 /usr/lib/python3.9/site-packages/pycparser/__init__.py
2026-08-18T06:54:36.330583+00:00 DEBUG 'ansible_navigator.main' pyinotify==0.9.6 /usr/lib/python3.9/site-packages/pyinotify.py
2026-08-18T06:54:36.330598+00:00 DEBUG 'ansible_navigator.main' pyparsing==2.4.7 /usr/lib/python3.9/site-packages/pyparsing.py
2026-08-18T06:54:36.330613+00:00 DEBUG 'ansible_navigator.main' python-daemon==3.1.2 
2026-08-18T06:54:36.330628+00:00 DEBUG 'ansible_navigator.main' python-dateutil==2.9.0.post0 
2026-08-18T06:54:36.330643+00:00 DEBUG 'ansible_navigator.main' python-linux-procfs==0.7.4 
2026-08-18T06:54:36.330658+00:00 DEBUG 'ansible_navigator.main' pytokens==0.4.1 /home/devops/.local/lib/python3.9/site-packages/pytokens/__init__.cpython-39-x86_64-linux-gnu.so
2026-08-18T06:54:36.330674+00:00 DEBUG 'ansible_navigator.main' pyudev==0.22.0 /usr/lib/python3.9/site-packages/pyudev/__init__.py
2026-08-18T06:54:36.330690+00:00 DEBUG 'ansible_navigator.main' referencing==0.36.2 /home/devops/.local/lib/python3.9/site-packages/referencing/__init__.py
2026-08-18T06:54:36.330705+00:00 DEBUG 'ansible_navigator.main' requests==2.25.1 /usr/lib/python3.9/site-packages/requests/__init__.py
2026-08-18T06:54:36.330721+00:00 DEBUG 'ansible_navigator.main' resolvelib==0.5.4 /usr/lib/python3.9/site-packages/resolvelib/__init__.py
2026-08-18T06:54:36.330736+00:00 DEBUG 'ansible_navigator.main' rich==15.0.0 /home/devops/.local/lib/python3.9/site-packages/rich/__init__.py
2026-08-18T06:54:36.330751+00:00 DEBUG 'ansible_navigator.main' rpds-py==0.27.1 
2026-08-18T06:54:36.330765+00:00 DEBUG 'ansible_navigator.main' ruamel.yaml==0.19.1 /home/devops/.local/lib/python3.9/site-packages/ruamel/yaml/__init__.py
2026-08-18T06:54:36.330781+00:00 DEBUG 'ansible_navigator.main' selinux==3.6 /usr/lib64/python3.9/site-packages/selinux/__init__.py
2026-08-18T06:54:36.330796+00:00 DEBUG 'ansible_navigator.main' sepolicy==3.6 /usr/lib/python3.9/site-packages/sepolicy/__init__.py
2026-08-18T06:54:36.330811+00:00 DEBUG 'ansible_navigator.main' setools==4.4.4 /usr/lib64/python3.9/site-packages/setools/__init__.py
2026-08-18T06:54:36.330826+00:00 DEBUG 'ansible_navigator.main' setroubleshoot==3.3.33 /usr/lib/python3.9/site-packages/setroubleshoot/__init__.py
2026-08-18T06:54:36.330846+00:00 DEBUG 'ansible_navigator.main' setuptools==53.0.0 /usr/lib/python3.9/site-packages/setuptools/__init__.py
2026-08-18T06:54:36.330861+00:00 DEBUG 'ansible_navigator.main' six==1.15.0 /usr/lib/python3.9/site-packages/six.py
2026-08-18T06:54:36.330876+00:00 DEBUG 'ansible_navigator.main' sos==4.11.0 /usr/lib/python3.9/site-packages/sos/__init__.py
2026-08-18T06:54:36.330891+00:00 DEBUG 'ansible_navigator.main' subprocess-tee==0.4.2 
2026-08-18T06:54:36.330906+00:00 DEBUG 'ansible_navigator.main' subscription-manager==1.29.50 
2026-08-18T06:54:36.330921+00:00 DEBUG 'ansible_navigator.main' tomli==2.4.1 /home/devops/.local/lib/python3.9/site-packages/tomli/__init__.py
2026-08-18T06:54:36.330935+00:00 DEBUG 'ansible_navigator.main' typing_extensions==4.16.0 /home/devops/.local/lib/python3.9/site-packages/typing_extensions.py
2026-08-18T06:54:36.330951+00:00 DEBUG 'ansible_navigator.main' tzdata==2026.3 /home/devops/.local/lib/python3.9/site-packages/tzdata/__init__.py
2026-08-18T06:54:36.330966+00:00 DEBUG 'ansible_navigator.main' urllib3==1.26.5 /usr/lib/python3.9/site-packages/urllib3/__init__.py
2026-08-18T06:54:36.330980+00:00 DEBUG 'ansible_navigator.main' wcmatch==10.1 /home/devops/.local/lib/python3.9/site-packages/wcmatch/__init__.py
2026-08-18T06:54:36.330995+00:00 DEBUG 'ansible_navigator.main' yamllint==1.37.1 /home/devops/.local/lib/python3.9/site-packages/yamllint/__init__.py
2026-08-18T06:54:36.331010+00:00 DEBUG 'ansible_navigator.main' zipp==3.23.1 /home/devops/.local/lib/python3.9/site-packages/zipp/__init__.py
2026-08-18T06:54:36.331025+00:00 DEBUG 'ansible_navigator.main' Default collection_doc_cache_path set to: /home/devops/.cache/ansible-navigator/collection_doc_cache.db
2026-08-18T06:54:36.331040+00:00 DEBUG 'ansible_navigator.main' EDITOR environment variable not set
2026-08-18T06:54:36.331055+00:00 DEBUG 'ansible_navigator.main' Default editor_command set to: vi +{line_number} {filename}
2026-08-18T06:54:36.331070+00:00 DEBUG 'ansible_navigator.main' No config file set by ANSIBLE_NAVIGATOR_CONFIG
2026-08-18T06:54:36.331086+00:00 DEBUG 'ansible_navigator.main' Looking in /home/devops
2026-08-18T06:54:36.331100+00:00 DEBUG 'ansible_navigator.main' Looking for '/home/devops/.ansible-navigator.yml', '/home/devops/.ansible-navigator.yaml' and '/home/devops/.ansible-navigator.json'
2026-08-18T06:54:36.331116+00:00 DEBUG 'ansible_navigator.main' Found 0: 
2026-08-18T06:54:36.331131+00:00 DEBUG 'ansible_navigator.main' Looking in /home/devops/ansible
2026-08-18T06:54:36.331147+00:00 DEBUG 'ansible_navigator.main' Looking for '/home/devops/ansible/ansible-navigator.yml', '/home/devops/ansible/ansible-navigator.yaml' and '/home/devops/ansible/ansible-navigator.json'
2026-08-18T06:54:36.331162+00:00 DEBUG 'ansible_navigator.main' Found 1: '/home/devops/ansible/ansible-navigator.yml'
2026-08-18T06:54:36.331177+00:00 DEBUG 'ansible_navigator.main' All found 1: '/home/devops/ansible/ansible-navigator.yml'
2026-08-18T06:54:36.331192+00:00 DEBUG 'ansible_navigator.main' Using: /home/devops/ansible/ansible-navigator.yml
2026-08-18T06:54:36.331207+00:00 DEBUG 'ansible_navigator.main' Using settings file at /home/devops/ansible/ansible-navigator.yml in search path
2026-08-18T06:54:36.331228+00:00 DEBUG 'ansible_navigator.main' Command provided: ''
2026-08-18T06:54:36.331246+00:00 WARNING 'ansible_navigator.main' Configuration errors encountered, rolling back to previous configuration.
2026-08-18T06:54:36.331269+00:00 DEBUG 'ansible_navigator.main' Prior to rollback: ansible_runner_artifact_dir = 'Not set' (Constants/Not set)
2026-08-18T06:54:36.331285+00:00 DEBUG 'ansible_navigator.main' Prior to rollback: ansible_runner_rotate_artifacts_count = 'Not set' (Constants/Not set)
2026-08-18T06:54:36.331300+00:00 DEBUG 'ansible_navigator.main' Prior to rollback: ansible_runner_timeout = 'Not set' (Constants/Not set)
2026-08-18T06:54:36.331315+00:00 DEBUG 'ansible_navigator.main' Prior to rollback: ansible_runner_write_job_events = 'False' (bool/Defaults)
2026-08-18T06:54:36.331333+00:00 DEBUG 'ansible_navigator.main' Prior to rollback: app = 'welcome' (str/Defaults)
2026-08-18T06:54:36.331350+00:00 DEBUG 'ansible_navigator.main' Prior to rollback: cmdline = 'Not set' (Constants/Not set)
2026-08-18T06:54:36.331365+00:00 DEBUG 'ansible_navigator.main' Prior to rollback: collection_doc_cache_path = '/home/devops/.cache/ansible-navigator/collection_doc_cache.db' (str/Defaults)
2026-08-18T06:54:36.331381+00:00 DEBUG 'ansible_navigator.main' Prior to rollback: config = 'Not set' (Constants/Not set)
2026-08-18T06:54:36.331396+00:00 DEBUG 'ansible_navigator.main' Prior to rollback: container_engine = 'auto' (str/Defaults)
2026-08-18T06:54:36.331411+00:00 DEBUG 'ansible_navigator.main' Prior to rollback: container_options = 'Not set' (Constants/Not set)
2026-08-18T06:54:36.331425+00:00 DEBUG 'ansible_navigator.main' Prior to rollback: display_color = 'True' (bool/Defaults)
2026-08-18T06:54:36.331440+00:00 DEBUG 'ansible_navigator.main' Prior to rollback: editor_command = 'vi +{line_number} {filename}' (str/Defaults)
2026-08-18T06:54:36.331455+00:00 DEBUG 'ansible_navigator.main' Prior to rollback: editor_console = 'True' (bool/Defaults)
2026-08-18T06:54:36.331470+00:00 DEBUG 'ansible_navigator.main' Prior to rollback: enable_prompts = 'False' (bool/Defaults)
2026-08-18T06:54:36.331484+00:00 DEBUG 'ansible_navigator.main' Prior to rollback: exec_command = '/bin/bash' (str/Defaults)
2026-08-18T06:54:36.331499+00:00 DEBUG 'ansible_navigator.main' Prior to rollback: exec_shell = 'True' (bool/Defaults)
2026-08-18T06:54:36.331514+00:00 DEBUG 'ansible_navigator.main' Prior to rollback: execution_environment = 'True' (bool/Defaults)
2026-08-18T06:54:36.331528+00:00 DEBUG 'ansible_navigator.main' Prior to rollback: execution_environment_image = 'ghcr.io/ansible/creator-ee:v0.22.0' (str/Defaults)
2026-08-18T06:54:36.331543+00:00 DEBUG 'ansible_navigator.main' Prior to rollback: execution_environment_volume_mounts = 'Not set' (Constants/Not set)
2026-08-18T06:54:36.331558+00:00 DEBUG 'ansible_navigator.main' Prior to rollback: format = 'yaml' (str/Defaults)
2026-08-18T06:54:36.331573+00:00 DEBUG 'ansible_navigator.main' Prior to rollback: help_builder = 'False' (bool/Defaults)
2026-08-18T06:54:36.331588+00:00 DEBUG 'ansible_navigator.main' Prior to rollback: help_config = 'False' (bool/Defaults)
2026-08-18T06:54:36.331602+00:00 DEBUG 'ansible_navigator.main' Prior to rollback: help_doc = 'False' (bool/Defaults)
2026-08-18T06:54:36.331617+00:00 DEBUG 'ansible_navigator.main' Prior to rollback: help_inventory = 'False' (bool/Defaults)
2026-08-18T06:54:36.331632+00:00 DEBUG 'ansible_navigator.main' Prior to rollback: help_playbook = 'False' (bool/Defaults)
2026-08-18T06:54:36.331647+00:00 DEBUG 'ansible_navigator.main' Prior to rollback: images_details = '['everything']' (list/Defaults)
2026-08-18T06:54:36.331661+00:00 DEBUG 'ansible_navigator.main' Prior to rollback: inventory = 'Not set' (Constants/Not set)
2026-08-18T06:54:36.331676+00:00 DEBUG 'ansible_navigator.main' Prior to rollback: inventory_column = 'Not set' (Constants/Not set)
2026-08-18T06:54:36.331691+00:00 DEBUG 'ansible_navigator.main' Prior to rollback: lint_config = 'Not set' (Constants/Not set)
2026-08-18T06:54:36.331706+00:00 DEBUG 'ansible_navigator.main' Prior to rollback: lintables = 'Not set' (Constants/Not set)
2026-08-18T06:54:36.331721+00:00 DEBUG 'ansible_navigator.main' Prior to rollback: log_append = 'True' (bool/Defaults)
2026-08-18T06:54:36.331736+00:00 DEBUG 'ansible_navigator.main' Prior to rollback: log_file = '/home/devops/ansible/ansible-navigator.log' (str/Defaults)
2026-08-18T06:54:36.331751+00:00 DEBUG 'ansible_navigator.main' Prior to rollback: log_level = 'warning' (str/Defaults)
2026-08-18T06:54:36.331765+00:00 DEBUG 'ansible_navigator.main' Prior to rollback: mode = 'interactive' (str/Defaults)
2026-08-18T06:54:36.331781+00:00 DEBUG 'ansible_navigator.main' Prior to rollback: osc4 = 'True' (bool/Defaults)
2026-08-18T06:54:36.331796+00:00 DEBUG 'ansible_navigator.main' Prior to rollback: pass_environment_variable = 'Not set' (Constants/Not set)
2026-08-18T06:54:36.331814+00:00 DEBUG 'ansible_navigator.main' Prior to rollback: playbook = 'Not set' (Constants/Not set)
2026-08-18T06:54:36.331829+00:00 DEBUG 'ansible_navigator.main' Prior to rollback: playbook_artifact_enable = 'True' (bool/Defaults)
2026-08-18T06:54:36.331844+00:00 DEBUG 'ansible_navigator.main' Prior to rollback: playbook_artifact_replay = 'Not set' (Constants/Not set)
2026-08-18T06:54:36.331859+00:00 DEBUG 'ansible_navigator.main' Prior to rollback: playbook_artifact_save_as = '{playbook_dir}/{playbook_name}-artifact-{time_stamp}.json' (str/Defaults)
2026-08-18T06:54:36.331874+00:00 DEBUG 'ansible_navigator.main' Prior to rollback: plugin_name = 'Not set' (Constants/Not set)
2026-08-18T06:54:36.331889+00:00 DEBUG 'ansible_navigator.main' Prior to rollback: plugin_type = 'module' (str/Defaults)
2026-08-18T06:54:36.331904+00:00 DEBUG 'ansible_navigator.main' Prior to rollback: pull_arguments = 'Not set' (Constants/Not set)
2026-08-18T06:54:36.331919+00:00 DEBUG 'ansible_navigator.main' Prior to rollback: pull_policy = 'tag' (str/Defaults)
2026-08-18T06:54:36.331934+00:00 DEBUG 'ansible_navigator.main' Prior to rollback: set_environment_variable = 'Not set' (Constants/Not set)
2026-08-18T06:54:36.331949+00:00 DEBUG 'ansible_navigator.main' Prior to rollback: settings_effective = 'False' (bool/Defaults)
2026-08-18T06:54:36.331963+00:00 DEBUG 'ansible_navigator.main' Prior to rollback: settings_sample = 'False' (bool/Defaults)
2026-08-18T06:54:36.331978+00:00 DEBUG 'ansible_navigator.main' Prior to rollback: settings_schema = 'json' (str/Defaults)
2026-08-18T06:54:36.331993+00:00 DEBUG 'ansible_navigator.main' Prior to rollback: settings_sources = 'False' (bool/Defaults)
2026-08-18T06:54:36.332008+00:00 DEBUG 'ansible_navigator.main' Prior to rollback: time_zone = 'UTC' (str/Defaults)
2026-08-18T06:54:36.332022+00:00 DEBUG 'ansible_navigator.main' Prior to rollback: workdir = '/home/devops/ansible' (str/Defaults)
2026-08-18T06:54:36.332037+00:00 DEBUG 'ansible_navigator.main' After rollback: ansible_runner_artifact_dir = 'Not set' (Constants/Not set)
2026-08-18T06:54:36.332052+00:00 DEBUG 'ansible_navigator.main' After rollback: ansible_runner_rotate_artifacts_count = 'Not set' (Constants/Not set)
2026-08-18T06:54:36.332067+00:00 DEBUG 'ansible_navigator.main' After rollback: ansible_runner_timeout = 'Not set' (Constants/Not set)
2026-08-18T06:54:36.332081+00:00 DEBUG 'ansible_navigator.main' After rollback: ansible_runner_write_job_events = 'Not set' (Constants/Not set)
2026-08-18T06:54:36.332096+00:00 DEBUG 'ansible_navigator.main' After rollback: app = 'Not set' (Constants/Not set)
2026-08-18T06:54:36.332111+00:00 DEBUG 'ansible_navigator.main' After rollback: cmdline = 'Not set' (Constants/Not set)
2026-08-18T06:54:36.332126+00:00 DEBUG 'ansible_navigator.main' After rollback: collection_doc_cache_path = 'Not set' (Constants/Not set)
2026-08-18T06:54:36.332141+00:00 DEBUG 'ansible_navigator.main' After rollback: config = 'Not set' (Constants/Not set)
2026-08-18T06:54:36.332156+00:00 DEBUG 'ansible_navigator.main' After rollback: container_engine = 'Not set' (Constants/Not set)
2026-08-18T06:54:36.332171+00:00 DEBUG 'ansible_navigator.main' After rollback: container_options = 'Not set' (Constants/Not set)
2026-08-18T06:54:36.332186+00:00 DEBUG 'ansible_navigator.main' After rollback: display_color = 'Not set' (Constants/Not set)
2026-08-18T06:54:36.332203+00:00 DEBUG 'ansible_navigator.main' After rollback: editor_command = 'Not set' (Constants/Not set)
2026-08-18T06:54:36.332241+00:00 DEBUG 'ansible_navigator.main' After rollback: editor_console = 'Not set' (Constants/Not set)
2026-08-18T06:54:36.332313+00:00 DEBUG 'ansible_navigator.main' After rollback: enable_prompts = 'Not set' (Constants/Not set)
2026-08-18T06:54:36.332332+00:00 DEBUG 'ansible_navigator.main' After rollback: exec_command = 'Not set' (Constants/Not set)
2026-08-18T06:54:36.332349+00:00 DEBUG 'ansible_navigator.main' After rollback: exec_shell = 'Not set' (Constants/Not set)
2026-08-18T06:54:36.332369+00:00 DEBUG 'ansible_navigator.main' After rollback: execution_environment = 'Not set' (Constants/Not set)
2026-08-18T06:54:36.332406+00:00 DEBUG 'ansible_navigator.main' After rollback: execution_environment_image = 'Not set' (Constants/Not set)
2026-08-18T06:54:36.332439+00:00 DEBUG 'ansible_navigator.main' After rollback: execution_environment_volume_mounts = 'Not set' (Constants/Not set)
2026-08-18T06:54:36.332458+00:00 DEBUG 'ansible_navigator.main' After rollback: format = 'Not set' (Constants/Not set)
2026-08-18T06:54:36.332474+00:00 DEBUG 'ansible_navigator.main' After rollback: help_builder = 'Not set' (Constants/Not set)
2026-08-18T06:54:36.332490+00:00 DEBUG 'ansible_navigator.main' After rollback: help_config = 'Not set' (Constants/Not set)
2026-08-18T06:54:36.332505+00:00 DEBUG 'ansible_navigator.main' After rollback: help_doc = 'Not set' (Constants/Not set)
2026-08-18T06:54:36.332520+00:00 DEBUG 'ansible_navigator.main' After rollback: help_inventory = 'Not set' (Constants/Not set)
2026-08-18T06:54:36.332536+00:00 DEBUG 'ansible_navigator.main' After rollback: help_playbook = 'Not set' (Constants/Not set)
2026-08-18T06:54:36.332551+00:00 DEBUG 'ansible_navigator.main' After rollback: images_details = 'Not set' (Constants/Not set)
2026-08-18T06:54:36.332566+00:00 DEBUG 'ansible_navigator.main' After rollback: inventory = 'Not set' (Constants/Not set)
2026-08-18T06:54:36.332580+00:00 DEBUG 'ansible_navigator.main' After rollback: inventory_column = 'Not set' (Constants/Not set)
2026-08-18T06:54:36.332595+00:00 DEBUG 'ansible_navigator.main' After rollback: lint_config = 'Not set' (Constants/Not set)
2026-08-18T06:54:36.332611+00:00 DEBUG 'ansible_navigator.main' After rollback: lintables = 'Not set' (Constants/Not set)
2026-08-18T06:54:36.332625+00:00 DEBUG 'ansible_navigator.main' After rollback: log_append = 'Not set' (Constants/Not set)
2026-08-18T06:54:36.332640+00:00 DEBUG 'ansible_navigator.main' After rollback: log_file = 'Not set' (Constants/Not set)
2026-08-18T06:54:36.332655+00:00 DEBUG 'ansible_navigator.main' After rollback: log_level = 'Not set' (Constants/Not set)
2026-08-18T06:54:36.332670+00:00 DEBUG 'ansible_navigator.main' After rollback: mode = 'Not set' (Constants/Not set)
2026-08-18T06:54:36.332685+00:00 DEBUG 'ansible_navigator.main' After rollback: osc4 = 'Not set' (Constants/Not set)
2026-08-18T06:54:36.332699+00:00 DEBUG 'ansible_navigator.main' After rollback: pass_environment_variable = 'Not set' (Constants/Not set)
2026-08-18T06:54:36.332715+00:00 DEBUG 'ansible_navigator.main' After rollback: playbook = 'Not set' (Constants/Not set)
2026-08-18T06:54:36.332729+00:00 DEBUG 'ansible_navigator.main' After rollback: playbook_artifact_enable = 'Not set' (Constants/Not set)
2026-08-18T06:54:36.332744+00:00 DEBUG 'ansible_navigator.main' After rollback: playbook_artifact_replay = 'Not set' (Constants/Not set)
2026-08-18T06:54:36.332759+00:00 DEBUG 'ansible_navigator.main' After rollback: playbook_artifact_save_as = 'Not set' (Constants/Not set)
2026-08-18T06:54:36.332774+00:00 DEBUG 'ansible_navigator.main' After rollback: plugin_name = 'Not set' (Constants/Not set)
2026-08-18T06:54:36.332789+00:00 DEBUG 'ansible_navigator.main' After rollback: plugin_type = 'Not set' (Constants/Not set)
2026-08-18T06:54:36.332804+00:00 DEBUG 'ansible_navigator.main' After rollback: pull_arguments = 'Not set' (Constants/Not set)
2026-08-18T06:54:36.332819+00:00 DEBUG 'ansible_navigator.main' After rollback: pull_policy = 'Not set' (Constants/Not set)
2026-08-18T06:54:36.332836+00:00 DEBUG 'ansible_navigator.main' After rollback: set_environment_variable = 'Not set' (Constants/Not set)
2026-08-18T06:54:36.332852+00:00 DEBUG 'ansible_navigator.main' After rollback: settings_effective = 'Not set' (Constants/Not set)
2026-08-18T06:54:36.332867+00:00 DEBUG 'ansible_navigator.main' After rollback: settings_sample = 'Not set' (Constants/Not set)
2026-08-18T06:54:36.332882+00:00 DEBUG 'ansible_navigator.main' After rollback: settings_schema = 'Not set' (Constants/Not set)
2026-08-18T06:54:36.332902+00:00 DEBUG 'ansible_navigator.main' After rollback: settings_sources = 'Not set' (Constants/Not set)
2026-08-18T06:54:36.332917+00:00 DEBUG 'ansible_navigator.main' After rollback: time_zone = 'Not set' (Constants/Not set)
2026-08-18T06:54:36.332932+00:00 DEBUG 'ansible_navigator.main' After rollback: workdir = 'Not set' (Constants/Not set)
2026-08-18T06:54:36.332948+00:00 DEBUG 'ansible_navigator.main' Configuration rollback complete.
2026-08-18T06:54:36.332963+00:00 DEBUG 'ansible_navigator.main' Collection doc cache not mounted
2026-08-18T06:54:36.332988+00:00 WARNING 'ansible_navigator.main' Issues were found while applying the settings.
2026-08-18T06:54:36.333007+00:00 INFO 'ansible_navigator.main' Command provided: ''
2026-08-18T06:54:36.333028+00:00 ERROR 'ansible_navigator.main' The following errors were found in the settings file (/home/devops/ansible/ansible-navigator.yml):
2026-08-18T06:54:36.333047+00:00 ERROR 'ansible_navigator.main' In 'ansible-navigator': Additional properties are not allowed ('playbook-artifacts' was unexpected).
2026-08-18T06:54:36.333065+00:00 INFO 'ansible_navigator.main' Check the settings file and compare it to the current version.
2026-08-18T06:54:36.333083+00:00 INFO 'ansible_navigator.main' The current version can be found here: (https://ansible-navigator.readthedocs.io/en/latest/settings/#ansible-navigator-settings)
2026-08-18T06:54:36.333101+00:00 INFO 'ansible_navigator.main' The schema used for validation can be seen with 'ansible-navigator settings --schema'
2026-08-18T06:54:36.333118+00:00 INFO 'ansible_navigator.main' A sample settings file can be created with 'ansible-navigator settings --sample'
2026-08-18T06:54:36.333135+00:00 INFO 'ansible_navigator.main' Configuration failed, using default log file location. (/home/devops/ansible/ansible-navigator.log) Log level set to debug
2026-08-18T06:54:36.333152+00:00 INFO 'ansible_navigator.main' Review the hints and log file to see what went wrong.
2026-08-18T06:55:45.655996+00:00 WARNING 'ansible_navigator.image_manager.puller._log_message' Image inspection failed, image assumed to be corrupted or missing
2026-08-18T06:55:45.656361+00:00 WARNING 'ansible_navigator.image_manager.puller._log_message' stdout: []

2026-08-18T06:55:45.656393+00:00 WARNING 'ansible_navigator.image_manager.puller._log_message' stderr: time="2026-08-17T23:55:45-07:00" level=warning msg="The cgroupv2 manager is set to systemd but there is no systemd user session available"
time="2026-08-17T23:55:45-07:00" level=warning msg="For using systemd, you may need to log in using a user session"
time="2026-08-17T23:55:45-07:00" level=warning msg="Alternatively, you can enable lingering with: `loginctl enable-linger 1001` (possibly as root)"
time="2026-08-17T23:55:45-07:00" level=warning msg="Falling back to --cgroup-manager=cgroupfs"
time="2026-08-17T23:55:45-07:00" level=warning msg="The cgroupv2 manager is set to systemd but there is no systemd user session available"
time="2026-08-17T23:55:45-07:00" level=warning msg="For using systemd, you may need to log in using a user session"
time="2026-08-17T23:55:45-07:00" level=warning msg="Alternatively, you can enable lingering with: `loginctl enable-linger 1001` (possibly as root)"
time="2026-08-17T23:55:45-07:00" level=warning msg="Falling back to --cgroup-manager=cgroupfs"
Error: quay.io/ansible/creator-ee:latest: image not known

2026-08-18T10:54:40.768365+00:00 INFO 'ansible_navigator.setup_logger' New ansible-navigator instance, logging initialized
2026-08-18T10:54:40.769300+00:00 INFO 'ansible_navigator.setup_logger' New ansible-runner instance, logging initialized
2026-08-18T10:54:40.769359+00:00 DEBUG 'ansible_navigator.main' Jinja2==3.1.6 
2026-08-18T10:54:40.769383+00:00 DEBUG 'ansible_navigator.main' MarkupSafe==3.0.3 
2026-08-18T10:54:40.769401+00:00 DEBUG 'ansible_navigator.main' Parsley==1.3 
2026-08-18T10:54:40.769418+00:00 DEBUG 'ansible_navigator.main' PySocks==1.7.1 
2026-08-18T10:54:40.769434+00:00 DEBUG 'ansible_navigator.main' PyYAML==5.4.1 
2026-08-18T10:54:40.769451+00:00 DEBUG 'ansible_navigator.main' Pygments==2.21.0 
2026-08-18T10:54:40.769485+00:00 DEBUG 'ansible_navigator.main' ansible-builder==3.1.1 
2026-08-18T10:54:40.769511+00:00 DEBUG 'ansible_navigator.main' ansible-compat==24.10.0 
2026-08-18T10:54:40.769539+00:00 DEBUG 'ansible_navigator.main' ansible-core==2.14.18 
2026-08-18T10:54:40.769556+00:00 DEBUG 'ansible_navigator.main' ansible-lint==6.22.2 
2026-08-18T10:54:40.769572+00:00 DEBUG 'ansible_navigator.main' ansible-navigator==24.2.0 
2026-08-18T10:54:40.769588+00:00 DEBUG 'ansible_navigator.main' ansible-runner==2.4.3 
2026-08-18T10:54:40.769610+00:00 DEBUG 'ansible_navigator.main' argcomplete==1.12.0 /usr/lib/python3.9/site-packages/argcomplete/__init__.py
2026-08-18T10:54:40.769628+00:00 DEBUG 'ansible_navigator.main' attrs==26.1.0 /home/devops/.local/lib/python3.9/site-packages/attrs/__init__.py
2026-08-18T10:54:40.769644+00:00 DEBUG 'ansible_navigator.main' bindep==2.14.0 /home/devops/.local/lib/python3.9/site-packages/bindep/__init__.py
2026-08-18T10:54:40.769663+00:00 DEBUG 'ansible_navigator.main' black==25.11.0 /home/devops/.local/lib/python3.9/site-packages/black/__init__.cpython-39-x86_64-linux-gnu.so
2026-08-18T10:54:40.769679+00:00 DEBUG 'ansible_navigator.main' bracex==2.6 /home/devops/.local/lib/python3.9/site-packages/bracex/__init__.py
2026-08-18T10:54:40.769695+00:00 DEBUG 'ansible_navigator.main' cffi==1.14.5 /usr/lib64/python3.9/site-packages/cffi/__init__.py
2026-08-18T10:54:40.769711+00:00 DEBUG 'ansible_navigator.main' chardet==4.0.0 /usr/lib/python3.9/site-packages/chardet/__init__.py
2026-08-18T10:54:40.769727+00:00 DEBUG 'ansible_navigator.main' click==8.1.8 /home/devops/.local/lib/python3.9/site-packages/click/__init__.py
2026-08-18T10:54:40.769743+00:00 DEBUG 'ansible_navigator.main' cockpit==356.2 /usr/lib/python3.9/site-packages/cockpit/__init__.py
2026-08-18T10:54:40.769761+00:00 DEBUG 'ansible_navigator.main' cryptography==36.0.1 /usr/lib64/python3.9/site-packages/cryptography/__init__.py
2026-08-18T10:54:40.769778+00:00 DEBUG 'ansible_navigator.main' dasbus==1.7 /usr/lib/python3.9/site-packages/dasbus/__init__.py
2026-08-18T10:54:40.769794+00:00 DEBUG 'ansible_navigator.main' dbus-python==1.2.18 
2026-08-18T10:54:40.769810+00:00 DEBUG 'ansible_navigator.main' decorator==4.4.2 /usr/lib/python3.9/site-packages/decorator.py
2026-08-18T10:54:40.769827+00:00 DEBUG 'ansible_navigator.main' distro==1.9.0 /home/devops/.local/lib/python3.9/site-packages/distro/__init__.py
2026-08-18T10:54:40.769846+00:00 DEBUG 'ansible_navigator.main' file-magic==0.4.0 
2026-08-18T10:54:40.769866+00:00 DEBUG 'ansible_navigator.main' filelock==3.19.1 /home/devops/.local/lib/python3.9/site-packages/filelock/__init__.py
2026-08-18T10:54:40.769885+00:00 DEBUG 'ansible_navigator.main' idna==2.10 /usr/lib/python3.9/site-packages/idna/__init__.py
2026-08-18T10:54:40.769901+00:00 DEBUG 'ansible_navigator.main' importlib-metadata==6.2.1 
2026-08-18T10:54:40.769917+00:00 DEBUG 'ansible_navigator.main' iniparse==0.4 /usr/lib/python3.9/site-packages/iniparse/__init__.py
2026-08-18T10:54:40.769932+00:00 DEBUG 'ansible_navigator.main' insights-core==3.7.8 
2026-08-18T10:54:40.769948+00:00 DEBUG 'ansible_navigator.main' jsonschema-specifications==2025.9.1 
2026-08-18T10:54:40.769964+00:00 DEBUG 'ansible_navigator.main' jsonschema==4.25.1 /home/devops/.local/lib/python3.9/site-packages/jsonschema/__init__.py
2026-08-18T10:54:40.769980+00:00 DEBUG 'ansible_navigator.main' lockfile==0.12.2 /home/devops/.local/lib/python3.9/site-packages/lockfile/__init__.py
2026-08-18T10:54:40.769995+00:00 DEBUG 'ansible_navigator.main' lxml==4.6.5 /usr/lib64/python3.9/site-packages/lxml/__init__.py
2026-08-18T10:54:40.770011+00:00 DEBUG 'ansible_navigator.main' markdown-it-py==3.0.0 
2026-08-18T10:54:40.770027+00:00 DEBUG 'ansible_navigator.main' mdurl==0.1.2 /home/devops/.local/lib/python3.9/site-packages/mdurl/__init__.py
2026-08-18T10:54:40.770043+00:00 DEBUG 'ansible_navigator.main' mypy_extensions==1.1.0 /home/devops/.local/lib/python3.9/site-packages/mypy_extensions.py
2026-08-18T10:54:40.770059+00:00 DEBUG 'ansible_navigator.main' nftables==0.1 /usr/lib/python3.9/site-packages/nftables/__init__.py
2026-08-18T10:54:40.770080+00:00 DEBUG 'ansible_navigator.main' onigurumacffi==1.4.1 /home/devops/.local/lib/python3.9/site-packages/onigurumacffi.py
2026-08-18T10:54:40.770097+00:00 DEBUG 'ansible_navigator.main' packaging==26.3 /home/devops/.local/lib/python3.9/site-packages/packaging/__init__.py
2026-08-18T10:54:40.770113+00:00 DEBUG 'ansible_navigator.main' pathspec==1.1.1 /home/devops/.local/lib/python3.9/site-packages/pathspec/__init__.py
2026-08-18T10:54:40.770128+00:00 DEBUG 'ansible_navigator.main' pbr==7.0.3 /home/devops/.local/lib/python3.9/site-packages/pbr/__init__.py
2026-08-18T10:54:40.770144+00:00 DEBUG 'ansible_navigator.main' perf==0.1 /usr/lib64/python3.9/site-packages/perf.cpython-39-x86_64-linux-gnu.so
2026-08-18T10:54:40.770160+00:00 DEBUG 'ansible_navigator.main' pip==21.3.1 /usr/lib/python3.9/site-packages/pip/__init__.py
2026-08-18T10:54:40.770175+00:00 DEBUG 'ansible_navigator.main' platformdirs==4.4.0 /home/devops/.local/lib/python3.9/site-packages/platformdirs/__init__.py
2026-08-18T10:54:40.770190+00:00 DEBUG 'ansible_navigator.main' ply==3.11 /usr/lib/python3.9/site-packages/ply/__init__.py
2026-08-18T10:54:40.770206+00:00 DEBUG 'ansible_navigator.main' psutil==5.8.0 /usr/lib64/python3.9/site-packages/psutil/__init__.py
2026-08-18T10:54:40.770222+00:00 DEBUG 'ansible_navigator.main' pycairo==1.20.1 
2026-08-18T10:54:40.770237+00:00 DEBUG 'ansible_navigator.main' pycparser==2.20 /usr/lib/python3.9/site-packages/pycparser/__init__.py
2026-08-18T10:54:40.770253+00:00 DEBUG 'ansible_navigator.main' pyinotify==0.9.6 /usr/lib/python3.9/site-packages/pyinotify.py
2026-08-18T10:54:40.770269+00:00 DEBUG 'ansible_navigator.main' pyparsing==2.4.7 /usr/lib/python3.9/site-packages/pyparsing.py
2026-08-18T10:54:40.770285+00:00 DEBUG 'ansible_navigator.main' python-daemon==3.1.2 
2026-08-18T10:54:40.770301+00:00 DEBUG 'ansible_navigator.main' python-dateutil==2.9.0.post0 
2026-08-18T10:54:40.770316+00:00 DEBUG 'ansible_navigator.main' python-linux-procfs==0.7.4 
2026-08-18T10:54:40.770332+00:00 DEBUG 'ansible_navigator.main' pytokens==0.4.1 /home/devops/.local/lib/python3.9/site-packages/pytokens/__init__.cpython-39-x86_64-linux-gnu.so
2026-08-18T10:54:40.770348+00:00 DEBUG 'ansible_navigator.main' pyudev==0.22.0 /usr/lib/python3.9/site-packages/pyudev/__init__.py
2026-08-18T10:54:40.770363+00:00 DEBUG 'ansible_navigator.main' referencing==0.36.2 /home/devops/.local/lib/python3.9/site-packages/referencing/__init__.py
2026-08-18T10:54:40.770379+00:00 DEBUG 'ansible_navigator.main' requests==2.25.1 /usr/lib/python3.9/site-packages/requests/__init__.py
2026-08-18T10:54:40.770395+00:00 DEBUG 'ansible_navigator.main' resolvelib==0.5.4 /usr/lib/python3.9/site-packages/resolvelib/__init__.py
2026-08-18T10:54:40.770411+00:00 DEBUG 'ansible_navigator.main' rich==15.0.0 /home/devops/.local/lib/python3.9/site-packages/rich/__init__.py
2026-08-18T10:54:40.770426+00:00 DEBUG 'ansible_navigator.main' rpds-py==0.27.1 
2026-08-18T10:54:40.770442+00:00 DEBUG 'ansible_navigator.main' ruamel.yaml==0.19.1 /home/devops/.local/lib/python3.9/site-packages/ruamel/yaml/__init__.py
2026-08-18T10:54:40.770458+00:00 DEBUG 'ansible_navigator.main' selinux==3.6 /usr/lib64/python3.9/site-packages/selinux/__init__.py
2026-08-18T10:54:40.770474+00:00 DEBUG 'ansible_navigator.main' sepolicy==3.6 /usr/lib/python3.9/site-packages/sepolicy/__init__.py
2026-08-18T10:54:40.770489+00:00 DEBUG 'ansible_navigator.main' setools==4.4.4 /usr/lib64/python3.9/site-packages/setools/__init__.py
2026-08-18T10:54:40.770505+00:00 DEBUG 'ansible_navigator.main' setroubleshoot==3.3.33 /usr/lib/python3.9/site-packages/setroubleshoot/__init__.py
2026-08-18T10:54:40.770543+00:00 DEBUG 'ansible_navigator.main' setuptools==53.0.0 /usr/lib/python3.9/site-packages/setuptools/__init__.py
2026-08-18T10:54:40.770581+00:00 DEBUG 'ansible_navigator.main' six==1.15.0 /usr/lib/python3.9/site-packages/six.py
2026-08-18T10:54:40.770604+00:00 DEBUG 'ansible_navigator.main' sos==4.11.0 /usr/lib/python3.9/site-packages/sos/__init__.py
2026-08-18T10:54:40.770628+00:00 DEBUG 'ansible_navigator.main' subprocess-tee==0.4.2 
2026-08-18T10:54:40.770648+00:00 DEBUG 'ansible_navigator.main' subscription-manager==1.29.50 
2026-08-18T10:54:40.770664+00:00 DEBUG 'ansible_navigator.main' tomli==2.4.1 /home/devops/.local/lib/python3.9/site-packages/tomli/__init__.py
2026-08-18T10:54:40.770681+00:00 DEBUG 'ansible_navigator.main' typing_extensions==4.16.0 /home/devops/.local/lib/python3.9/site-packages/typing_extensions.py
2026-08-18T10:54:40.770703+00:00 DEBUG 'ansible_navigator.main' tzdata==2026.3 /home/devops/.local/lib/python3.9/site-packages/tzdata/__init__.py
2026-08-18T10:54:40.770724+00:00 DEBUG 'ansible_navigator.main' urllib3==1.26.5 /usr/lib/python3.9/site-packages/urllib3/__init__.py
2026-08-18T10:54:40.770742+00:00 DEBUG 'ansible_navigator.main' wcmatch==10.1 /home/devops/.local/lib/python3.9/site-packages/wcmatch/__init__.py
2026-08-18T10:54:40.770762+00:00 DEBUG 'ansible_navigator.main' yamllint==1.37.1 /home/devops/.local/lib/python3.9/site-packages/yamllint/__init__.py
2026-08-18T10:54:40.770782+00:00 DEBUG 'ansible_navigator.main' zipp==3.23.1 /home/devops/.local/lib/python3.9/site-packages/zipp/__init__.py
2026-08-18T10:54:40.770801+00:00 DEBUG 'ansible_navigator.main' Default collection_doc_cache_path set to: /home/devops/.cache/ansible-navigator/collection_doc_cache.db
2026-08-18T10:54:40.770822+00:00 DEBUG 'ansible_navigator.main' EDITOR environment variable not set
2026-08-18T10:54:40.770842+00:00 DEBUG 'ansible_navigator.main' Default editor_command set to: vi +{line_number} {filename}
2026-08-18T10:54:40.770860+00:00 DEBUG 'ansible_navigator.main' No config file set by ANSIBLE_NAVIGATOR_CONFIG
2026-08-18T10:54:40.770880+00:00 DEBUG 'ansible_navigator.main' Looking in /home/devops
2026-08-18T10:54:40.770897+00:00 DEBUG 'ansible_navigator.main' Looking for '/home/devops/.ansible-navigator.yml', '/home/devops/.ansible-navigator.yaml' and '/home/devops/.ansible-navigator.json'
2026-08-18T10:54:40.770914+00:00 DEBUG 'ansible_navigator.main' Found 0: 
2026-08-18T10:54:40.770930+00:00 DEBUG 'ansible_navigator.main' Looking in /home/devops/ansible
2026-08-18T10:54:40.770946+00:00 DEBUG 'ansible_navigator.main' Looking for '/home/devops/ansible/ansible-navigator.yml', '/home/devops/ansible/ansible-navigator.yaml' and '/home/devops/ansible/ansible-navigator.json'
2026-08-18T10:54:40.770989+00:00 DEBUG 'ansible_navigator.main' Found 1: '/home/devops/ansible/ansible-navigator.yml'
2026-08-18T10:54:40.771029+00:00 DEBUG 'ansible_navigator.main' All found 1: '/home/devops/ansible/ansible-navigator.yml'
2026-08-18T10:54:40.771052+00:00 DEBUG 'ansible_navigator.main' Using: /home/devops/ansible/ansible-navigator.yml
2026-08-18T10:54:40.771071+00:00 DEBUG 'ansible_navigator.main' Using settings file at /home/devops/ansible/ansible-navigator.yml in search path
2026-08-18T10:54:40.771091+00:00 DEBUG 'ansible_navigator.main' Command provided: ''
2026-08-18T10:54:40.771116+00:00 WARNING 'ansible_navigator.main' Configuration errors encountered, rolling back to previous configuration.
2026-08-18T10:54:40.771136+00:00 DEBUG 'ansible_navigator.main' Prior to rollback: ansible_runner_artifact_dir = 'Not set' (Constants/Not set)
2026-08-18T10:54:40.771160+00:00 DEBUG 'ansible_navigator.main' Prior to rollback: ansible_runner_rotate_artifacts_count = 'Not set' (Constants/Not set)
2026-08-18T10:54:40.771182+00:00 DEBUG 'ansible_navigator.main' Prior to rollback: ansible_runner_timeout = 'Not set' (Constants/Not set)
2026-08-18T10:54:40.771200+00:00 DEBUG 'ansible_navigator.main' Prior to rollback: ansible_runner_write_job_events = 'False' (bool/Defaults)
2026-08-18T10:54:40.771217+00:00 DEBUG 'ansible_navigator.main' Prior to rollback: app = 'welcome' (str/Defaults)
2026-08-18T10:54:40.771235+00:00 DEBUG 'ansible_navigator.main' Prior to rollback: cmdline = 'Not set' (Constants/Not set)
2026-08-18T10:54:40.771254+00:00 DEBUG 'ansible_navigator.main' Prior to rollback: collection_doc_cache_path = '/home/devops/.cache/ansible-navigator/collection_doc_cache.db' (str/Defaults)
2026-08-18T10:54:40.771276+00:00 DEBUG 'ansible_navigator.main' Prior to rollback: config = 'Not set' (Constants/Not set)
2026-08-18T10:54:40.771298+00:00 DEBUG 'ansible_navigator.main' Prior to rollback: container_engine = 'auto' (str/Defaults)
2026-08-18T10:54:40.771315+00:00 DEBUG 'ansible_navigator.main' Prior to rollback: container_options = 'Not set' (Constants/Not set)
2026-08-18T10:54:40.771331+00:00 DEBUG 'ansible_navigator.main' Prior to rollback: display_color = 'True' (bool/Defaults)
2026-08-18T10:54:40.771346+00:00 DEBUG 'ansible_navigator.main' Prior to rollback: editor_command = 'vi +{line_number} {filename}' (str/Defaults)
2026-08-18T10:54:40.771367+00:00 DEBUG 'ansible_navigator.main' Prior to rollback: editor_console = 'True' (bool/Defaults)
2026-08-18T10:54:40.771384+00:00 DEBUG 'ansible_navigator.main' Prior to rollback: enable_prompts = 'False' (bool/Defaults)
2026-08-18T10:54:40.771404+00:00 DEBUG 'ansible_navigator.main' Prior to rollback: exec_command = '/bin/bash' (str/Defaults)
2026-08-18T10:54:40.771428+00:00 DEBUG 'ansible_navigator.main' Prior to rollback: exec_shell = 'True' (bool/Defaults)
2026-08-18T10:54:40.771448+00:00 DEBUG 'ansible_navigator.main' Prior to rollback: execution_environment = 'True' (bool/Defaults)
2026-08-18T10:54:40.771466+00:00 DEBUG 'ansible_navigator.main' Prior to rollback: execution_environment_image = 'ghcr.io/ansible/creator-ee:v0.22.0' (str/Defaults)
2026-08-18T10:54:40.771498+00:00 DEBUG 'ansible_navigator.main' Prior to rollback: execution_environment_volume_mounts = 'Not set' (Constants/Not set)
2026-08-18T10:54:40.772110+00:00 DEBUG 'ansible_navigator.main' Prior to rollback: format = 'yaml' (str/Defaults)
2026-08-18T10:54:40.772137+00:00 DEBUG 'ansible_navigator.main' Prior to rollback: help_builder = 'False' (bool/Defaults)
2026-08-18T10:54:40.772154+00:00 DEBUG 'ansible_navigator.main' Prior to rollback: help_config = 'False' (bool/Defaults)
2026-08-18T10:54:40.772171+00:00 DEBUG 'ansible_navigator.main' Prior to rollback: help_doc = 'False' (bool/Defaults)
2026-08-18T10:54:40.772189+00:00 DEBUG 'ansible_navigator.main' Prior to rollback: help_inventory = 'False' (bool/Defaults)
2026-08-18T10:54:40.772207+00:00 DEBUG 'ansible_navigator.main' Prior to rollback: help_playbook = 'False' (bool/Defaults)
2026-08-18T10:54:40.772223+00:00 DEBUG 'ansible_navigator.main' Prior to rollback: images_details = '['everything']' (list/Defaults)
2026-08-18T10:54:40.772239+00:00 DEBUG 'ansible_navigator.main' Prior to rollback: inventory = 'Not set' (Constants/Not set)
2026-08-18T10:54:40.772254+00:00 DEBUG 'ansible_navigator.main' Prior to rollback: inventory_column = 'Not set' (Constants/Not set)
2026-08-18T10:54:40.772270+00:00 DEBUG 'ansible_navigator.main' Prior to rollback: lint_config = 'Not set' (Constants/Not set)
2026-08-18T10:54:40.772286+00:00 DEBUG 'ansible_navigator.main' Prior to rollback: lintables = 'Not set' (Constants/Not set)
2026-08-18T10:54:40.772302+00:00 DEBUG 'ansible_navigator.main' Prior to rollback: log_append = 'True' (bool/Defaults)
2026-08-18T10:54:40.772317+00:00 DEBUG 'ansible_navigator.main' Prior to rollback: log_file = '/home/devops/ansible/ansible-navigator.log' (str/Defaults)
2026-08-18T10:54:40.772332+00:00 DEBUG 'ansible_navigator.main' Prior to rollback: log_level = 'warning' (str/Defaults)
2026-08-18T10:54:40.772348+00:00 DEBUG 'ansible_navigator.main' Prior to rollback: mode = 'interactive' (str/Defaults)
2026-08-18T10:54:40.772363+00:00 DEBUG 'ansible_navigator.main' Prior to rollback: osc4 = 'True' (bool/Defaults)
2026-08-18T10:54:40.772379+00:00 DEBUG 'ansible_navigator.main' Prior to rollback: pass_environment_variable = 'Not set' (Constants/Not set)
2026-08-18T10:54:40.772394+00:00 DEBUG 'ansible_navigator.main' Prior to rollback: playbook = 'Not set' (Constants/Not set)
2026-08-18T10:54:40.772410+00:00 DEBUG 'ansible_navigator.main' Prior to rollback: playbook_artifact_enable = 'True' (bool/Defaults)
2026-08-18T10:54:40.772425+00:00 DEBUG 'ansible_navigator.main' Prior to rollback: playbook_artifact_replay = 'Not set' (Constants/Not set)
2026-08-18T10:54:40.772448+00:00 DEBUG 'ansible_navigator.main' Prior to rollback: playbook_artifact_save_as = '{playbook_dir}/{playbook_name}-artifact-{time_stamp}.json' (str/Defaults)
2026-08-18T10:54:40.772468+00:00 DEBUG 'ansible_navigator.main' Prior to rollback: plugin_name = 'Not set' (Constants/Not set)
2026-08-18T10:54:40.772486+00:00 DEBUG 'ansible_navigator.main' Prior to rollback: plugin_type = 'module' (str/Defaults)
2026-08-18T10:54:40.772502+00:00 DEBUG 'ansible_navigator.main' Prior to rollback: pull_arguments = 'Not set' (Constants/Not set)
2026-08-18T10:54:40.772518+00:00 DEBUG 'ansible_navigator.main' Prior to rollback: pull_policy = 'tag' (str/Defaults)
2026-08-18T10:54:40.772534+00:00 DEBUG 'ansible_navigator.main' Prior to rollback: set_environment_variable = 'Not set' (Constants/Not set)
2026-08-18T10:54:40.772549+00:00 DEBUG 'ansible_navigator.main' Prior to rollback: settings_effective = 'False' (bool/Defaults)
2026-08-18T10:54:40.772572+00:00 DEBUG 'ansible_navigator.main' Prior to rollback: settings_sample = 'False' (bool/Defaults)
2026-08-18T10:54:40.772595+00:00 DEBUG 'ansible_navigator.main' Prior to rollback: settings_schema = 'json' (str/Defaults)
2026-08-18T10:54:40.772616+00:00 DEBUG 'ansible_navigator.main' Prior to rollback: settings_sources = 'False' (bool/Defaults)
2026-08-18T10:54:40.772633+00:00 DEBUG 'ansible_navigator.main' Prior to rollback: time_zone = 'UTC' (str/Defaults)
2026-08-18T10:54:40.772650+00:00 DEBUG 'ansible_navigator.main' Prior to rollback: workdir = '/home/devops/ansible' (str/Defaults)
2026-08-18T10:54:40.772670+00:00 DEBUG 'ansible_navigator.main' After rollback: ansible_runner_artifact_dir = 'Not set' (Constants/Not set)
2026-08-18T10:54:40.772691+00:00 DEBUG 'ansible_navigator.main' After rollback: ansible_runner_rotate_artifacts_count = 'Not set' (Constants/Not set)
2026-08-18T10:54:40.772708+00:00 DEBUG 'ansible_navigator.main' After rollback: ansible_runner_timeout = 'Not set' (Constants/Not set)
2026-08-18T10:54:40.772724+00:00 DEBUG 'ansible_navigator.main' After rollback: ansible_runner_write_job_events = 'Not set' (Constants/Not set)
2026-08-18T10:54:40.772744+00:00 DEBUG 'ansible_navigator.main' After rollback: app = 'Not set' (Constants/Not set)
2026-08-18T10:54:40.772762+00:00 DEBUG 'ansible_navigator.main' After rollback: cmdline = 'Not set' (Constants/Not set)
2026-08-18T10:54:40.772783+00:00 DEBUG 'ansible_navigator.main' After rollback: collection_doc_cache_path = 'Not set' (Constants/Not set)
2026-08-18T10:54:40.772803+00:00 DEBUG 'ansible_navigator.main' After rollback: config = 'Not set' (Constants/Not set)
2026-08-18T10:54:40.772823+00:00 DEBUG 'ansible_navigator.main' After rollback: container_engine = 'Not set' (Constants/Not set)
2026-08-18T10:54:40.772844+00:00 DEBUG 'ansible_navigator.main' After rollback: container_options = 'Not set' (Constants/Not set)
2026-08-18T10:54:40.772861+00:00 DEBUG 'ansible_navigator.main' After rollback: display_color = 'Not set' (Constants/Not set)
2026-08-18T10:54:40.772881+00:00 DEBUG 'ansible_navigator.main' After rollback: editor_command = 'Not set' (Constants/Not set)
2026-08-18T10:54:40.772898+00:00 DEBUG 'ansible_navigator.main' After rollback: editor_console = 'Not set' (Constants/Not set)
2026-08-18T10:54:40.772918+00:00 DEBUG 'ansible_navigator.main' After rollback: enable_prompts = 'Not set' (Constants/Not set)
2026-08-18T10:54:40.772939+00:00 DEBUG 'ansible_navigator.main' After rollback: exec_command = 'Not set' (Constants/Not set)
2026-08-18T10:54:40.772960+00:00 DEBUG 'ansible_navigator.main' After rollback: exec_shell = 'Not set' (Constants/Not set)
2026-08-18T10:54:40.773002+00:00 DEBUG 'ansible_navigator.main' After rollback: execution_environment = 'Not set' (Constants/Not set)
2026-08-18T10:54:40.773039+00:00 DEBUG 'ansible_navigator.main' After rollback: execution_environment_image = 'Not set' (Constants/Not set)
2026-08-18T10:54:40.773065+00:00 DEBUG 'ansible_navigator.main' After rollback: execution_environment_volume_mounts = 'Not set' (Constants/Not set)
2026-08-18T10:54:40.773093+00:00 DEBUG 'ansible_navigator.main' After rollback: format = 'Not set' (Constants/Not set)
2026-08-18T10:54:40.773115+00:00 DEBUG 'ansible_navigator.main' After rollback: help_builder = 'Not set' (Constants/Not set)
2026-08-18T10:54:40.773136+00:00 DEBUG 'ansible_navigator.main' After rollback: help_config = 'Not set' (Constants/Not set)
2026-08-18T10:54:40.773154+00:00 DEBUG 'ansible_navigator.main' After rollback: help_doc = 'Not set' (Constants/Not set)
2026-08-18T10:54:40.773170+00:00 DEBUG 'ansible_navigator.main' After rollback: help_inventory = 'Not set' (Constants/Not set)
2026-08-18T10:54:40.773187+00:00 DEBUG 'ansible_navigator.main' After rollback: help_playbook = 'Not set' (Constants/Not set)
2026-08-18T10:54:40.773207+00:00 DEBUG 'ansible_navigator.main' After rollback: images_details = 'Not set' (Constants/Not set)
2026-08-18T10:54:40.773227+00:00 DEBUG 'ansible_navigator.main' After rollback: inventory = 'Not set' (Constants/Not set)
2026-08-18T10:54:40.773247+00:00 DEBUG 'ansible_navigator.main' After rollback: inventory_column = 'Not set' (Constants/Not set)
2026-08-18T10:54:40.773271+00:00 DEBUG 'ansible_navigator.main' After rollback: lint_config = 'Not set' (Constants/Not set)
2026-08-18T10:54:40.773292+00:00 DEBUG 'ansible_navigator.main' After rollback: lintables = 'Not set' (Constants/Not set)
2026-08-18T10:54:40.773312+00:00 DEBUG 'ansible_navigator.main' After rollback: log_append = 'Not set' (Constants/Not set)
2026-08-18T10:54:40.773329+00:00 DEBUG 'ansible_navigator.main' After rollback: log_file = 'Not set' (Constants/Not set)
2026-08-18T10:54:40.773344+00:00 DEBUG 'ansible_navigator.main' After rollback: log_level = 'Not set' (Constants/Not set)
2026-08-18T10:54:40.773360+00:00 DEBUG 'ansible_navigator.main' After rollback: mode = 'Not set' (Constants/Not set)
2026-08-18T10:54:40.773380+00:00 DEBUG 'ansible_navigator.main' After rollback: osc4 = 'Not set' (Constants/Not set)
2026-08-18T10:54:40.773397+00:00 DEBUG 'ansible_navigator.main' After rollback: pass_environment_variable = 'Not set' (Constants/Not set)
2026-08-18T10:54:40.773413+00:00 DEBUG 'ansible_navigator.main' After rollback: playbook = 'Not set' (Constants/Not set)
2026-08-18T10:54:40.773440+00:00 DEBUG 'ansible_navigator.main' After rollback: playbook_artifact_enable = 'Not set' (Constants/Not set)
2026-08-18T10:54:40.773653+00:00 DEBUG 'ansible_navigator.main' After rollback: playbook_artifact_replay = 'Not set' (Constants/Not set)
2026-08-18T10:54:40.773678+00:00 DEBUG 'ansible_navigator.main' After rollback: playbook_artifact_save_as = 'Not set' (Constants/Not set)
2026-08-18T10:54:40.773695+00:00 DEBUG 'ansible_navigator.main' After rollback: plugin_name = 'Not set' (Constants/Not set)
2026-08-18T10:54:40.773712+00:00 DEBUG 'ansible_navigator.main' After rollback: plugin_type = 'Not set' (Constants/Not set)
2026-08-18T10:54:40.773729+00:00 DEBUG 'ansible_navigator.main' After rollback: pull_arguments = 'Not set' (Constants/Not set)
2026-08-18T10:54:40.773745+00:00 DEBUG 'ansible_navigator.main' After rollback: pull_policy = 'Not set' (Constants/Not set)
2026-08-18T10:54:40.773762+00:00 DEBUG 'ansible_navigator.main' After rollback: set_environment_variable = 'Not set' (Constants/Not set)
2026-08-18T10:54:40.773777+00:00 DEBUG 'ansible_navigator.main' After rollback: settings_effective = 'Not set' (Constants/Not set)
2026-08-18T10:54:40.773793+00:00 DEBUG 'ansible_navigator.main' After rollback: settings_sample = 'Not set' (Constants/Not set)
2026-08-18T10:54:40.773809+00:00 DEBUG 'ansible_navigator.main' After rollback: settings_schema = 'Not set' (Constants/Not set)
2026-08-18T10:54:40.773824+00:00 DEBUG 'ansible_navigator.main' After rollback: settings_sources = 'Not set' (Constants/Not set)
2026-08-18T10:54:40.773840+00:00 DEBUG 'ansible_navigator.main' After rollback: time_zone = 'Not set' (Constants/Not set)
2026-08-18T10:54:40.773855+00:00 DEBUG 'ansible_navigator.main' After rollback: workdir = 'Not set' (Constants/Not set)
2026-08-18T10:54:40.773876+00:00 DEBUG 'ansible_navigator.main' Configuration rollback complete.
2026-08-18T10:54:40.773893+00:00 DEBUG 'ansible_navigator.main' Collection doc cache not mounted
2026-08-18T10:54:40.773921+00:00 WARNING 'ansible_navigator.main' Issues were found while applying the settings.
2026-08-18T10:54:40.773940+00:00 INFO 'ansible_navigator.main' Command provided: ''
2026-08-18T10:54:40.773962+00:00 ERROR 'ansible_navigator.main' Settings file found /home/devops/ansible/ansible-navigator.yml, but failed to load it.
2026-08-18T10:54:40.773981+00:00 ERROR 'ansible_navigator.main'   error was: 'mapping values are not allowed in this context   in "/home/devops/ansible/ansible-navigator.yml", line 5, column 11'
2026-08-18T10:54:40.774000+00:00 INFO 'ansible_navigator.main' Try checking the settings file '/home/devops/ansible/ansible-navigator.yml'and ensure it is properly formatted
2026-08-18T10:54:40.774019+00:00 INFO 'ansible_navigator.main' Configuration failed, using default log file location. (/home/devops/ansible/ansible-navigator.log) Log level set to debug
2026-08-18T10:54:40.774037+00:00 INFO 'ansible_navigator.main' Review the hints and log file to see what went wrong.
2026-08-18T10:55:11.715544+00:00 INFO 'ansible_navigator.setup_logger' New ansible-navigator instance, logging initialized
2026-08-18T10:55:11.715779+00:00 INFO 'ansible_navigator.setup_logger' New ansible-runner instance, logging initialized
2026-08-18T10:55:11.715816+00:00 DEBUG 'ansible_navigator.main' Jinja2==3.1.6 
2026-08-18T10:55:11.715838+00:00 DEBUG 'ansible_navigator.main' MarkupSafe==3.0.3 
2026-08-18T10:55:11.715856+00:00 DEBUG 'ansible_navigator.main' Parsley==1.3 
2026-08-18T10:55:11.715873+00:00 DEBUG 'ansible_navigator.main' PySocks==1.7.1 
2026-08-18T10:55:11.715889+00:00 DEBUG 'ansible_navigator.main' PyYAML==5.4.1 
2026-08-18T10:55:11.715905+00:00 DEBUG 'ansible_navigator.main' Pygments==2.21.0 
2026-08-18T10:55:11.715922+00:00 DEBUG 'ansible_navigator.main' ansible-builder==3.1.1 
2026-08-18T10:55:11.715938+00:00 DEBUG 'ansible_navigator.main' ansible-compat==24.10.0 
2026-08-18T10:55:11.715955+00:00 DEBUG 'ansible_navigator.main' ansible-core==2.14.18 
2026-08-18T10:55:11.715972+00:00 DEBUG 'ansible_navigator.main' ansible-lint==6.22.2 
2026-08-18T10:55:11.715988+00:00 DEBUG 'ansible_navigator.main' ansible-navigator==24.2.0 
2026-08-18T10:55:11.716005+00:00 DEBUG 'ansible_navigator.main' ansible-runner==2.4.3 
2026-08-18T10:55:11.716021+00:00 DEBUG 'ansible_navigator.main' argcomplete==1.12.0 /usr/lib/python3.9/site-packages/argcomplete/__init__.py
2026-08-18T10:55:11.716037+00:00 DEBUG 'ansible_navigator.main' attrs==26.1.0 /home/devops/.local/lib/python3.9/site-packages/attrs/__init__.py
2026-08-18T10:55:11.716053+00:00 DEBUG 'ansible_navigator.main' bindep==2.14.0 /home/devops/.local/lib/python3.9/site-packages/bindep/__init__.py
2026-08-18T10:55:11.716070+00:00 DEBUG 'ansible_navigator.main' black==25.11.0 /home/devops/.local/lib/python3.9/site-packages/black/__init__.cpython-39-x86_64-linux-gnu.so
2026-08-18T10:55:11.716087+00:00 DEBUG 'ansible_navigator.main' bracex==2.6 /home/devops/.local/lib/python3.9/site-packages/bracex/__init__.py
2026-08-18T10:55:11.716103+00:00 DEBUG 'ansible_navigator.main' cffi==1.14.5 /usr/lib64/python3.9/site-packages/cffi/__init__.py
2026-08-18T10:55:11.716119+00:00 DEBUG 'ansible_navigator.main' chardet==4.0.0 /usr/lib/python3.9/site-packages/chardet/__init__.py
2026-08-18T10:55:11.716135+00:00 DEBUG 'ansible_navigator.main' click==8.1.8 /home/devops/.local/lib/python3.9/site-packages/click/__init__.py
2026-08-18T10:55:11.716151+00:00 DEBUG 'ansible_navigator.main' cockpit==356.2 /usr/lib/python3.9/site-packages/cockpit/__init__.py
2026-08-18T10:55:11.716167+00:00 DEBUG 'ansible_navigator.main' cryptography==36.0.1 /usr/lib64/python3.9/site-packages/cryptography/__init__.py
2026-08-18T10:55:11.716184+00:00 DEBUG 'ansible_navigator.main' dasbus==1.7 /usr/lib/python3.9/site-packages/dasbus/__init__.py
2026-08-18T10:55:11.716199+00:00 DEBUG 'ansible_navigator.main' dbus-python==1.2.18 
2026-08-18T10:55:11.716283+00:00 DEBUG 'ansible_navigator.main' decorator==4.4.2 /usr/lib/python3.9/site-packages/decorator.py
2026-08-18T10:55:11.716317+00:00 DEBUG 'ansible_navigator.main' distro==1.9.0 /home/devops/.local/lib/python3.9/site-packages/distro/__init__.py
2026-08-18T10:55:11.716336+00:00 DEBUG 'ansible_navigator.main' file-magic==0.4.0 
2026-08-18T10:55:11.716354+00:00 DEBUG 'ansible_navigator.main' filelock==3.19.1 /home/devops/.local/lib/python3.9/site-packages/filelock/__init__.py
2026-08-18T10:55:11.716371+00:00 DEBUG 'ansible_navigator.main' idna==2.10 /usr/lib/python3.9/site-packages/idna/__init__.py
2026-08-18T10:55:11.716387+00:00 DEBUG 'ansible_navigator.main' importlib-metadata==6.2.1 
2026-08-18T10:55:11.716403+00:00 DEBUG 'ansible_navigator.main' iniparse==0.4 /usr/lib/python3.9/site-packages/iniparse/__init__.py
2026-08-18T10:55:11.716419+00:00 DEBUG 'ansible_navigator.main' insights-core==3.7.8 
2026-08-18T10:55:11.716435+00:00 DEBUG 'ansible_navigator.main' jsonschema-specifications==2025.9.1 
2026-08-18T10:55:11.716452+00:00 DEBUG 'ansible_navigator.main' jsonschema==4.25.1 /home/devops/.local/lib/python3.9/site-packages/jsonschema/__init__.py
2026-08-18T10:55:11.716468+00:00 DEBUG 'ansible_navigator.main' lockfile==0.12.2 /home/devops/.local/lib/python3.9/site-packages/lockfile/__init__.py
2026-08-18T10:55:11.716484+00:00 DEBUG 'ansible_navigator.main' lxml==4.6.5 /usr/lib64/python3.9/site-packages/lxml/__init__.py
2026-08-18T10:55:11.716500+00:00 DEBUG 'ansible_navigator.main' markdown-it-py==3.0.0 
2026-08-18T10:55:11.716516+00:00 DEBUG 'ansible_navigator.main' mdurl==0.1.2 /home/devops/.local/lib/python3.9/site-packages/mdurl/__init__.py
2026-08-18T10:55:11.716532+00:00 DEBUG 'ansible_navigator.main' mypy_extensions==1.1.0 /home/devops/.local/lib/python3.9/site-packages/mypy_extensions.py
2026-08-18T10:55:11.716548+00:00 DEBUG 'ansible_navigator.main' nftables==0.1 /usr/lib/python3.9/site-packages/nftables/__init__.py
2026-08-18T10:55:11.716564+00:00 DEBUG 'ansible_navigator.main' onigurumacffi==1.4.1 /home/devops/.local/lib/python3.9/site-packages/onigurumacffi.py
2026-08-18T10:55:11.716580+00:00 DEBUG 'ansible_navigator.main' packaging==26.3 /home/devops/.local/lib/python3.9/site-packages/packaging/__init__.py
2026-08-18T10:55:11.716596+00:00 DEBUG 'ansible_navigator.main' pathspec==1.1.1 /home/devops/.local/lib/python3.9/site-packages/pathspec/__init__.py
2026-08-18T10:55:11.716613+00:00 DEBUG 'ansible_navigator.main' pbr==7.0.3 /home/devops/.local/lib/python3.9/site-packages/pbr/__init__.py
2026-08-18T10:55:11.716628+00:00 DEBUG 'ansible_navigator.main' perf==0.1 /usr/lib64/python3.9/site-packages/perf.cpython-39-x86_64-linux-gnu.so
2026-08-18T10:55:11.716644+00:00 DEBUG 'ansible_navigator.main' pip==21.3.1 /usr/lib/python3.9/site-packages/pip/__init__.py
2026-08-18T10:55:11.716660+00:00 DEBUG 'ansible_navigator.main' platformdirs==4.4.0 /home/devops/.local/lib/python3.9/site-packages/platformdirs/__init__.py
2026-08-18T10:55:11.716676+00:00 DEBUG 'ansible_navigator.main' ply==3.11 /usr/lib/python3.9/site-packages/ply/__init__.py
2026-08-18T10:55:11.716694+00:00 DEBUG 'ansible_navigator.main' psutil==5.8.0 /usr/lib64/python3.9/site-packages/psutil/__init__.py
2026-08-18T10:55:11.716726+00:00 DEBUG 'ansible_navigator.main' pycairo==1.20.1 
2026-08-18T10:55:11.716751+00:00 DEBUG 'ansible_navigator.main' pycparser==2.20 /usr/lib/python3.9/site-packages/pycparser/__init__.py
2026-08-18T10:55:11.716776+00:00 DEBUG 'ansible_navigator.main' pyinotify==0.9.6 /usr/lib/python3.9/site-packages/pyinotify.py
2026-08-18T10:55:11.716801+00:00 DEBUG 'ansible_navigator.main' pyparsing==2.4.7 /usr/lib/python3.9/site-packages/pyparsing.py
2026-08-18T10:55:11.716828+00:00 DEBUG 'ansible_navigator.main' python-daemon==3.1.2 
2026-08-18T10:55:11.716864+00:00 DEBUG 'ansible_navigator.main' python-dateutil==2.9.0.post0 
2026-08-18T10:55:11.716904+00:00 DEBUG 'ansible_navigator.main' python-linux-procfs==0.7.4 
2026-08-18T10:55:11.716934+00:00 DEBUG 'ansible_navigator.main' pytokens==0.4.1 /home/devops/.local/lib/python3.9/site-packages/pytokens/__init__.cpython-39-x86_64-linux-gnu.so
2026-08-18T10:55:11.717046+00:00 DEBUG 'ansible_navigator.main' pyudev==0.22.0 /usr/lib/python3.9/site-packages/pyudev/__init__.py
2026-08-18T10:55:11.717104+00:00 DEBUG 'ansible_navigator.main' referencing==0.36.2 /home/devops/.local/lib/python3.9/site-packages/referencing/__init__.py
2026-08-18T10:55:11.717137+00:00 DEBUG 'ansible_navigator.main' requests==2.25.1 /usr/lib/python3.9/site-packages/requests/__init__.py
2026-08-18T10:55:11.717182+00:00 DEBUG 'ansible_navigator.main' resolvelib==0.5.4 /usr/lib/python3.9/site-packages/resolvelib/__init__.py
2026-08-18T10:55:11.717230+00:00 DEBUG 'ansible_navigator.main' rich==15.0.0 /home/devops/.local/lib/python3.9/site-packages/rich/__init__.py
2026-08-18T10:55:11.717263+00:00 DEBUG 'ansible_navigator.main' rpds-py==0.27.1 
2026-08-18T10:55:11.717283+00:00 DEBUG 'ansible_navigator.main' ruamel.yaml==0.19.1 /home/devops/.local/lib/python3.9/site-packages/ruamel/yaml/__init__.py
2026-08-18T10:55:11.717301+00:00 DEBUG 'ansible_navigator.main' selinux==3.6 /usr/lib64/python3.9/site-packages/selinux/__init__.py
2026-08-18T10:55:11.717317+00:00 DEBUG 'ansible_navigator.main' sepolicy==3.6 /usr/lib/python3.9/site-packages/sepolicy/__init__.py
2026-08-18T10:55:11.717334+00:00 DEBUG 'ansible_navigator.main' setools==4.4.4 /usr/lib64/python3.9/site-packages/setools/__init__.py
2026-08-18T10:55:11.717350+00:00 DEBUG 'ansible_navigator.main' setroubleshoot==3.3.33 /usr/lib/python3.9/site-packages/setroubleshoot/__init__.py
2026-08-18T10:55:11.717366+00:00 DEBUG 'ansible_navigator.main' setuptools==53.0.0 /usr/lib/python3.9/site-packages/setuptools/__init__.py
2026-08-18T10:55:11.717382+00:00 DEBUG 'ansible_navigator.main' six==1.15.0 /usr/lib/python3.9/site-packages/six.py
2026-08-18T10:55:11.717398+00:00 DEBUG 'ansible_navigator.main' sos==4.11.0 /usr/lib/python3.9/site-packages/sos/__init__.py
2026-08-18T10:55:11.717414+00:00 DEBUG 'ansible_navigator.main' subprocess-tee==0.4.2 
2026-08-18T10:55:11.717430+00:00 DEBUG 'ansible_navigator.main' subscription-manager==1.29.50 
2026-08-18T10:55:11.717446+00:00 DEBUG 'ansible_navigator.main' tomli==2.4.1 /home/devops/.local/lib/python3.9/site-packages/tomli/__init__.py
2026-08-18T10:55:11.717462+00:00 DEBUG 'ansible_navigator.main' typing_extensions==4.16.0 /home/devops/.local/lib/python3.9/site-packages/typing_extensions.py
2026-08-18T10:55:11.717478+00:00 DEBUG 'ansible_navigator.main' tzdata==2026.3 /home/devops/.local/lib/python3.9/site-packages/tzdata/__init__.py
2026-08-18T10:55:11.717494+00:00 DEBUG 'ansible_navigator.main' urllib3==1.26.5 /usr/lib/python3.9/site-packages/urllib3/__init__.py
2026-08-18T10:55:11.717510+00:00 DEBUG 'ansible_navigator.main' wcmatch==10.1 /home/devops/.local/lib/python3.9/site-packages/wcmatch/__init__.py
2026-08-18T10:55:11.717526+00:00 DEBUG 'ansible_navigator.main' yamllint==1.37.1 /home/devops/.local/lib/python3.9/site-packages/yamllint/__init__.py
2026-08-18T10:55:11.717542+00:00 DEBUG 'ansible_navigator.main' zipp==3.23.1 /home/devops/.local/lib/python3.9/site-packages/zipp/__init__.py
2026-08-18T10:55:11.717560+00:00 DEBUG 'ansible_navigator.main' Default collection_doc_cache_path set to: /home/devops/.cache/ansible-navigator/collection_doc_cache.db
2026-08-18T10:55:11.717583+00:00 DEBUG 'ansible_navigator.main' EDITOR environment variable not set
2026-08-18T10:55:11.717598+00:00 DEBUG 'ansible_navigator.main' Default editor_command set to: vi +{line_number} {filename}
2026-08-18T10:55:11.717614+00:00 DEBUG 'ansible_navigator.main' No config file set by ANSIBLE_NAVIGATOR_CONFIG
2026-08-18T10:55:11.717630+00:00 DEBUG 'ansible_navigator.main' Looking in /home/devops
2026-08-18T10:55:11.717646+00:00 DEBUG 'ansible_navigator.main' Looking for '/home/devops/.ansible-navigator.yml', '/home/devops/.ansible-navigator.yaml' and '/home/devops/.ansible-navigator.json'
2026-08-18T10:55:11.717662+00:00 DEBUG 'ansible_navigator.main' Found 0: 
2026-08-18T10:55:11.717679+00:00 DEBUG 'ansible_navigator.main' Looking in /home/devops/ansible
2026-08-18T10:55:11.717757+00:00 DEBUG 'ansible_navigator.main' Looking for '/home/devops/ansible/ansible-navigator.yml', '/home/devops/ansible/ansible-navigator.yaml' and '/home/devops/ansible/ansible-navigator.json'
2026-08-18T10:55:11.717810+00:00 DEBUG 'ansible_navigator.main' Found 1: '/home/devops/ansible/ansible-navigator.yml'
2026-08-18T10:55:11.717830+00:00 DEBUG 'ansible_navigator.main' All found 1: '/home/devops/ansible/ansible-navigator.yml'
2026-08-18T10:55:11.717848+00:00 DEBUG 'ansible_navigator.main' Using: /home/devops/ansible/ansible-navigator.yml
2026-08-18T10:55:11.717865+00:00 DEBUG 'ansible_navigator.main' Using settings file at /home/devops/ansible/ansible-navigator.yml in search path
2026-08-18T10:55:11.717880+00:00 DEBUG 'ansible_navigator.main' Command provided: ''
2026-08-18T10:55:11.717901+00:00 WARNING 'ansible_navigator.main' Configuration errors encountered, rolling back to previous configuration.
2026-08-18T10:55:11.717919+00:00 DEBUG 'ansible_navigator.main' Prior to rollback: ansible_runner_artifact_dir = 'Not set' (Constants/Not set)
2026-08-18T10:55:11.717937+00:00 DEBUG 'ansible_navigator.main' Prior to rollback: ansible_runner_rotate_artifacts_count = 'Not set' (Constants/Not set)
2026-08-18T10:55:11.717953+00:00 DEBUG 'ansible_navigator.main' Prior to rollback: ansible_runner_timeout = 'Not set' (Constants/Not set)
2026-08-18T10:55:11.717969+00:00 DEBUG 'ansible_navigator.main' Prior to rollback: ansible_runner_write_job_events = 'False' (bool/Defaults)
2026-08-18T10:55:11.717986+00:00 DEBUG 'ansible_navigator.main' Prior to rollback: app = 'welcome' (str/Defaults)
2026-08-18T10:55:11.718001+00:00 DEBUG 'ansible_navigator.main' Prior to rollback: cmdline = 'Not set' (Constants/Not set)
2026-08-18T10:55:11.718018+00:00 DEBUG 'ansible_navigator.main' Prior to rollback: collection_doc_cache_path = '/home/devops/.cache/ansible-navigator/collection_doc_cache.db' (str/Defaults)
2026-08-18T10:55:11.718035+00:00 DEBUG 'ansible_navigator.main' Prior to rollback: config = 'Not set' (Constants/Not set)
2026-08-18T10:55:11.718051+00:00 DEBUG 'ansible_navigator.main' Prior to rollback: container_engine = 'auto' (str/Defaults)
2026-08-18T10:55:11.718067+00:00 DEBUG 'ansible_navigator.main' Prior to rollback: container_options = 'Not set' (Constants/Not set)
2026-08-18T10:55:11.718083+00:00 DEBUG 'ansible_navigator.main' Prior to rollback: display_color = 'True' (bool/Defaults)
2026-08-18T10:55:11.718099+00:00 DEBUG 'ansible_navigator.main' Prior to rollback: editor_command = 'vi +{line_number} {filename}' (str/Defaults)
2026-08-18T10:55:11.718115+00:00 DEBUG 'ansible_navigator.main' Prior to rollback: editor_console = 'True' (bool/Defaults)
2026-08-18T10:55:11.718130+00:00 DEBUG 'ansible_navigator.main' Prior to rollback: enable_prompts = 'False' (bool/Defaults)
2026-08-18T10:55:11.718146+00:00 DEBUG 'ansible_navigator.main' Prior to rollback: exec_command = '/bin/bash' (str/Defaults)
2026-08-18T10:55:11.718162+00:00 DEBUG 'ansible_navigator.main' Prior to rollback: exec_shell = 'True' (bool/Defaults)
2026-08-18T10:55:11.718178+00:00 DEBUG 'ansible_navigator.main' Prior to rollback: execution_environment = 'True' (bool/Defaults)
2026-08-18T10:55:11.718194+00:00 DEBUG 'ansible_navigator.main' Prior to rollback: execution_environment_image = 'ghcr.io/ansible/creator-ee:v0.22.0' (str/Defaults)
2026-08-18T10:55:11.718210+00:00 DEBUG 'ansible_navigator.main' Prior to rollback: execution_environment_volume_mounts = 'Not set' (Constants/Not set)
2026-08-18T10:55:11.718226+00:00 DEBUG 'ansible_navigator.main' Prior to rollback: format = 'yaml' (str/Defaults)
2026-08-18T10:55:11.718241+00:00 DEBUG 'ansible_navigator.main' Prior to rollback: help_builder = 'False' (bool/Defaults)
2026-08-18T10:55:11.718257+00:00 DEBUG 'ansible_navigator.main' Prior to rollback: help_config = 'False' (bool/Defaults)
2026-08-18T10:55:11.718273+00:00 DEBUG 'ansible_navigator.main' Prior to rollback: help_doc = 'False' (bool/Defaults)
2026-08-18T10:55:11.718292+00:00 DEBUG 'ansible_navigator.main' Prior to rollback: help_inventory = 'False' (bool/Defaults)
2026-08-18T10:55:11.718387+00:00 DEBUG 'ansible_navigator.main' Prior to rollback: help_playbook = 'False' (bool/Defaults)
2026-08-18T10:55:11.718422+00:00 DEBUG 'ansible_navigator.main' Prior to rollback: images_details = '['everything']' (list/Defaults)
2026-08-18T10:55:11.718441+00:00 DEBUG 'ansible_navigator.main' Prior to rollback: inventory = 'Not set' (Constants/Not set)
2026-08-18T10:55:11.718458+00:00 DEBUG 'ansible_navigator.main' Prior to rollback: inventory_column = 'Not set' (Constants/Not set)
2026-08-18T10:55:11.718474+00:00 DEBUG 'ansible_navigator.main' Prior to rollback: lint_config = 'Not set' (Constants/Not set)
2026-08-18T10:55:11.718490+00:00 DEBUG 'ansible_navigator.main' Prior to rollback: lintables = 'Not set' (Constants/Not set)
2026-08-18T10:55:11.718506+00:00 DEBUG 'ansible_navigator.main' Prior to rollback: log_append = 'True' (bool/Defaults)
2026-08-18T10:55:11.718522+00:00 DEBUG 'ansible_navigator.main' Prior to rollback: log_file = '/home/devops/ansible/ansible-navigator.log' (str/Defaults)
2026-08-18T10:55:11.718538+00:00 DEBUG 'ansible_navigator.main' Prior to rollback: log_level = 'warning' (str/Defaults)
2026-08-18T10:55:11.718554+00:00 DEBUG 'ansible_navigator.main' Prior to rollback: mode = 'interactive' (str/Defaults)
2026-08-18T10:55:11.718570+00:00 DEBUG 'ansible_navigator.main' Prior to rollback: osc4 = 'True' (bool/Defaults)
2026-08-18T10:55:11.718585+00:00 DEBUG 'ansible_navigator.main' Prior to rollback: pass_environment_variable = 'Not set' (Constants/Not set)
2026-08-18T10:55:11.718601+00:00 DEBUG 'ansible_navigator.main' Prior to rollback: playbook = 'Not set' (Constants/Not set)
2026-08-18T10:55:11.718617+00:00 DEBUG 'ansible_navigator.main' Prior to rollback: playbook_artifact_enable = 'True' (bool/Defaults)
2026-08-18T10:55:11.718633+00:00 DEBUG 'ansible_navigator.main' Prior to rollback: playbook_artifact_replay = 'Not set' (Constants/Not set)
2026-08-18T10:55:11.718649+00:00 DEBUG 'ansible_navigator.main' Prior to rollback: playbook_artifact_save_as = '{playbook_dir}/{playbook_name}-artifact-{time_stamp}.json' (str/Defaults)
2026-08-18T10:55:11.718665+00:00 DEBUG 'ansible_navigator.main' Prior to rollback: plugin_name = 'Not set' (Constants/Not set)
2026-08-18T10:55:11.718681+00:00 DEBUG 'ansible_navigator.main' Prior to rollback: plugin_type = 'module' (str/Defaults)
2026-08-18T10:55:11.718697+00:00 DEBUG 'ansible_navigator.main' Prior to rollback: pull_arguments = 'Not set' (Constants/Not set)
2026-08-18T10:55:11.718713+00:00 DEBUG 'ansible_navigator.main' Prior to rollback: pull_policy = 'tag' (str/Defaults)
2026-08-18T10:55:11.718729+00:00 DEBUG 'ansible_navigator.main' Prior to rollback: set_environment_variable = 'Not set' (Constants/Not set)
2026-08-18T10:55:11.718744+00:00 DEBUG 'ansible_navigator.main' Prior to rollback: settings_effective = 'False' (bool/Defaults)
2026-08-18T10:55:11.718760+00:00 DEBUG 'ansible_navigator.main' Prior to rollback: settings_sample = 'False' (bool/Defaults)
2026-08-18T10:55:11.718775+00:00 DEBUG 'ansible_navigator.main' Prior to rollback: settings_schema = 'json' (str/Defaults)
2026-08-18T10:55:11.718791+00:00 DEBUG 'ansible_navigator.main' Prior to rollback: settings_sources = 'False' (bool/Defaults)
2026-08-18T10:55:11.718807+00:00 DEBUG 'ansible_navigator.main' Prior to rollback: time_zone = 'UTC' (str/Defaults)
2026-08-18T10:55:11.718822+00:00 DEBUG 'ansible_navigator.main' Prior to rollback: workdir = '/home/devops/ansible' (str/Defaults)
2026-08-18T10:55:11.718838+00:00 DEBUG 'ansible_navigator.main' After rollback: ansible_runner_artifact_dir = 'Not set' (Constants/Not set)
2026-08-18T10:55:11.718854+00:00 DEBUG 'ansible_navigator.main' After rollback: ansible_runner_rotate_artifacts_count = 'Not set' (Constants/Not set)
2026-08-18T10:55:11.718870+00:00 DEBUG 'ansible_navigator.main' After rollback: ansible_runner_timeout = 'Not set' (Constants/Not set)
2026-08-18T10:55:11.718886+00:00 DEBUG 'ansible_navigator.main' After rollback: ansible_runner_write_job_events = 'Not set' (Constants/Not set)
2026-08-18T10:55:11.718937+00:00 DEBUG 'ansible_navigator.main' After rollback: app = 'Not set' (Constants/Not set)
2026-08-18T10:55:11.718969+00:00 DEBUG 'ansible_navigator.main' After rollback: cmdline = 'Not set' (Constants/Not set)
2026-08-18T10:55:11.718988+00:00 DEBUG 'ansible_navigator.main' After rollback: collection_doc_cache_path = 'Not set' (Constants/Not set)
2026-08-18T10:55:11.719005+00:00 DEBUG 'ansible_navigator.main' After rollback: config = 'Not set' (Constants/Not set)
2026-08-18T10:55:11.719021+00:00 DEBUG 'ansible_navigator.main' After rollback: container_engine = 'Not set' (Constants/Not set)
2026-08-18T10:55:11.719070+00:00 DEBUG 'ansible_navigator.main' After rollback: container_options = 'Not set' (Constants/Not set)
2026-08-18T10:55:11.719094+00:00 DEBUG 'ansible_navigator.main' After rollback: display_color = 'Not set' (Constants/Not set)
2026-08-18T10:55:11.719111+00:00 DEBUG 'ansible_navigator.main' After rollback: editor_command = 'Not set' (Constants/Not set)
2026-08-18T10:55:11.719128+00:00 DEBUG 'ansible_navigator.main' After rollback: editor_console = 'Not set' (Constants/Not set)
2026-08-18T10:55:11.719144+00:00 DEBUG 'ansible_navigator.main' After rollback: enable_prompts = 'Not set' (Constants/Not set)
2026-08-18T10:55:11.719160+00:00 DEBUG 'ansible_navigator.main' After rollback: exec_command = 'Not set' (Constants/Not set)
2026-08-18T10:55:11.719176+00:00 DEBUG 'ansible_navigator.main' After rollback: exec_shell = 'Not set' (Constants/Not set)
2026-08-18T10:55:11.719192+00:00 DEBUG 'ansible_navigator.main' After rollback: execution_environment = 'Not set' (Constants/Not set)
2026-08-18T10:55:11.719208+00:00 DEBUG 'ansible_navigator.main' After rollback: execution_environment_image = 'Not set' (Constants/Not set)
2026-08-18T10:55:11.719224+00:00 DEBUG 'ansible_navigator.main' After rollback: execution_environment_volume_mounts = 'Not set' (Constants/Not set)
2026-08-18T10:55:11.719241+00:00 DEBUG 'ansible_navigator.main' After rollback: format = 'Not set' (Constants/Not set)
2026-08-18T10:55:11.719259+00:00 DEBUG 'ansible_navigator.main' After rollback: help_builder = 'Not set' (Constants/Not set)
2026-08-18T10:55:11.719275+00:00 DEBUG 'ansible_navigator.main' After rollback: help_config = 'Not set' (Constants/Not set)
2026-08-18T10:55:11.719296+00:00 DEBUG 'ansible_navigator.main' After rollback: help_doc = 'Not set' (Constants/Not set)
2026-08-18T10:55:11.719347+00:00 DEBUG 'ansible_navigator.main' After rollback: help_inventory = 'Not set' (Constants/Not set)
2026-08-18T10:55:11.719378+00:00 DEBUG 'ansible_navigator.main' After rollback: help_playbook = 'Not set' (Constants/Not set)
2026-08-18T10:55:11.719407+00:00 DEBUG 'ansible_navigator.main' After rollback: images_details = 'Not set' (Constants/Not set)
2026-08-18T10:55:11.719445+00:00 DEBUG 'ansible_navigator.main' After rollback: inventory = 'Not set' (Constants/Not set)
2026-08-18T10:55:11.719483+00:00 DEBUG 'ansible_navigator.main' After rollback: inventory_column = 'Not set' (Constants/Not set)
2026-08-18T10:55:11.719529+00:00 DEBUG 'ansible_navigator.main' After rollback: lint_config = 'Not set' (Constants/Not set)
2026-08-18T10:55:11.719562+00:00 DEBUG 'ansible_navigator.main' After rollback: lintables = 'Not set' (Constants/Not set)
2026-08-18T10:55:11.719606+00:00 DEBUG 'ansible_navigator.main' After rollback: log_append = 'Not set' (Constants/Not set)
2026-08-18T10:55:11.719634+00:00 DEBUG 'ansible_navigator.main' After rollback: log_file = 'Not set' (Constants/Not set)
2026-08-18T10:55:11.719658+00:00 DEBUG 'ansible_navigator.main' After rollback: log_level = 'Not set' (Constants/Not set)
2026-08-18T10:55:11.719681+00:00 DEBUG 'ansible_navigator.main' After rollback: mode = 'Not set' (Constants/Not set)
2026-08-18T10:55:11.719706+00:00 DEBUG 'ansible_navigator.main' After rollback: osc4 = 'Not set' (Constants/Not set)
2026-08-18T10:55:11.719751+00:00 DEBUG 'ansible_navigator.main' After rollback: pass_environment_variable = 'Not set' (Constants/Not set)
2026-08-18T10:55:11.719798+00:00 DEBUG 'ansible_navigator.main' After rollback: playbook = 'Not set' (Constants/Not set)
2026-08-18T10:55:11.719885+00:00 DEBUG 'ansible_navigator.main' After rollback: playbook_artifact_enable = 'Not set' (Constants/Not set)
2026-08-18T10:55:11.719918+00:00 DEBUG 'ansible_navigator.main' After rollback: playbook_artifact_replay = 'Not set' (Constants/Not set)
2026-08-18T10:55:11.719938+00:00 DEBUG 'ansible_navigator.main' After rollback: playbook_artifact_save_as = 'Not set' (Constants/Not set)
2026-08-18T10:55:11.719955+00:00 DEBUG 'ansible_navigator.main' After rollback: plugin_name = 'Not set' (Constants/Not set)
2026-08-18T10:55:11.719971+00:00 DEBUG 'ansible_navigator.main' After rollback: plugin_type = 'Not set' (Constants/Not set)
2026-08-18T10:55:11.719987+00:00 DEBUG 'ansible_navigator.main' After rollback: pull_arguments = 'Not set' (Constants/Not set)
2026-08-18T10:55:11.720003+00:00 DEBUG 'ansible_navigator.main' After rollback: pull_policy = 'Not set' (Constants/Not set)
2026-08-18T10:55:11.720019+00:00 DEBUG 'ansible_navigator.main' After rollback: set_environment_variable = 'Not set' (Constants/Not set)
2026-08-18T10:55:11.720035+00:00 DEBUG 'ansible_navigator.main' After rollback: settings_effective = 'Not set' (Constants/Not set)
2026-08-18T10:55:11.720051+00:00 DEBUG 'ansible_navigator.main' After rollback: settings_sample = 'Not set' (Constants/Not set)
2026-08-18T10:55:11.720067+00:00 DEBUG 'ansible_navigator.main' After rollback: settings_schema = 'Not set' (Constants/Not set)
2026-08-18T10:55:11.720083+00:00 DEBUG 'ansible_navigator.main' After rollback: settings_sources = 'Not set' (Constants/Not set)
2026-08-18T10:55:11.720098+00:00 DEBUG 'ansible_navigator.main' After rollback: time_zone = 'Not set' (Constants/Not set)
2026-08-18T10:55:11.720114+00:00 DEBUG 'ansible_navigator.main' After rollback: workdir = 'Not set' (Constants/Not set)
2026-08-18T10:55:11.720131+00:00 DEBUG 'ansible_navigator.main' Configuration rollback complete.
2026-08-18T10:55:11.720147+00:00 DEBUG 'ansible_navigator.main' Collection doc cache not mounted
2026-08-18T10:55:11.720176+00:00 WARNING 'ansible_navigator.main' Issues were found while applying the settings.
2026-08-18T10:55:11.720196+00:00 INFO 'ansible_navigator.main' Command provided: ''
2026-08-18T10:55:11.720219+00:00 ERROR 'ansible_navigator.main' The following errors were found in the settings file (/home/devops/ansible/ansible-navigator.yml):
2026-08-18T10:55:11.720240+00:00 ERROR 'ansible_navigator.main' In 'ansible-navigator.execution-environment': Additional properties are not allowed ('policy' was unexpected).
2026-08-18T10:55:11.720261+00:00 INFO 'ansible_navigator.main' Check the settings file and compare it to the current version.
2026-08-18T10:55:11.720279+00:00 INFO 'ansible_navigator.main' The current version can be found here: (https://ansible-navigator.readthedocs.io/en/latest/settings/#ansible-navigator-settings)
2026-08-18T10:55:11.720305+00:00 INFO 'ansible_navigator.main' The schema used for validation can be seen with 'ansible-navigator settings --schema'
2026-08-18T10:55:11.720324+00:00 INFO 'ansible_navigator.main' A sample settings file can be created with 'ansible-navigator settings --sample'
2026-08-18T10:55:11.720342+00:00 INFO 'ansible_navigator.main' Configuration failed, using default log file location. (/home/devops/ansible/ansible-navigator.log) Log level set to debug
2026-08-18T10:55:11.720360+00:00 INFO 'ansible_navigator.main' Review the hints and log file to see what went wrong.
2026-08-18T12:36:33.327022+00:00 INFO 'ansible_navigator.setup_logger' New ansible-navigator instance, logging initialized
2026-08-18T12:36:33.327600+00:00 INFO 'ansible_navigator.setup_logger' New ansible-runner instance, logging initialized
2026-08-18T12:36:33.327652+00:00 DEBUG 'ansible_navigator.main' Jinja2==3.1.6 
2026-08-18T12:36:33.327673+00:00 DEBUG 'ansible_navigator.main' MarkupSafe==3.0.3 
2026-08-18T12:36:33.327691+00:00 DEBUG 'ansible_navigator.main' Parsley==1.3 
2026-08-18T12:36:33.327707+00:00 DEBUG 'ansible_navigator.main' PySocks==1.7.1 
2026-08-18T12:36:33.327736+00:00 DEBUG 'ansible_navigator.main' PyYAML==5.4.1 
2026-08-18T12:36:33.327754+00:00 DEBUG 'ansible_navigator.main' Pygments==2.21.0 
2026-08-18T12:36:33.327769+00:00 DEBUG 'ansible_navigator.main' ansible-builder==3.1.1 
2026-08-18T12:36:33.327785+00:00 DEBUG 'ansible_navigator.main' ansible-compat==24.10.0 
2026-08-18T12:36:33.327801+00:00 DEBUG 'ansible_navigator.main' ansible-core==2.14.18 
2026-08-18T12:36:33.327816+00:00 DEBUG 'ansible_navigator.main' ansible-lint==6.22.2 
2026-08-18T12:36:33.327832+00:00 DEBUG 'ansible_navigator.main' ansible-navigator==24.2.0 
2026-08-18T12:36:33.327847+00:00 DEBUG 'ansible_navigator.main' ansible-runner==2.4.3 
2026-08-18T12:36:33.327863+00:00 DEBUG 'ansible_navigator.main' argcomplete==1.12.0 /usr/lib/python3.9/site-packages/argcomplete/__init__.py
2026-08-18T12:36:33.327879+00:00 DEBUG 'ansible_navigator.main' attrs==26.1.0 /home/devops/.local/lib/python3.9/site-packages/attrs/__init__.py
2026-08-18T12:36:33.327894+00:00 DEBUG 'ansible_navigator.main' bindep==2.14.0 /home/devops/.local/lib/python3.9/site-packages/bindep/__init__.py
2026-08-18T12:36:33.327910+00:00 DEBUG 'ansible_navigator.main' black==25.11.0 /home/devops/.local/lib/python3.9/site-packages/black/__init__.cpython-39-x86_64-linux-gnu.so
2026-08-18T12:36:33.327926+00:00 DEBUG 'ansible_navigator.main' bracex==2.6 /home/devops/.local/lib/python3.9/site-packages/bracex/__init__.py
2026-08-18T12:36:33.327941+00:00 DEBUG 'ansible_navigator.main' cffi==1.14.5 /usr/lib64/python3.9/site-packages/cffi/__init__.py
2026-08-18T12:36:33.327956+00:00 DEBUG 'ansible_navigator.main' chardet==4.0.0 /usr/lib/python3.9/site-packages/chardet/__init__.py
2026-08-18T12:36:33.327972+00:00 DEBUG 'ansible_navigator.main' click==8.1.8 /home/devops/.local/lib/python3.9/site-packages/click/__init__.py
2026-08-18T12:36:33.327987+00:00 DEBUG 'ansible_navigator.main' cockpit==356.2 /usr/lib/python3.9/site-packages/cockpit/__init__.py
2026-08-18T12:36:33.328003+00:00 DEBUG 'ansible_navigator.main' cryptography==36.0.1 /usr/lib64/python3.9/site-packages/cryptography/__init__.py
2026-08-18T12:36:33.328018+00:00 DEBUG 'ansible_navigator.main' dasbus==1.7 /usr/lib/python3.9/site-packages/dasbus/__init__.py
2026-08-18T12:36:33.328034+00:00 DEBUG 'ansible_navigator.main' dbus-python==1.2.18 
2026-08-18T12:36:33.328050+00:00 DEBUG 'ansible_navigator.main' decorator==4.4.2 /usr/lib/python3.9/site-packages/decorator.py
2026-08-18T12:36:33.328072+00:00 DEBUG 'ansible_navigator.main' distro==1.9.0 /home/devops/.local/lib/python3.9/site-packages/distro/__init__.py
2026-08-18T12:36:33.328097+00:00 DEBUG 'ansible_navigator.main' file-magic==0.4.0 
2026-08-18T12:36:33.328116+00:00 DEBUG 'ansible_navigator.main' filelock==3.19.1 /home/devops/.local/lib/python3.9/site-packages/filelock/__init__.py
2026-08-18T12:36:33.328133+00:00 DEBUG 'ansible_navigator.main' idna==2.10 /usr/lib/python3.9/site-packages/idna/__init__.py
2026-08-18T12:36:33.328148+00:00 DEBUG 'ansible_navigator.main' importlib-metadata==6.2.1 
2026-08-18T12:36:33.328197+00:00 DEBUG 'ansible_navigator.main' iniparse==0.4 /usr/lib/python3.9/site-packages/iniparse/__init__.py
2026-08-18T12:36:33.328226+00:00 DEBUG 'ansible_navigator.main' insights-core==3.7.8 
2026-08-18T12:36:33.328245+00:00 DEBUG 'ansible_navigator.main' jsonschema-specifications==2025.9.1 
2026-08-18T12:36:33.328263+00:00 DEBUG 'ansible_navigator.main' jsonschema==4.25.1 /home/devops/.local/lib/python3.9/site-packages/jsonschema/__init__.py
2026-08-18T12:36:33.328279+00:00 DEBUG 'ansible_navigator.main' lockfile==0.12.2 /home/devops/.local/lib/python3.9/site-packages/lockfile/__init__.py
2026-08-18T12:36:33.328295+00:00 DEBUG 'ansible_navigator.main' lxml==4.6.5 /usr/lib64/python3.9/site-packages/lxml/__init__.py
2026-08-18T12:36:33.328311+00:00 DEBUG 'ansible_navigator.main' markdown-it-py==3.0.0 
2026-08-18T12:36:33.328327+00:00 DEBUG 'ansible_navigator.main' mdurl==0.1.2 /home/devops/.local/lib/python3.9/site-packages/mdurl/__init__.py
2026-08-18T12:36:33.328342+00:00 DEBUG 'ansible_navigator.main' mypy_extensions==1.1.0 /home/devops/.local/lib/python3.9/site-packages/mypy_extensions.py
2026-08-18T12:36:33.328364+00:00 DEBUG 'ansible_navigator.main' nftables==0.1 /usr/lib/python3.9/site-packages/nftables/__init__.py
2026-08-18T12:36:33.328381+00:00 DEBUG 'ansible_navigator.main' onigurumacffi==1.4.1 /home/devops/.local/lib/python3.9/site-packages/onigurumacffi.py
2026-08-18T12:36:33.328397+00:00 DEBUG 'ansible_navigator.main' packaging==26.3 /home/devops/.local/lib/python3.9/site-packages/packaging/__init__.py
2026-08-18T12:36:33.328413+00:00 DEBUG 'ansible_navigator.main' pathspec==1.1.1 /home/devops/.local/lib/python3.9/site-packages/pathspec/__init__.py
2026-08-18T12:36:33.328428+00:00 DEBUG 'ansible_navigator.main' pbr==7.0.3 /home/devops/.local/lib/python3.9/site-packages/pbr/__init__.py
2026-08-18T12:36:33.328443+00:00 DEBUG 'ansible_navigator.main' perf==0.1 /usr/lib64/python3.9/site-packages/perf.cpython-39-x86_64-linux-gnu.so
2026-08-18T12:36:33.328459+00:00 DEBUG 'ansible_navigator.main' pip==21.3.1 /usr/lib/python3.9/site-packages/pip/__init__.py
2026-08-18T12:36:33.328474+00:00 DEBUG 'ansible_navigator.main' platformdirs==4.4.0 /home/devops/.local/lib/python3.9/site-packages/platformdirs/__init__.py
2026-08-18T12:36:33.328490+00:00 DEBUG 'ansible_navigator.main' ply==3.11 /usr/lib/python3.9/site-packages/ply/__init__.py
2026-08-18T12:36:33.328505+00:00 DEBUG 'ansible_navigator.main' psutil==5.8.0 /usr/lib64/python3.9/site-packages/psutil/__init__.py
2026-08-18T12:36:33.328521+00:00 DEBUG 'ansible_navigator.main' pycairo==1.20.1 
2026-08-18T12:36:33.328536+00:00 DEBUG 'ansible_navigator.main' pycparser==2.20 /usr/lib/python3.9/site-packages/pycparser/__init__.py
2026-08-18T12:36:33.328551+00:00 DEBUG 'ansible_navigator.main' pyinotify==0.9.6 /usr/lib/python3.9/site-packages/pyinotify.py
2026-08-18T12:36:33.328567+00:00 DEBUG 'ansible_navigator.main' pyparsing==2.4.7 /usr/lib/python3.9/site-packages/pyparsing.py
2026-08-18T12:36:33.328582+00:00 DEBUG 'ansible_navigator.main' python-daemon==3.1.2 
2026-08-18T12:36:33.328597+00:00 DEBUG 'ansible_navigator.main' python-dateutil==2.9.0.post0 
2026-08-18T12:36:33.328613+00:00 DEBUG 'ansible_navigator.main' python-linux-procfs==0.7.4 
2026-08-18T12:36:33.328628+00:00 DEBUG 'ansible_navigator.main' pytokens==0.4.1 /home/devops/.local/lib/python3.9/site-packages/pytokens/__init__.cpython-39-x86_64-linux-gnu.so
2026-08-18T12:36:33.328645+00:00 DEBUG 'ansible_navigator.main' pyudev==0.22.0 /usr/lib/python3.9/site-packages/pyudev/__init__.py
2026-08-18T12:36:33.328661+00:00 DEBUG 'ansible_navigator.main' referencing==0.36.2 /home/devops/.local/lib/python3.9/site-packages/referencing/__init__.py
2026-08-18T12:36:33.328676+00:00 DEBUG 'ansible_navigator.main' requests==2.25.1 /usr/lib/python3.9/site-packages/requests/__init__.py
2026-08-18T12:36:33.328692+00:00 DEBUG 'ansible_navigator.main' resolvelib==0.5.4 /usr/lib/python3.9/site-packages/resolvelib/__init__.py
2026-08-18T12:36:33.328710+00:00 DEBUG 'ansible_navigator.main' rich==15.0.0 /home/devops/.local/lib/python3.9/site-packages/rich/__init__.py
2026-08-18T12:36:33.328725+00:00 DEBUG 'ansible_navigator.main' rpds-py==0.27.1 
2026-08-18T12:36:33.328741+00:00 DEBUG 'ansible_navigator.main' ruamel.yaml==0.19.1 /home/devops/.local/lib/python3.9/site-packages/ruamel/yaml/__init__.py
2026-08-18T12:36:33.328757+00:00 DEBUG 'ansible_navigator.main' selinux==3.6 /usr/lib64/python3.9/site-packages/selinux/__init__.py
2026-08-18T12:36:33.328772+00:00 DEBUG 'ansible_navigator.main' sepolicy==3.6 /usr/lib/python3.9/site-packages/sepolicy/__init__.py
2026-08-18T12:36:33.328788+00:00 DEBUG 'ansible_navigator.main' setools==4.4.4 /usr/lib64/python3.9/site-packages/setools/__init__.py
2026-08-18T12:36:33.328803+00:00 DEBUG 'ansible_navigator.main' setroubleshoot==3.3.33 /usr/lib/python3.9/site-packages/setroubleshoot/__init__.py
2026-08-18T12:36:33.328818+00:00 DEBUG 'ansible_navigator.main' setuptools==53.0.0 /usr/lib/python3.9/site-packages/setuptools/__init__.py
2026-08-18T12:36:33.328833+00:00 DEBUG 'ansible_navigator.main' six==1.15.0 /usr/lib/python3.9/site-packages/six.py
2026-08-18T12:36:33.328856+00:00 DEBUG 'ansible_navigator.main' sos==4.11.0 /usr/lib/python3.9/site-packages/sos/__init__.py
2026-08-18T12:36:33.328877+00:00 DEBUG 'ansible_navigator.main' subprocess-tee==0.4.2 
2026-08-18T12:36:33.328893+00:00 DEBUG 'ansible_navigator.main' subscription-manager==1.29.50 
2026-08-18T12:36:33.328908+00:00 DEBUG 'ansible_navigator.main' tomli==2.4.1 /home/devops/.local/lib/python3.9/site-packages/tomli/__init__.py
2026-08-18T12:36:33.328923+00:00 DEBUG 'ansible_navigator.main' typing_extensions==4.16.0 /home/devops/.local/lib/python3.9/site-packages/typing_extensions.py
2026-08-18T12:36:33.328938+00:00 DEBUG 'ansible_navigator.main' tzdata==2026.3 /home/devops/.local/lib/python3.9/site-packages/tzdata/__init__.py
2026-08-18T12:36:33.328954+00:00 DEBUG 'ansible_navigator.main' urllib3==1.26.5 /usr/lib/python3.9/site-packages/urllib3/__init__.py
2026-08-18T12:36:33.328969+00:00 DEBUG 'ansible_navigator.main' wcmatch==10.1 /home/devops/.local/lib/python3.9/site-packages/wcmatch/__init__.py
2026-08-18T12:36:33.328984+00:00 DEBUG 'ansible_navigator.main' yamllint==1.37.1 /home/devops/.local/lib/python3.9/site-packages/yamllint/__init__.py
2026-08-18T12:36:33.329000+00:00 DEBUG 'ansible_navigator.main' zipp==3.23.1 /home/devops/.local/lib/python3.9/site-packages/zipp/__init__.py
2026-08-18T12:36:33.329016+00:00 DEBUG 'ansible_navigator.main' Default collection_doc_cache_path set to: /home/devops/.cache/ansible-navigator/collection_doc_cache.db
2026-08-18T12:36:33.329032+00:00 DEBUG 'ansible_navigator.main' EDITOR environment variable not set
2026-08-18T12:36:33.329048+00:00 DEBUG 'ansible_navigator.main' Default editor_command set to: vi +{line_number} {filename}
2026-08-18T12:36:33.329063+00:00 DEBUG 'ansible_navigator.main' No config file set by ANSIBLE_NAVIGATOR_CONFIG
2026-08-18T12:36:33.329079+00:00 DEBUG 'ansible_navigator.main' Looking in /home/devops
2026-08-18T12:36:33.329100+00:00 DEBUG 'ansible_navigator.main' Looking for '/home/devops/.ansible-navigator.yml', '/home/devops/.ansible-navigator.yaml' and '/home/devops/.ansible-navigator.json'
2026-08-18T12:36:33.329132+00:00 DEBUG 'ansible_navigator.main' Found 0: 
2026-08-18T12:36:33.329179+00:00 DEBUG 'ansible_navigator.main' Looking in /home/devops/ansible
2026-08-18T12:36:33.329211+00:00 DEBUG 'ansible_navigator.main' Looking for '/home/devops/ansible/ansible-navigator.yml', '/home/devops/ansible/ansible-navigator.yaml' and '/home/devops/ansible/ansible-navigator.json'
2026-08-18T12:36:33.329242+00:00 DEBUG 'ansible_navigator.main' Found 1: '/home/devops/ansible/ansible-navigator.yml'
2026-08-18T12:36:33.329281+00:00 DEBUG 'ansible_navigator.main' All found 1: '/home/devops/ansible/ansible-navigator.yml'
2026-08-18T12:36:33.329323+00:00 DEBUG 'ansible_navigator.main' Using: /home/devops/ansible/ansible-navigator.yml
2026-08-18T12:36:33.329366+00:00 DEBUG 'ansible_navigator.main' Using settings file at /home/devops/ansible/ansible-navigator.yml in search path
2026-08-18T12:36:33.329403+00:00 DEBUG 'ansible_navigator.main' Command provided: ''
2026-08-18T12:36:33.329458+00:00 WARNING 'ansible_navigator.main' Configuration errors encountered, rolling back to previous configuration.
2026-08-18T12:36:33.329505+00:00 DEBUG 'ansible_navigator.main' Prior to rollback: ansible_runner_artifact_dir = 'Not set' (Constants/Not set)
2026-08-18T12:36:33.329548+00:00 DEBUG 'ansible_navigator.main' Prior to rollback: ansible_runner_rotate_artifacts_count = 'Not set' (Constants/Not set)
2026-08-18T12:36:33.329590+00:00 DEBUG 'ansible_navigator.main' Prior to rollback: ansible_runner_timeout = 'Not set' (Constants/Not set)
2026-08-18T12:36:33.329636+00:00 DEBUG 'ansible_navigator.main' Prior to rollback: ansible_runner_write_job_events = 'False' (bool/Defaults)
2026-08-18T12:36:33.329681+00:00 DEBUG 'ansible_navigator.main' Prior to rollback: app = 'welcome' (str/Defaults)
2026-08-18T12:36:33.329721+00:00 DEBUG 'ansible_navigator.main' Prior to rollback: cmdline = 'Not set' (Constants/Not set)
2026-08-18T12:36:33.329761+00:00 DEBUG 'ansible_navigator.main' Prior to rollback: collection_doc_cache_path = '/home/devops/.cache/ansible-navigator/collection_doc_cache.db' (str/Defaults)
2026-08-18T12:36:33.329808+00:00 DEBUG 'ansible_navigator.main' Prior to rollback: config = 'Not set' (Constants/Not set)
2026-08-18T12:36:33.329854+00:00 DEBUG 'ansible_navigator.main' Prior to rollback: container_engine = 'auto' (str/Defaults)
2026-08-18T12:36:33.329884+00:00 DEBUG 'ansible_navigator.main' Prior to rollback: container_options = 'Not set' (Constants/Not set)
2026-08-18T12:36:33.329911+00:00 DEBUG 'ansible_navigator.main' Prior to rollback: display_color = 'True' (bool/Defaults)
2026-08-18T12:36:33.329931+00:00 DEBUG 'ansible_navigator.main' Prior to rollback: editor_command = 'vi +{line_number} {filename}' (str/Defaults)
2026-08-18T12:36:33.329948+00:00 DEBUG 'ansible_navigator.main' Prior to rollback: editor_console = 'True' (bool/Defaults)
2026-08-18T12:36:33.329972+00:00 DEBUG 'ansible_navigator.main' Prior to rollback: enable_prompts = 'False' (bool/Defaults)
2026-08-18T12:36:33.329988+00:00 DEBUG 'ansible_navigator.main' Prior to rollback: exec_command = '/bin/bash' (str/Defaults)
2026-08-18T12:36:33.330003+00:00 DEBUG 'ansible_navigator.main' Prior to rollback: exec_shell = 'True' (bool/Defaults)
2026-08-18T12:36:33.330019+00:00 DEBUG 'ansible_navigator.main' Prior to rollback: execution_environment = 'True' (bool/Defaults)
2026-08-18T12:36:33.330034+00:00 DEBUG 'ansible_navigator.main' Prior to rollback: execution_environment_image = 'ghcr.io/ansible/creator-ee:v0.22.0' (str/Defaults)
2026-08-18T12:36:33.330050+00:00 DEBUG 'ansible_navigator.main' Prior to rollback: execution_environment_volume_mounts = 'Not set' (Constants/Not set)
2026-08-18T12:36:33.330066+00:00 DEBUG 'ansible_navigator.main' Prior to rollback: format = 'yaml' (str/Defaults)
2026-08-18T12:36:33.330081+00:00 DEBUG 'ansible_navigator.main' Prior to rollback: help_builder = 'False' (bool/Defaults)
2026-08-18T12:36:33.330096+00:00 DEBUG 'ansible_navigator.main' Prior to rollback: help_config = 'False' (bool/Defaults)
2026-08-18T12:36:33.330114+00:00 DEBUG 'ansible_navigator.main' Prior to rollback: help_doc = 'False' (bool/Defaults)
2026-08-18T12:36:33.330150+00:00 DEBUG 'ansible_navigator.main' Prior to rollback: help_inventory = 'False' (bool/Defaults)
2026-08-18T12:36:33.330240+00:00 DEBUG 'ansible_navigator.main' Prior to rollback: help_playbook = 'False' (bool/Defaults)
2026-08-18T12:36:33.330278+00:00 DEBUG 'ansible_navigator.main' Prior to rollback: images_details = '['everything']' (list/Defaults)
2026-08-18T12:36:33.330296+00:00 DEBUG 'ansible_navigator.main' Prior to rollback: inventory = 'Not set' (Constants/Not set)
2026-08-18T12:36:33.330313+00:00 DEBUG 'ansible_navigator.main' Prior to rollback: inventory_column = 'Not set' (Constants/Not set)
2026-08-18T12:36:33.330329+00:00 DEBUG 'ansible_navigator.main' Prior to rollback: lint_config = 'Not set' (Constants/Not set)
2026-08-18T12:36:33.330345+00:00 DEBUG 'ansible_navigator.main' Prior to rollback: lintables = 'Not set' (Constants/Not set)
2026-08-18T12:36:33.330360+00:00 DEBUG 'ansible_navigator.main' Prior to rollback: log_append = 'True' (bool/Defaults)
2026-08-18T12:36:33.330376+00:00 DEBUG 'ansible_navigator.main' Prior to rollback: log_file = '/home/devops/ansible/ansible-navigator.log' (str/Defaults)
2026-08-18T12:36:33.330391+00:00 DEBUG 'ansible_navigator.main' Prior to rollback: log_level = 'warning' (str/Defaults)
2026-08-18T12:36:33.330406+00:00 DEBUG 'ansible_navigator.main' Prior to rollback: mode = 'interactive' (str/Defaults)
2026-08-18T12:36:33.330421+00:00 DEBUG 'ansible_navigator.main' Prior to rollback: osc4 = 'True' (bool/Defaults)
2026-08-18T12:36:33.330436+00:00 DEBUG 'ansible_navigator.main' Prior to rollback: pass_environment_variable = 'Not set' (Constants/Not set)
2026-08-18T12:36:33.330451+00:00 DEBUG 'ansible_navigator.main' Prior to rollback: playbook = 'Not set' (Constants/Not set)
2026-08-18T12:36:33.330467+00:00 DEBUG 'ansible_navigator.main' Prior to rollback: playbook_artifact_enable = 'True' (bool/Defaults)
2026-08-18T12:36:33.330492+00:00 DEBUG 'ansible_navigator.main' Prior to rollback: playbook_artifact_replay = 'Not set' (Constants/Not set)
2026-08-18T12:36:33.330509+00:00 DEBUG 'ansible_navigator.main' Prior to rollback: playbook_artifact_save_as = '{playbook_dir}/{playbook_name}-artifact-{time_stamp}.json' (str/Defaults)
2026-08-18T12:36:33.330525+00:00 DEBUG 'ansible_navigator.main' Prior to rollback: plugin_name = 'Not set' (Constants/Not set)
2026-08-18T12:36:33.330541+00:00 DEBUG 'ansible_navigator.main' Prior to rollback: plugin_type = 'module' (str/Defaults)
2026-08-18T12:36:33.330556+00:00 DEBUG 'ansible_navigator.main' Prior to rollback: pull_arguments = 'Not set' (Constants/Not set)
2026-08-18T12:36:33.330572+00:00 DEBUG 'ansible_navigator.main' Prior to rollback: pull_policy = 'tag' (str/Defaults)
2026-08-18T12:36:33.330587+00:00 DEBUG 'ansible_navigator.main' Prior to rollback: set_environment_variable = 'Not set' (Constants/Not set)
2026-08-18T12:36:33.330602+00:00 DEBUG 'ansible_navigator.main' Prior to rollback: settings_effective = 'False' (bool/Defaults)
2026-08-18T12:36:33.330617+00:00 DEBUG 'ansible_navigator.main' Prior to rollback: settings_sample = 'False' (bool/Defaults)
2026-08-18T12:36:33.330632+00:00 DEBUG 'ansible_navigator.main' Prior to rollback: settings_schema = 'json' (str/Defaults)
2026-08-18T12:36:33.330648+00:00 DEBUG 'ansible_navigator.main' Prior to rollback: settings_sources = 'False' (bool/Defaults)
2026-08-18T12:36:33.330663+00:00 DEBUG 'ansible_navigator.main' Prior to rollback: time_zone = 'UTC' (str/Defaults)
2026-08-18T12:36:33.330678+00:00 DEBUG 'ansible_navigator.main' Prior to rollback: workdir = '/home/devops/ansible' (str/Defaults)
2026-08-18T12:36:33.330694+00:00 DEBUG 'ansible_navigator.main' After rollback: ansible_runner_artifact_dir = 'Not set' (Constants/Not set)
2026-08-18T12:36:33.330709+00:00 DEBUG 'ansible_navigator.main' After rollback: ansible_runner_rotate_artifacts_count = 'Not set' (Constants/Not set)
2026-08-18T12:36:33.330724+00:00 DEBUG 'ansible_navigator.main' After rollback: ansible_runner_timeout = 'Not set' (Constants/Not set)
2026-08-18T12:36:33.330739+00:00 DEBUG 'ansible_navigator.main' After rollback: ansible_runner_write_job_events = 'Not set' (Constants/Not set)
2026-08-18T12:36:33.330754+00:00 DEBUG 'ansible_navigator.main' After rollback: app = 'Not set' (Constants/Not set)
2026-08-18T12:36:33.330770+00:00 DEBUG 'ansible_navigator.main' After rollback: cmdline = 'Not set' (Constants/Not set)
2026-08-18T12:36:33.330786+00:00 DEBUG 'ansible_navigator.main' After rollback: collection_doc_cache_path = 'Not set' (Constants/Not set)
2026-08-18T12:36:33.330809+00:00 DEBUG 'ansible_navigator.main' After rollback: config = 'Not set' (Constants/Not set)
2026-08-18T12:36:33.330826+00:00 DEBUG 'ansible_navigator.main' After rollback: container_engine = 'Not set' (Constants/Not set)
2026-08-18T12:36:33.330841+00:00 DEBUG 'ansible_navigator.main' After rollback: container_options = 'Not set' (Constants/Not set)
2026-08-18T12:36:33.330859+00:00 DEBUG 'ansible_navigator.main' After rollback: display_color = 'Not set' (Constants/Not set)
2026-08-18T12:36:33.330875+00:00 DEBUG 'ansible_navigator.main' After rollback: editor_command = 'Not set' (Constants/Not set)
2026-08-18T12:36:33.330890+00:00 DEBUG 'ansible_navigator.main' After rollback: editor_console = 'Not set' (Constants/Not set)
2026-08-18T12:36:33.330905+00:00 DEBUG 'ansible_navigator.main' After rollback: enable_prompts = 'Not set' (Constants/Not set)
2026-08-18T12:36:33.330920+00:00 DEBUG 'ansible_navigator.main' After rollback: exec_command = 'Not set' (Constants/Not set)
2026-08-18T12:36:33.330935+00:00 DEBUG 'ansible_navigator.main' After rollback: exec_shell = 'Not set' (Constants/Not set)
2026-08-18T12:36:33.330950+00:00 DEBUG 'ansible_navigator.main' After rollback: execution_environment = 'Not set' (Constants/Not set)
2026-08-18T12:36:33.330965+00:00 DEBUG 'ansible_navigator.main' After rollback: execution_environment_image = 'Not set' (Constants/Not set)
2026-08-18T12:36:33.330986+00:00 DEBUG 'ansible_navigator.main' After rollback: execution_environment_volume_mounts = 'Not set' (Constants/Not set)
2026-08-18T12:36:33.331003+00:00 DEBUG 'ansible_navigator.main' After rollback: format = 'Not set' (Constants/Not set)
2026-08-18T12:36:33.331018+00:00 DEBUG 'ansible_navigator.main' After rollback: help_builder = 'Not set' (Constants/Not set)
2026-08-18T12:36:33.331034+00:00 DEBUG 'ansible_navigator.main' After rollback: help_config = 'Not set' (Constants/Not set)
2026-08-18T12:36:33.331049+00:00 DEBUG 'ansible_navigator.main' After rollback: help_doc = 'Not set' (Constants/Not set)
2026-08-18T12:36:33.331064+00:00 DEBUG 'ansible_navigator.main' After rollback: help_inventory = 'Not set' (Constants/Not set)
2026-08-18T12:36:33.331080+00:00 DEBUG 'ansible_navigator.main' After rollback: help_playbook = 'Not set' (Constants/Not set)
2026-08-18T12:36:33.331095+00:00 DEBUG 'ansible_navigator.main' After rollback: images_details = 'Not set' (Constants/Not set)
2026-08-18T12:36:33.331110+00:00 DEBUG 'ansible_navigator.main' After rollback: inventory = 'Not set' (Constants/Not set)
2026-08-18T12:36:33.331125+00:00 DEBUG 'ansible_navigator.main' After rollback: inventory_column = 'Not set' (Constants/Not set)
2026-08-18T12:36:33.331141+00:00 DEBUG 'ansible_navigator.main' After rollback: lint_config = 'Not set' (Constants/Not set)
2026-08-18T12:36:33.331156+00:00 DEBUG 'ansible_navigator.main' After rollback: lintables = 'Not set' (Constants/Not set)
2026-08-18T12:36:33.331172+00:00 DEBUG 'ansible_navigator.main' After rollback: log_append = 'Not set' (Constants/Not set)
2026-08-18T12:36:33.331187+00:00 DEBUG 'ansible_navigator.main' After rollback: log_file = 'Not set' (Constants/Not set)
2026-08-18T12:36:33.331202+00:00 DEBUG 'ansible_navigator.main' After rollback: log_level = 'Not set' (Constants/Not set)
2026-08-18T12:36:33.331218+00:00 DEBUG 'ansible_navigator.main' After rollback: mode = 'Not set' (Constants/Not set)
2026-08-18T12:36:33.331233+00:00 DEBUG 'ansible_navigator.main' After rollback: osc4 = 'Not set' (Constants/Not set)
2026-08-18T12:36:33.331251+00:00 DEBUG 'ansible_navigator.main' After rollback: pass_environment_variable = 'Not set' (Constants/Not set)
2026-08-18T12:36:33.331266+00:00 DEBUG 'ansible_navigator.main' After rollback: playbook = 'Not set' (Constants/Not set)
2026-08-18T12:36:33.331281+00:00 DEBUG 'ansible_navigator.main' After rollback: playbook_artifact_enable = 'Not set' (Constants/Not set)
2026-08-18T12:36:33.331297+00:00 DEBUG 'ansible_navigator.main' After rollback: playbook_artifact_replay = 'Not set' (Constants/Not set)
2026-08-18T12:36:33.331318+00:00 DEBUG 'ansible_navigator.main' After rollback: playbook_artifact_save_as = 'Not set' (Constants/Not set)
2026-08-18T12:36:33.331333+00:00 DEBUG 'ansible_navigator.main' After rollback: plugin_name = 'Not set' (Constants/Not set)
2026-08-18T12:36:33.331348+00:00 DEBUG 'ansible_navigator.main' After rollback: plugin_type = 'Not set' (Constants/Not set)
2026-08-18T12:36:33.331363+00:00 DEBUG 'ansible_navigator.main' After rollback: pull_arguments = 'Not set' (Constants/Not set)
2026-08-18T12:36:33.331378+00:00 DEBUG 'ansible_navigator.main' After rollback: pull_policy = 'Not set' (Constants/Not set)
2026-08-18T12:36:33.331393+00:00 DEBUG 'ansible_navigator.main' After rollback: set_environment_variable = 'Not set' (Constants/Not set)
2026-08-18T12:36:33.331410+00:00 DEBUG 'ansible_navigator.main' After rollback: settings_effective = 'Not set' (Constants/Not set)
2026-08-18T12:36:33.331425+00:00 DEBUG 'ansible_navigator.main' After rollback: settings_sample = 'Not set' (Constants/Not set)
2026-08-18T12:36:33.331440+00:00 DEBUG 'ansible_navigator.main' After rollback: settings_schema = 'Not set' (Constants/Not set)
2026-08-18T12:36:33.331455+00:00 DEBUG 'ansible_navigator.main' After rollback: settings_sources = 'Not set' (Constants/Not set)
2026-08-18T12:36:33.331470+00:00 DEBUG 'ansible_navigator.main' After rollback: time_zone = 'Not set' (Constants/Not set)
2026-08-18T12:36:33.331485+00:00 DEBUG 'ansible_navigator.main' After rollback: workdir = 'Not set' (Constants/Not set)
2026-08-18T12:36:33.331504+00:00 DEBUG 'ansible_navigator.main' Configuration rollback complete.
2026-08-18T12:36:33.331521+00:00 DEBUG 'ansible_navigator.main' Collection doc cache not mounted
2026-08-18T12:36:33.331552+00:00 WARNING 'ansible_navigator.main' Issues were found while applying the settings.
2026-08-18T12:36:33.331573+00:00 INFO 'ansible_navigator.main' Command provided: ''
2026-08-18T12:36:33.331597+00:00 ERROR 'ansible_navigator.main' The following errors were found in the settings file (/home/devops/ansible/ansible-navigator.yml):
2026-08-18T12:36:33.331617+00:00 ERROR 'ansible_navigator.main' In 'ansible-navigator.execution-environment.image': {'pull': None, 'policy': 'missing'} is not of type 'string'.
2026-08-18T12:36:33.331645+00:00 INFO 'ansible_navigator.main' Check the settings file and compare it to the current version.
2026-08-18T12:36:33.331696+00:00 INFO 'ansible_navigator.main' The current version can be found here: (https://ansible-navigator.readthedocs.io/en/latest/settings/#ansible-navigator-settings)
2026-08-18T12:36:33.331729+00:00 INFO 'ansible_navigator.main' The schema used for validation can be seen with 'ansible-navigator settings --schema'
2026-08-18T12:36:33.331748+00:00 INFO 'ansible_navigator.main' A sample settings file can be created with 'ansible-navigator settings --sample'
2026-08-18T12:36:33.331767+00:00 INFO 'ansible_navigator.main' Configuration failed, using default log file location. (/home/devops/ansible/ansible-navigator.log) Log level set to debug
2026-08-18T12:36:33.331793+00:00 INFO 'ansible_navigator.main' Review the hints and log file to see what went wrong.
2026-08-18T12:37:41.313543+00:00 INFO 'ansible_navigator.setup_logger' New ansible-navigator instance, logging initialized
2026-08-18T12:37:41.313846+00:00 INFO 'ansible_navigator.setup_logger' New ansible-runner instance, logging initialized
2026-08-18T12:37:41.313888+00:00 DEBUG 'ansible_navigator.main' Jinja2==3.1.6 
2026-08-18T12:37:41.313909+00:00 DEBUG 'ansible_navigator.main' MarkupSafe==3.0.3 
2026-08-18T12:37:41.313927+00:00 DEBUG 'ansible_navigator.main' Parsley==1.3 
2026-08-18T12:37:41.313944+00:00 DEBUG 'ansible_navigator.main' PySocks==1.7.1 
2026-08-18T12:37:41.313960+00:00 DEBUG 'ansible_navigator.main' PyYAML==5.4.1 
2026-08-18T12:37:41.313976+00:00 DEBUG 'ansible_navigator.main' Pygments==2.21.0 
2026-08-18T12:37:41.313993+00:00 DEBUG 'ansible_navigator.main' ansible-builder==3.1.1 
2026-08-18T12:37:41.314008+00:00 DEBUG 'ansible_navigator.main' ansible-compat==24.10.0 
2026-08-18T12:37:41.314024+00:00 DEBUG 'ansible_navigator.main' ansible-core==2.14.18 
2026-08-18T12:37:41.314040+00:00 DEBUG 'ansible_navigator.main' ansible-lint==6.22.2 
2026-08-18T12:37:41.314056+00:00 DEBUG 'ansible_navigator.main' ansible-navigator==24.2.0 
2026-08-18T12:37:41.314072+00:00 DEBUG 'ansible_navigator.main' ansible-runner==2.4.3 
2026-08-18T12:37:41.314087+00:00 DEBUG 'ansible_navigator.main' argcomplete==1.12.0 /usr/lib/python3.9/site-packages/argcomplete/__init__.py
2026-08-18T12:37:41.314104+00:00 DEBUG 'ansible_navigator.main' attrs==26.1.0 /home/devops/.local/lib/python3.9/site-packages/attrs/__init__.py
2026-08-18T12:37:41.314119+00:00 DEBUG 'ansible_navigator.main' bindep==2.14.0 /home/devops/.local/lib/python3.9/site-packages/bindep/__init__.py
2026-08-18T12:37:41.314135+00:00 DEBUG 'ansible_navigator.main' black==25.11.0 /home/devops/.local/lib/python3.9/site-packages/black/__init__.cpython-39-x86_64-linux-gnu.so
2026-08-18T12:37:41.314152+00:00 DEBUG 'ansible_navigator.main' bracex==2.6 /home/devops/.local/lib/python3.9/site-packages/bracex/__init__.py
2026-08-18T12:37:41.314167+00:00 DEBUG 'ansible_navigator.main' cffi==1.14.5 /usr/lib64/python3.9/site-packages/cffi/__init__.py
2026-08-18T12:37:41.314183+00:00 DEBUG 'ansible_navigator.main' chardet==4.0.0 /usr/lib/python3.9/site-packages/chardet/__init__.py
2026-08-18T12:37:41.314199+00:00 DEBUG 'ansible_navigator.main' click==8.1.8 /home/devops/.local/lib/python3.9/site-packages/click/__init__.py
2026-08-18T12:37:41.314220+00:00 DEBUG 'ansible_navigator.main' cockpit==356.2 /usr/lib/python3.9/site-packages/cockpit/__init__.py
2026-08-18T12:37:41.314237+00:00 DEBUG 'ansible_navigator.main' cryptography==36.0.1 /usr/lib64/python3.9/site-packages/cryptography/__init__.py
2026-08-18T12:37:41.314253+00:00 DEBUG 'ansible_navigator.main' dasbus==1.7 /usr/lib/python3.9/site-packages/dasbus/__init__.py
2026-08-18T12:37:41.314268+00:00 DEBUG 'ansible_navigator.main' dbus-python==1.2.18 
2026-08-18T12:37:41.314284+00:00 DEBUG 'ansible_navigator.main' decorator==4.4.2 /usr/lib/python3.9/site-packages/decorator.py
2026-08-18T12:37:41.314300+00:00 DEBUG 'ansible_navigator.main' distro==1.9.0 /home/devops/.local/lib/python3.9/site-packages/distro/__init__.py
2026-08-18T12:37:41.314316+00:00 DEBUG 'ansible_navigator.main' file-magic==0.4.0 
2026-08-18T12:37:41.314331+00:00 DEBUG 'ansible_navigator.main' filelock==3.19.1 /home/devops/.local/lib/python3.9/site-packages/filelock/__init__.py
2026-08-18T12:37:41.314347+00:00 DEBUG 'ansible_navigator.main' idna==2.10 /usr/lib/python3.9/site-packages/idna/__init__.py
2026-08-18T12:37:41.314363+00:00 DEBUG 'ansible_navigator.main' importlib-metadata==6.2.1 
2026-08-18T12:37:41.314378+00:00 DEBUG 'ansible_navigator.main' iniparse==0.4 /usr/lib/python3.9/site-packages/iniparse/__init__.py
2026-08-18T12:37:41.314394+00:00 DEBUG 'ansible_navigator.main' insights-core==3.7.8 
2026-08-18T12:37:41.314410+00:00 DEBUG 'ansible_navigator.main' jsonschema-specifications==2025.9.1 
2026-08-18T12:37:41.314426+00:00 DEBUG 'ansible_navigator.main' jsonschema==4.25.1 /home/devops/.local/lib/python3.9/site-packages/jsonschema/__init__.py
2026-08-18T12:37:41.314441+00:00 DEBUG 'ansible_navigator.main' lockfile==0.12.2 /home/devops/.local/lib/python3.9/site-packages/lockfile/__init__.py
2026-08-18T12:37:41.314456+00:00 DEBUG 'ansible_navigator.main' lxml==4.6.5 /usr/lib64/python3.9/site-packages/lxml/__init__.py
2026-08-18T12:37:41.314473+00:00 DEBUG 'ansible_navigator.main' markdown-it-py==3.0.0 
2026-08-18T12:37:41.314489+00:00 DEBUG 'ansible_navigator.main' mdurl==0.1.2 /home/devops/.local/lib/python3.9/site-packages/mdurl/__init__.py
2026-08-18T12:37:41.314505+00:00 DEBUG 'ansible_navigator.main' mypy_extensions==1.1.0 /home/devops/.local/lib/python3.9/site-packages/mypy_extensions.py
2026-08-18T12:37:41.314521+00:00 DEBUG 'ansible_navigator.main' nftables==0.1 /usr/lib/python3.9/site-packages/nftables/__init__.py
2026-08-18T12:37:41.314536+00:00 DEBUG 'ansible_navigator.main' onigurumacffi==1.4.1 /home/devops/.local/lib/python3.9/site-packages/onigurumacffi.py
2026-08-18T12:37:41.314552+00:00 DEBUG 'ansible_navigator.main' packaging==26.3 /home/devops/.local/lib/python3.9/site-packages/packaging/__init__.py
2026-08-18T12:37:41.314568+00:00 DEBUG 'ansible_navigator.main' pathspec==1.1.1 /home/devops/.local/lib/python3.9/site-packages/pathspec/__init__.py
2026-08-18T12:37:41.314583+00:00 DEBUG 'ansible_navigator.main' pbr==7.0.3 /home/devops/.local/lib/python3.9/site-packages/pbr/__init__.py
2026-08-18T12:37:41.314598+00:00 DEBUG 'ansible_navigator.main' perf==0.1 /usr/lib64/python3.9/site-packages/perf.cpython-39-x86_64-linux-gnu.so
2026-08-18T12:37:41.314614+00:00 DEBUG 'ansible_navigator.main' pip==21.3.1 /usr/lib/python3.9/site-packages/pip/__init__.py
2026-08-18T12:37:41.314630+00:00 DEBUG 'ansible_navigator.main' platformdirs==4.4.0 /home/devops/.local/lib/python3.9/site-packages/platformdirs/__init__.py
2026-08-18T12:37:41.314646+00:00 DEBUG 'ansible_navigator.main' ply==3.11 /usr/lib/python3.9/site-packages/ply/__init__.py
2026-08-18T12:37:41.314661+00:00 DEBUG 'ansible_navigator.main' psutil==5.8.0 /usr/lib64/python3.9/site-packages/psutil/__init__.py
2026-08-18T12:37:41.314677+00:00 DEBUG 'ansible_navigator.main' pycairo==1.20.1 
2026-08-18T12:37:41.314695+00:00 DEBUG 'ansible_navigator.main' pycparser==2.20 /usr/lib/python3.9/site-packages/pycparser/__init__.py
2026-08-18T12:37:41.314713+00:00 DEBUG 'ansible_navigator.main' pyinotify==0.9.6 /usr/lib/python3.9/site-packages/pyinotify.py
2026-08-18T12:37:41.314732+00:00 DEBUG 'ansible_navigator.main' pyparsing==2.4.7 /usr/lib/python3.9/site-packages/pyparsing.py
2026-08-18T12:37:41.314749+00:00 DEBUG 'ansible_navigator.main' python-daemon==3.1.2 
2026-08-18T12:37:41.314764+00:00 DEBUG 'ansible_navigator.main' python-dateutil==2.9.0.post0 
2026-08-18T12:37:41.314780+00:00 DEBUG 'ansible_navigator.main' python-linux-procfs==0.7.4 
2026-08-18T12:37:41.314795+00:00 DEBUG 'ansible_navigator.main' pytokens==0.4.1 /home/devops/.local/lib/python3.9/site-packages/pytokens/__init__.cpython-39-x86_64-linux-gnu.so
2026-08-18T12:37:41.314812+00:00 DEBUG 'ansible_navigator.main' pyudev==0.22.0 /usr/lib/python3.9/site-packages/pyudev/__init__.py
2026-08-18T12:37:41.314827+00:00 DEBUG 'ansible_navigator.main' referencing==0.36.2 /home/devops/.local/lib/python3.9/site-packages/referencing/__init__.py
2026-08-18T12:37:41.314843+00:00 DEBUG 'ansible_navigator.main' requests==2.25.1 /usr/lib/python3.9/site-packages/requests/__init__.py
2026-08-18T12:37:41.314859+00:00 DEBUG 'ansible_navigator.main' resolvelib==0.5.4 /usr/lib/python3.9/site-packages/resolvelib/__init__.py
2026-08-18T12:37:41.314874+00:00 DEBUG 'ansible_navigator.main' rich==15.0.0 /home/devops/.local/lib/python3.9/site-packages/rich/__init__.py
2026-08-18T12:37:41.314890+00:00 DEBUG 'ansible_navigator.main' rpds-py==0.27.1 
2026-08-18T12:37:41.314906+00:00 DEBUG 'ansible_navigator.main' ruamel.yaml==0.19.1 /home/devops/.local/lib/python3.9/site-packages/ruamel/yaml/__init__.py
2026-08-18T12:37:41.314921+00:00 DEBUG 'ansible_navigator.main' selinux==3.6 /usr/lib64/python3.9/site-packages/selinux/__init__.py
2026-08-18T12:37:41.314937+00:00 DEBUG 'ansible_navigator.main' sepolicy==3.6 /usr/lib/python3.9/site-packages/sepolicy/__init__.py
2026-08-18T12:37:41.314953+00:00 DEBUG 'ansible_navigator.main' setools==4.4.4 /usr/lib64/python3.9/site-packages/setools/__init__.py
2026-08-18T12:37:41.314969+00:00 DEBUG 'ansible_navigator.main' setroubleshoot==3.3.33 /usr/lib/python3.9/site-packages/setroubleshoot/__init__.py
2026-08-18T12:37:41.314985+00:00 DEBUG 'ansible_navigator.main' setuptools==53.0.0 /usr/lib/python3.9/site-packages/setuptools/__init__.py
2026-08-18T12:37:41.315001+00:00 DEBUG 'ansible_navigator.main' six==1.15.0 /usr/lib/python3.9/site-packages/six.py
2026-08-18T12:37:41.315016+00:00 DEBUG 'ansible_navigator.main' sos==4.11.0 /usr/lib/python3.9/site-packages/sos/__init__.py
2026-08-18T12:37:41.315032+00:00 DEBUG 'ansible_navigator.main' subprocess-tee==0.4.2 
2026-08-18T12:37:41.315048+00:00 DEBUG 'ansible_navigator.main' subscription-manager==1.29.50 
2026-08-18T12:37:41.315063+00:00 DEBUG 'ansible_navigator.main' tomli==2.4.1 /home/devops/.local/lib/python3.9/site-packages/tomli/__init__.py
2026-08-18T12:37:41.315079+00:00 DEBUG 'ansible_navigator.main' typing_extensions==4.16.0 /home/devops/.local/lib/python3.9/site-packages/typing_extensions.py
2026-08-18T12:37:41.315095+00:00 DEBUG 'ansible_navigator.main' tzdata==2026.3 /home/devops/.local/lib/python3.9/site-packages/tzdata/__init__.py
2026-08-18T12:37:41.315110+00:00 DEBUG 'ansible_navigator.main' urllib3==1.26.5 /usr/lib/python3.9/site-packages/urllib3/__init__.py
2026-08-18T12:37:41.315125+00:00 DEBUG 'ansible_navigator.main' wcmatch==10.1 /home/devops/.local/lib/python3.9/site-packages/wcmatch/__init__.py
2026-08-18T12:37:41.315141+00:00 DEBUG 'ansible_navigator.main' yamllint==1.37.1 /home/devops/.local/lib/python3.9/site-packages/yamllint/__init__.py
2026-08-18T12:37:41.315156+00:00 DEBUG 'ansible_navigator.main' zipp==3.23.1 /home/devops/.local/lib/python3.9/site-packages/zipp/__init__.py
2026-08-18T12:37:41.315172+00:00 DEBUG 'ansible_navigator.main' Default collection_doc_cache_path set to: /home/devops/.cache/ansible-navigator/collection_doc_cache.db
2026-08-18T12:37:41.315188+00:00 DEBUG 'ansible_navigator.main' EDITOR environment variable not set
2026-08-18T12:37:41.315204+00:00 DEBUG 'ansible_navigator.main' Default editor_command set to: vi +{line_number} {filename}
2026-08-18T12:37:41.315222+00:00 DEBUG 'ansible_navigator.main' No config file set by ANSIBLE_NAVIGATOR_CONFIG
2026-08-18T12:37:41.315285+00:00 DEBUG 'ansible_navigator.main' Looking in /home/devops
2026-08-18T12:37:41.315306+00:00 DEBUG 'ansible_navigator.main' Looking for '/home/devops/.ansible-navigator.yml', '/home/devops/.ansible-navigator.yaml' and '/home/devops/.ansible-navigator.json'
2026-08-18T12:37:41.315324+00:00 DEBUG 'ansible_navigator.main' Found 0: 
2026-08-18T12:37:41.315341+00:00 DEBUG 'ansible_navigator.main' Looking in /home/devops/ansible
2026-08-18T12:37:41.315357+00:00 DEBUG 'ansible_navigator.main' Looking for '/home/devops/ansible/ansible-navigator.yml', '/home/devops/ansible/ansible-navigator.yaml' and '/home/devops/ansible/ansible-navigator.json'
2026-08-18T12:37:41.315375+00:00 DEBUG 'ansible_navigator.main' Found 1: '/home/devops/ansible/ansible-navigator.yml'
2026-08-18T12:37:41.315390+00:00 DEBUG 'ansible_navigator.main' All found 1: '/home/devops/ansible/ansible-navigator.yml'
2026-08-18T12:37:41.315406+00:00 DEBUG 'ansible_navigator.main' Using: /home/devops/ansible/ansible-navigator.yml
2026-08-18T12:37:41.315422+00:00 DEBUG 'ansible_navigator.main' Using settings file at /home/devops/ansible/ansible-navigator.yml in search path
2026-08-18T12:37:41.315438+00:00 DEBUG 'ansible_navigator.main' Command provided: ''
2026-08-18T12:37:41.315457+00:00 WARNING 'ansible_navigator.main' Configuration errors encountered, rolling back to previous configuration.
2026-08-18T12:37:41.315473+00:00 DEBUG 'ansible_navigator.main' Prior to rollback: ansible_runner_artifact_dir = 'Not set' (Constants/Not set)
2026-08-18T12:37:41.315490+00:00 DEBUG 'ansible_navigator.main' Prior to rollback: ansible_runner_rotate_artifacts_count = 'Not set' (Constants/Not set)
2026-08-18T12:37:41.315506+00:00 DEBUG 'ansible_navigator.main' Prior to rollback: ansible_runner_timeout = 'Not set' (Constants/Not set)
2026-08-18T12:37:41.315521+00:00 DEBUG 'ansible_navigator.main' Prior to rollback: ansible_runner_write_job_events = 'False' (bool/Defaults)
2026-08-18T12:37:41.315537+00:00 DEBUG 'ansible_navigator.main' Prior to rollback: app = 'welcome' (str/Defaults)
2026-08-18T12:37:41.315553+00:00 DEBUG 'ansible_navigator.main' Prior to rollback: cmdline = 'Not set' (Constants/Not set)
2026-08-18T12:37:41.315569+00:00 DEBUG 'ansible_navigator.main' Prior to rollback: collection_doc_cache_path = '/home/devops/.cache/ansible-navigator/collection_doc_cache.db' (str/Defaults)
2026-08-18T12:37:41.315584+00:00 DEBUG 'ansible_navigator.main' Prior to rollback: config = 'Not set' (Constants/Not set)
2026-08-18T12:37:41.315600+00:00 DEBUG 'ansible_navigator.main' Prior to rollback: container_engine = 'auto' (str/Defaults)
2026-08-18T12:37:41.315616+00:00 DEBUG 'ansible_navigator.main' Prior to rollback: container_options = 'Not set' (Constants/Not set)
2026-08-18T12:37:41.315631+00:00 DEBUG 'ansible_navigator.main' Prior to rollback: display_color = 'True' (bool/Defaults)
2026-08-18T12:37:41.315647+00:00 DEBUG 'ansible_navigator.main' Prior to rollback: editor_command = 'vi +{line_number} {filename}' (str/Defaults)
2026-08-18T12:37:41.315664+00:00 DEBUG 'ansible_navigator.main' Prior to rollback: editor_console = 'True' (bool/Defaults)
2026-08-18T12:37:41.315708+00:00 DEBUG 'ansible_navigator.main' Prior to rollback: enable_prompts = 'False' (bool/Defaults)
2026-08-18T12:37:41.315731+00:00 DEBUG 'ansible_navigator.main' Prior to rollback: exec_command = '/bin/bash' (str/Defaults)
2026-08-18T12:37:41.315749+00:00 DEBUG 'ansible_navigator.main' Prior to rollback: exec_shell = 'True' (bool/Defaults)
2026-08-18T12:37:41.315766+00:00 DEBUG 'ansible_navigator.main' Prior to rollback: execution_environment = 'True' (bool/Defaults)
2026-08-18T12:37:41.315782+00:00 DEBUG 'ansible_navigator.main' Prior to rollback: execution_environment_image = 'ghcr.io/ansible/creator-ee:v0.22.0' (str/Defaults)
2026-08-18T12:37:41.315798+00:00 DEBUG 'ansible_navigator.main' Prior to rollback: execution_environment_volume_mounts = 'Not set' (Constants/Not set)
2026-08-18T12:37:41.315819+00:00 DEBUG 'ansible_navigator.main' Prior to rollback: format = 'yaml' (str/Defaults)
2026-08-18T12:37:41.315835+00:00 DEBUG 'ansible_navigator.main' Prior to rollback: help_builder = 'False' (bool/Defaults)
2026-08-18T12:37:41.315851+00:00 DEBUG 'ansible_navigator.main' Prior to rollback: help_config = 'False' (bool/Defaults)
2026-08-18T12:37:41.315867+00:00 DEBUG 'ansible_navigator.main' Prior to rollback: help_doc = 'False' (bool/Defaults)
2026-08-18T12:37:41.315882+00:00 DEBUG 'ansible_navigator.main' Prior to rollback: help_inventory = 'False' (bool/Defaults)
2026-08-18T12:37:41.315897+00:00 DEBUG 'ansible_navigator.main' Prior to rollback: help_playbook = 'False' (bool/Defaults)
2026-08-18T12:37:41.315913+00:00 DEBUG 'ansible_navigator.main' Prior to rollback: images_details = '['everything']' (list/Defaults)
2026-08-18T12:37:41.315928+00:00 DEBUG 'ansible_navigator.main' Prior to rollback: inventory = 'Not set' (Constants/Not set)
2026-08-18T12:37:41.315944+00:00 DEBUG 'ansible_navigator.main' Prior to rollback: inventory_column = 'Not set' (Constants/Not set)
2026-08-18T12:37:41.315959+00:00 DEBUG 'ansible_navigator.main' Prior to rollback: lint_config = 'Not set' (Constants/Not set)
2026-08-18T12:37:41.315974+00:00 DEBUG 'ansible_navigator.main' Prior to rollback: lintables = 'Not set' (Constants/Not set)
2026-08-18T12:37:41.315989+00:00 DEBUG 'ansible_navigator.main' Prior to rollback: log_append = 'True' (bool/Defaults)
2026-08-18T12:37:41.316005+00:00 DEBUG 'ansible_navigator.main' Prior to rollback: log_file = '/home/devops/ansible/ansible-navigator.log' (str/Defaults)
2026-08-18T12:37:41.316020+00:00 DEBUG 'ansible_navigator.main' Prior to rollback: log_level = 'warning' (str/Defaults)
2026-08-18T12:37:41.316036+00:00 DEBUG 'ansible_navigator.main' Prior to rollback: mode = 'interactive' (str/Defaults)
2026-08-18T12:37:41.316051+00:00 DEBUG 'ansible_navigator.main' Prior to rollback: osc4 = 'True' (bool/Defaults)
2026-08-18T12:37:41.316066+00:00 DEBUG 'ansible_navigator.main' Prior to rollback: pass_environment_variable = 'Not set' (Constants/Not set)
2026-08-18T12:37:41.316081+00:00 DEBUG 'ansible_navigator.main' Prior to rollback: playbook = 'Not set' (Constants/Not set)
2026-08-18T12:37:41.316097+00:00 DEBUG 'ansible_navigator.main' Prior to rollback: playbook_artifact_enable = 'True' (bool/Defaults)
2026-08-18T12:37:41.316112+00:00 DEBUG 'ansible_navigator.main' Prior to rollback: playbook_artifact_replay = 'Not set' (Constants/Not set)
2026-08-18T12:37:41.316128+00:00 DEBUG 'ansible_navigator.main' Prior to rollback: playbook_artifact_save_as = '{playbook_dir}/{playbook_name}-artifact-{time_stamp}.json' (str/Defaults)
2026-08-18T12:37:41.316143+00:00 DEBUG 'ansible_navigator.main' Prior to rollback: plugin_name = 'Not set' (Constants/Not set)
2026-08-18T12:37:41.316159+00:00 DEBUG 'ansible_navigator.main' Prior to rollback: plugin_type = 'module' (str/Defaults)
2026-08-18T12:37:41.316174+00:00 DEBUG 'ansible_navigator.main' Prior to rollback: pull_arguments = 'Not set' (Constants/Not set)
2026-08-18T12:37:41.316190+00:00 DEBUG 'ansible_navigator.main' Prior to rollback: pull_policy = 'tag' (str/Defaults)
2026-08-18T12:37:41.316205+00:00 DEBUG 'ansible_navigator.main' Prior to rollback: set_environment_variable = 'Not set' (Constants/Not set)
2026-08-18T12:37:41.316221+00:00 DEBUG 'ansible_navigator.main' Prior to rollback: settings_effective = 'False' (bool/Defaults)
2026-08-18T12:37:41.316236+00:00 DEBUG 'ansible_navigator.main' Prior to rollback: settings_sample = 'False' (bool/Defaults)
2026-08-18T12:37:41.316252+00:00 DEBUG 'ansible_navigator.main' Prior to rollback: settings_schema = 'json' (str/Defaults)
2026-08-18T12:37:41.316267+00:00 DEBUG 'ansible_navigator.main' Prior to rollback: settings_sources = 'False' (bool/Defaults)
2026-08-18T12:37:41.316283+00:00 DEBUG 'ansible_navigator.main' Prior to rollback: time_zone = 'UTC' (str/Defaults)
2026-08-18T12:37:41.316298+00:00 DEBUG 'ansible_navigator.main' Prior to rollback: workdir = '/home/devops/ansible' (str/Defaults)
2026-08-18T12:37:41.316317+00:00 DEBUG 'ansible_navigator.main' After rollback: ansible_runner_artifact_dir = 'Not set' (Constants/Not set)
2026-08-18T12:37:41.316333+00:00 DEBUG 'ansible_navigator.main' After rollback: ansible_runner_rotate_artifacts_count = 'Not set' (Constants/Not set)
2026-08-18T12:37:41.316349+00:00 DEBUG 'ansible_navigator.main' After rollback: ansible_runner_timeout = 'Not set' (Constants/Not set)
2026-08-18T12:37:41.316364+00:00 DEBUG 'ansible_navigator.main' After rollback: ansible_runner_write_job_events = 'Not set' (Constants/Not set)
2026-08-18T12:37:41.316380+00:00 DEBUG 'ansible_navigator.main' After rollback: app = 'Not set' (Constants/Not set)
2026-08-18T12:37:41.316396+00:00 DEBUG 'ansible_navigator.main' After rollback: cmdline = 'Not set' (Constants/Not set)
2026-08-18T12:37:41.316412+00:00 DEBUG 'ansible_navigator.main' After rollback: collection_doc_cache_path = 'Not set' (Constants/Not set)
2026-08-18T12:37:41.316430+00:00 DEBUG 'ansible_navigator.main' After rollback: config = 'Not set' (Constants/Not set)
2026-08-18T12:37:41.316445+00:00 DEBUG 'ansible_navigator.main' After rollback: container_engine = 'Not set' (Constants/Not set)
2026-08-18T12:37:41.316460+00:00 DEBUG 'ansible_navigator.main' After rollback: container_options = 'Not set' (Constants/Not set)
2026-08-18T12:37:41.316476+00:00 DEBUG 'ansible_navigator.main' After rollback: display_color = 'Not set' (Constants/Not set)
2026-08-18T12:37:41.316492+00:00 DEBUG 'ansible_navigator.main' After rollback: editor_command = 'Not set' (Constants/Not set)
2026-08-18T12:37:41.316507+00:00 DEBUG 'ansible_navigator.main' After rollback: editor_console = 'Not set' (Constants/Not set)
2026-08-18T12:37:41.316523+00:00 DEBUG 'ansible_navigator.main' After rollback: enable_prompts = 'Not set' (Constants/Not set)
2026-08-18T12:37:41.316539+00:00 DEBUG 'ansible_navigator.main' After rollback: exec_command = 'Not set' (Constants/Not set)
2026-08-18T12:37:41.316554+00:00 DEBUG 'ansible_navigator.main' After rollback: exec_shell = 'Not set' (Constants/Not set)
2026-08-18T12:37:41.316569+00:00 DEBUG 'ansible_navigator.main' After rollback: execution_environment = 'Not set' (Constants/Not set)
2026-08-18T12:37:41.316585+00:00 DEBUG 'ansible_navigator.main' After rollback: execution_environment_image = 'Not set' (Constants/Not set)
2026-08-18T12:37:41.316600+00:00 DEBUG 'ansible_navigator.main' After rollback: execution_environment_volume_mounts = 'Not set' (Constants/Not set)
2026-08-18T12:37:41.316615+00:00 DEBUG 'ansible_navigator.main' After rollback: format = 'Not set' (Constants/Not set)
2026-08-18T12:37:41.316631+00:00 DEBUG 'ansible_navigator.main' After rollback: help_builder = 'Not set' (Constants/Not set)
2026-08-18T12:37:41.316647+00:00 DEBUG 'ansible_navigator.main' After rollback: help_config = 'Not set' (Constants/Not set)
2026-08-18T12:37:41.316662+00:00 DEBUG 'ansible_navigator.main' After rollback: help_doc = 'Not set' (Constants/Not set)
2026-08-18T12:37:41.316678+00:00 DEBUG 'ansible_navigator.main' After rollback: help_inventory = 'Not set' (Constants/Not set)
2026-08-18T12:37:41.316694+00:00 DEBUG 'ansible_navigator.main' After rollback: help_playbook = 'Not set' (Constants/Not set)
2026-08-18T12:37:41.316709+00:00 DEBUG 'ansible_navigator.main' After rollback: images_details = 'Not set' (Constants/Not set)
2026-08-18T12:37:41.316725+00:00 DEBUG 'ansible_navigator.main' After rollback: inventory = 'Not set' (Constants/Not set)
2026-08-18T12:37:41.316740+00:00 DEBUG 'ansible_navigator.main' After rollback: inventory_column = 'Not set' (Constants/Not set)
2026-08-18T12:37:41.316755+00:00 DEBUG 'ansible_navigator.main' After rollback: lint_config = 'Not set' (Constants/Not set)
2026-08-18T12:37:41.316771+00:00 DEBUG 'ansible_navigator.main' After rollback: lintables = 'Not set' (Constants/Not set)
2026-08-18T12:37:41.316786+00:00 DEBUG 'ansible_navigator.main' After rollback: log_append = 'Not set' (Constants/Not set)
2026-08-18T12:37:41.316802+00:00 DEBUG 'ansible_navigator.main' After rollback: log_file = 'Not set' (Constants/Not set)
2026-08-18T12:37:41.316826+00:00 DEBUG 'ansible_navigator.main' After rollback: log_level = 'Not set' (Constants/Not set)
2026-08-18T12:37:41.316843+00:00 DEBUG 'ansible_navigator.main' After rollback: mode = 'Not set' (Constants/Not set)
2026-08-18T12:37:41.316859+00:00 DEBUG 'ansible_navigator.main' After rollback: osc4 = 'Not set' (Constants/Not set)
2026-08-18T12:37:41.316874+00:00 DEBUG 'ansible_navigator.main' After rollback: pass_environment_variable = 'Not set' (Constants/Not set)
2026-08-18T12:37:41.316890+00:00 DEBUG 'ansible_navigator.main' After rollback: playbook = 'Not set' (Constants/Not set)
2026-08-18T12:37:41.316906+00:00 DEBUG 'ansible_navigator.main' After rollback: playbook_artifact_enable = 'Not set' (Constants/Not set)
2026-08-18T12:37:41.316922+00:00 DEBUG 'ansible_navigator.main' After rollback: playbook_artifact_replay = 'Not set' (Constants/Not set)
2026-08-18T12:37:41.316937+00:00 DEBUG 'ansible_navigator.main' After rollback: playbook_artifact_save_as = 'Not set' (Constants/Not set)
2026-08-18T12:37:41.316952+00:00 DEBUG 'ansible_navigator.main' After rollback: plugin_name = 'Not set' (Constants/Not set)
2026-08-18T12:37:41.316968+00:00 DEBUG 'ansible_navigator.main' After rollback: plugin_type = 'Not set' (Constants/Not set)
2026-08-18T12:37:41.316984+00:00 DEBUG 'ansible_navigator.main' After rollback: pull_arguments = 'Not set' (Constants/Not set)
2026-08-18T12:37:41.316999+00:00 DEBUG 'ansible_navigator.main' After rollback: pull_policy = 'Not set' (Constants/Not set)
2026-08-18T12:37:41.317015+00:00 DEBUG 'ansible_navigator.main' After rollback: set_environment_variable = 'Not set' (Constants/Not set)
2026-08-18T12:37:41.317030+00:00 DEBUG 'ansible_navigator.main' After rollback: settings_effective = 'Not set' (Constants/Not set)
2026-08-18T12:37:41.317045+00:00 DEBUG 'ansible_navigator.main' After rollback: settings_sample = 'Not set' (Constants/Not set)
2026-08-18T12:37:41.317061+00:00 DEBUG 'ansible_navigator.main' After rollback: settings_schema = 'Not set' (Constants/Not set)
2026-08-18T12:37:41.317076+00:00 DEBUG 'ansible_navigator.main' After rollback: settings_sources = 'Not set' (Constants/Not set)
2026-08-18T12:37:41.317092+00:00 DEBUG 'ansible_navigator.main' After rollback: time_zone = 'Not set' (Constants/Not set)
2026-08-18T12:37:41.317107+00:00 DEBUG 'ansible_navigator.main' After rollback: workdir = 'Not set' (Constants/Not set)
2026-08-18T12:37:41.317124+00:00 DEBUG 'ansible_navigator.main' Configuration rollback complete.
2026-08-18T12:37:41.317139+00:00 DEBUG 'ansible_navigator.main' Collection doc cache not mounted
2026-08-18T12:37:41.317166+00:00 WARNING 'ansible_navigator.main' Issues were found while applying the settings.
2026-08-18T12:37:41.317186+00:00 INFO 'ansible_navigator.main' Command provided: ''
2026-08-18T12:37:41.317211+00:00 ERROR 'ansible_navigator.main' Settings file found /home/devops/ansible/ansible-navigator.yml, but failed to load it.
2026-08-18T12:37:41.317291+00:00 ERROR 'ansible_navigator.main'   error was: 'mapping values are not allowed in this context   in "/home/devops/ansible/ansible-navigator.yml", line 5, column 11'
2026-08-18T12:37:41.317343+00:00 INFO 'ansible_navigator.main' Try checking the settings file '/home/devops/ansible/ansible-navigator.yml'and ensure it is properly formatted
2026-08-18T12:37:41.317381+00:00 INFO 'ansible_navigator.main' Configuration failed, using default log file location. (/home/devops/ansible/ansible-navigator.log) Log level set to debug
2026-08-18T12:37:41.317418+00:00 INFO 'ansible_navigator.main' Review the hints and log file to see what went wrong.
2026-08-18T12:38:03.548318+00:00 INFO 'ansible_navigator.setup_logger' New ansible-navigator instance, logging initialized
2026-08-18T12:38:03.548582+00:00 INFO 'ansible_navigator.setup_logger' New ansible-runner instance, logging initialized
2026-08-18T12:38:03.548615+00:00 DEBUG 'ansible_navigator.main' Jinja2==3.1.6 
2026-08-18T12:38:03.548636+00:00 DEBUG 'ansible_navigator.main' MarkupSafe==3.0.3 
2026-08-18T12:38:03.548655+00:00 DEBUG 'ansible_navigator.main' Parsley==1.3 
2026-08-18T12:38:03.548680+00:00 DEBUG 'ansible_navigator.main' PySocks==1.7.1 
2026-08-18T12:38:03.548698+00:00 DEBUG 'ansible_navigator.main' PyYAML==5.4.1 
2026-08-18T12:38:03.548714+00:00 DEBUG 'ansible_navigator.main' Pygments==2.21.0 
2026-08-18T12:38:03.548731+00:00 DEBUG 'ansible_navigator.main' ansible-builder==3.1.1 
2026-08-18T12:38:03.548748+00:00 DEBUG 'ansible_navigator.main' ansible-compat==24.10.0 
2026-08-18T12:38:03.548764+00:00 DEBUG 'ansible_navigator.main' ansible-core==2.14.18 
2026-08-18T12:38:03.548780+00:00 DEBUG 'ansible_navigator.main' ansible-lint==6.22.2 
2026-08-18T12:38:03.548796+00:00 DEBUG 'ansible_navigator.main' ansible-navigator==24.2.0 
2026-08-18T12:38:03.548812+00:00 DEBUG 'ansible_navigator.main' ansible-runner==2.4.3 
2026-08-18T12:38:03.548828+00:00 DEBUG 'ansible_navigator.main' argcomplete==1.12.0 /usr/lib/python3.9/site-packages/argcomplete/__init__.py
2026-08-18T12:38:03.548845+00:00 DEBUG 'ansible_navigator.main' attrs==26.1.0 /home/devops/.local/lib/python3.9/site-packages/attrs/__init__.py
2026-08-18T12:38:03.548862+00:00 DEBUG 'ansible_navigator.main' bindep==2.14.0 /home/devops/.local/lib/python3.9/site-packages/bindep/__init__.py
2026-08-18T12:38:03.548878+00:00 DEBUG 'ansible_navigator.main' black==25.11.0 /home/devops/.local/lib/python3.9/site-packages/black/__init__.cpython-39-x86_64-linux-gnu.so
2026-08-18T12:38:03.548895+00:00 DEBUG 'ansible_navigator.main' bracex==2.6 /home/devops/.local/lib/python3.9/site-packages/bracex/__init__.py
2026-08-18T12:38:03.548911+00:00 DEBUG 'ansible_navigator.main' cffi==1.14.5 /usr/lib64/python3.9/site-packages/cffi/__init__.py
2026-08-18T12:38:03.548928+00:00 DEBUG 'ansible_navigator.main' chardet==4.0.0 /usr/lib/python3.9/site-packages/chardet/__init__.py
2026-08-18T12:38:03.548944+00:00 DEBUG 'ansible_navigator.main' click==8.1.8 /home/devops/.local/lib/python3.9/site-packages/click/__init__.py
2026-08-18T12:38:03.548960+00:00 DEBUG 'ansible_navigator.main' cockpit==356.2 /usr/lib/python3.9/site-packages/cockpit/__init__.py
2026-08-18T12:38:03.548976+00:00 DEBUG 'ansible_navigator.main' cryptography==36.0.1 /usr/lib64/python3.9/site-packages/cryptography/__init__.py
2026-08-18T12:38:03.548992+00:00 DEBUG 'ansible_navigator.main' dasbus==1.7 /usr/lib/python3.9/site-packages/dasbus/__init__.py
2026-08-18T12:38:03.549008+00:00 DEBUG 'ansible_navigator.main' dbus-python==1.2.18 
2026-08-18T12:38:03.549025+00:00 DEBUG 'ansible_navigator.main' decorator==4.4.2 /usr/lib/python3.9/site-packages/decorator.py
2026-08-18T12:38:03.549077+00:00 DEBUG 'ansible_navigator.main' distro==1.9.0 /home/devops/.local/lib/python3.9/site-packages/distro/__init__.py
2026-08-18T12:38:03.549112+00:00 DEBUG 'ansible_navigator.main' file-magic==0.4.0 
2026-08-18T12:38:03.549132+00:00 DEBUG 'ansible_navigator.main' filelock==3.19.1 /home/devops/.local/lib/python3.9/site-packages/filelock/__init__.py
2026-08-18T12:38:03.549150+00:00 DEBUG 'ansible_navigator.main' idna==2.10 /usr/lib/python3.9/site-packages/idna/__init__.py
2026-08-18T12:38:03.549167+00:00 DEBUG 'ansible_navigator.main' importlib-metadata==6.2.1 
2026-08-18T12:38:03.549184+00:00 DEBUG 'ansible_navigator.main' iniparse==0.4 /usr/lib/python3.9/site-packages/iniparse/__init__.py
2026-08-18T12:38:03.549200+00:00 DEBUG 'ansible_navigator.main' insights-core==3.7.8 
2026-08-18T12:38:03.549216+00:00 DEBUG 'ansible_navigator.main' jsonschema-specifications==2025.9.1 
2026-08-18T12:38:03.549233+00:00 DEBUG 'ansible_navigator.main' jsonschema==4.25.1 /home/devops/.local/lib/python3.9/site-packages/jsonschema/__init__.py
2026-08-18T12:38:03.549249+00:00 DEBUG 'ansible_navigator.main' lockfile==0.12.2 /home/devops/.local/lib/python3.9/site-packages/lockfile/__init__.py
2026-08-18T12:38:03.549265+00:00 DEBUG 'ansible_navigator.main' lxml==4.6.5 /usr/lib64/python3.9/site-packages/lxml/__init__.py
2026-08-18T12:38:03.549282+00:00 DEBUG 'ansible_navigator.main' markdown-it-py==3.0.0 
2026-08-18T12:38:03.549298+00:00 DEBUG 'ansible_navigator.main' mdurl==0.1.2 /home/devops/.local/lib/python3.9/site-packages/mdurl/__init__.py
2026-08-18T12:38:03.549320+00:00 DEBUG 'ansible_navigator.main' mypy_extensions==1.1.0 /home/devops/.local/lib/python3.9/site-packages/mypy_extensions.py
2026-08-18T12:38:03.549337+00:00 DEBUG 'ansible_navigator.main' nftables==0.1 /usr/lib/python3.9/site-packages/nftables/__init__.py
2026-08-18T12:38:03.549354+00:00 DEBUG 'ansible_navigator.main' onigurumacffi==1.4.1 /home/devops/.local/lib/python3.9/site-packages/onigurumacffi.py
2026-08-18T12:38:03.549370+00:00 DEBUG 'ansible_navigator.main' packaging==26.3 /home/devops/.local/lib/python3.9/site-packages/packaging/__init__.py
2026-08-18T12:38:03.549387+00:00 DEBUG 'ansible_navigator.main' pathspec==1.1.1 /home/devops/.local/lib/python3.9/site-packages/pathspec/__init__.py
2026-08-18T12:38:03.549403+00:00 DEBUG 'ansible_navigator.main' pbr==7.0.3 /home/devops/.local/lib/python3.9/site-packages/pbr/__init__.py
2026-08-18T12:38:03.549419+00:00 DEBUG 'ansible_navigator.main' perf==0.1 /usr/lib64/python3.9/site-packages/perf.cpython-39-x86_64-linux-gnu.so
2026-08-18T12:38:03.549434+00:00 DEBUG 'ansible_navigator.main' pip==21.3.1 /usr/lib/python3.9/site-packages/pip/__init__.py
2026-08-18T12:38:03.549450+00:00 DEBUG 'ansible_navigator.main' platformdirs==4.4.0 /home/devops/.local/lib/python3.9/site-packages/platformdirs/__init__.py
2026-08-18T12:38:03.549466+00:00 DEBUG 'ansible_navigator.main' ply==3.11 /usr/lib/python3.9/site-packages/ply/__init__.py
2026-08-18T12:38:03.549482+00:00 DEBUG 'ansible_navigator.main' psutil==5.8.0 /usr/lib64/python3.9/site-packages/psutil/__init__.py
2026-08-18T12:38:03.549498+00:00 DEBUG 'ansible_navigator.main' pycairo==1.20.1 
2026-08-18T12:38:03.549514+00:00 DEBUG 'ansible_navigator.main' pycparser==2.20 /usr/lib/python3.9/site-packages/pycparser/__init__.py
2026-08-18T12:38:03.549530+00:00 DEBUG 'ansible_navigator.main' pyinotify==0.9.6 /usr/lib/python3.9/site-packages/pyinotify.py
2026-08-18T12:38:03.549546+00:00 DEBUG 'ansible_navigator.main' pyparsing==2.4.7 /usr/lib/python3.9/site-packages/pyparsing.py
2026-08-18T12:38:03.549562+00:00 DEBUG 'ansible_navigator.main' python-daemon==3.1.2 
2026-08-18T12:38:03.549578+00:00 DEBUG 'ansible_navigator.main' python-dateutil==2.9.0.post0 
2026-08-18T12:38:03.549716+00:00 DEBUG 'ansible_navigator.main' python-linux-procfs==0.7.4 
2026-08-18T12:38:03.549740+00:00 DEBUG 'ansible_navigator.main' pytokens==0.4.1 /home/devops/.local/lib/python3.9/site-packages/pytokens/__init__.cpython-39-x86_64-linux-gnu.so
2026-08-18T12:38:03.549758+00:00 DEBUG 'ansible_navigator.main' pyudev==0.22.0 /usr/lib/python3.9/site-packages/pyudev/__init__.py
2026-08-18T12:38:03.549775+00:00 DEBUG 'ansible_navigator.main' referencing==0.36.2 /home/devops/.local/lib/python3.9/site-packages/referencing/__init__.py
2026-08-18T12:38:03.549792+00:00 DEBUG 'ansible_navigator.main' requests==2.25.1 /usr/lib/python3.9/site-packages/requests/__init__.py
2026-08-18T12:38:03.549809+00:00 DEBUG 'ansible_navigator.main' resolvelib==0.5.4 /usr/lib/python3.9/site-packages/resolvelib/__init__.py
2026-08-18T12:38:03.549835+00:00 DEBUG 'ansible_navigator.main' rich==15.0.0 /home/devops/.local/lib/python3.9/site-packages/rich/__init__.py
2026-08-18T12:38:03.549874+00:00 DEBUG 'ansible_navigator.main' rpds-py==0.27.1 
2026-08-18T12:38:03.549894+00:00 DEBUG 'ansible_navigator.main' ruamel.yaml==0.19.1 /home/devops/.local/lib/python3.9/site-packages/ruamel/yaml/__init__.py
2026-08-18T12:38:03.549911+00:00 DEBUG 'ansible_navigator.main' selinux==3.6 /usr/lib64/python3.9/site-packages/selinux/__init__.py
2026-08-18T12:38:03.549932+00:00 DEBUG 'ansible_navigator.main' sepolicy==3.6 /usr/lib/python3.9/site-packages/sepolicy/__init__.py
2026-08-18T12:38:03.549949+00:00 DEBUG 'ansible_navigator.main' setools==4.4.4 /usr/lib64/python3.9/site-packages/setools/__init__.py
2026-08-18T12:38:03.549965+00:00 DEBUG 'ansible_navigator.main' setroubleshoot==3.3.33 /usr/lib/python3.9/site-packages/setroubleshoot/__init__.py
2026-08-18T12:38:03.549981+00:00 DEBUG 'ansible_navigator.main' setuptools==53.0.0 /usr/lib/python3.9/site-packages/setuptools/__init__.py
2026-08-18T12:38:03.550002+00:00 DEBUG 'ansible_navigator.main' six==1.15.0 /usr/lib/python3.9/site-packages/six.py
2026-08-18T12:38:03.550019+00:00 DEBUG 'ansible_navigator.main' sos==4.11.0 /usr/lib/python3.9/site-packages/sos/__init__.py
2026-08-18T12:38:03.550036+00:00 DEBUG 'ansible_navigator.main' subprocess-tee==0.4.2 
2026-08-18T12:38:03.550052+00:00 DEBUG 'ansible_navigator.main' subscription-manager==1.29.50 
2026-08-18T12:38:03.550068+00:00 DEBUG 'ansible_navigator.main' tomli==2.4.1 /home/devops/.local/lib/python3.9/site-packages/tomli/__init__.py
2026-08-18T12:38:03.550084+00:00 DEBUG 'ansible_navigator.main' typing_extensions==4.16.0 /home/devops/.local/lib/python3.9/site-packages/typing_extensions.py
2026-08-18T12:38:03.550099+00:00 DEBUG 'ansible_navigator.main' tzdata==2026.3 /home/devops/.local/lib/python3.9/site-packages/tzdata/__init__.py
2026-08-18T12:38:03.550116+00:00 DEBUG 'ansible_navigator.main' urllib3==1.26.5 /usr/lib/python3.9/site-packages/urllib3/__init__.py
2026-08-18T12:38:03.550135+00:00 DEBUG 'ansible_navigator.main' wcmatch==10.1 /home/devops/.local/lib/python3.9/site-packages/wcmatch/__init__.py
2026-08-18T12:38:03.550156+00:00 DEBUG 'ansible_navigator.main' yamllint==1.37.1 /home/devops/.local/lib/python3.9/site-packages/yamllint/__init__.py
2026-08-18T12:38:03.550172+00:00 DEBUG 'ansible_navigator.main' zipp==3.23.1 /home/devops/.local/lib/python3.9/site-packages/zipp/__init__.py
2026-08-18T12:38:03.550189+00:00 DEBUG 'ansible_navigator.main' Default collection_doc_cache_path set to: /home/devops/.cache/ansible-navigator/collection_doc_cache.db
2026-08-18T12:38:03.550205+00:00 DEBUG 'ansible_navigator.main' EDITOR environment variable not set
2026-08-18T12:38:03.550222+00:00 DEBUG 'ansible_navigator.main' Default editor_command set to: vi +{line_number} {filename}
2026-08-18T12:38:03.550237+00:00 DEBUG 'ansible_navigator.main' No config file set by ANSIBLE_NAVIGATOR_CONFIG
2026-08-18T12:38:03.550254+00:00 DEBUG 'ansible_navigator.main' Looking in /home/devops
2026-08-18T12:38:03.550270+00:00 DEBUG 'ansible_navigator.main' Looking for '/home/devops/.ansible-navigator.yml', '/home/devops/.ansible-navigator.yaml' and '/home/devops/.ansible-navigator.json'
2026-08-18T12:38:03.550287+00:00 DEBUG 'ansible_navigator.main' Found 0: 
2026-08-18T12:38:03.550303+00:00 DEBUG 'ansible_navigator.main' Looking in /home/devops/ansible
2026-08-18T12:38:03.550320+00:00 DEBUG 'ansible_navigator.main' Looking for '/home/devops/ansible/ansible-navigator.yml', '/home/devops/ansible/ansible-navigator.yaml' and '/home/devops/ansible/ansible-navigator.json'
2026-08-18T12:38:03.550337+00:00 DEBUG 'ansible_navigator.main' Found 1: '/home/devops/ansible/ansible-navigator.yml'
2026-08-18T12:38:03.550353+00:00 DEBUG 'ansible_navigator.main' All found 1: '/home/devops/ansible/ansible-navigator.yml'
2026-08-18T12:38:03.550369+00:00 DEBUG 'ansible_navigator.main' Using: /home/devops/ansible/ansible-navigator.yml
2026-08-18T12:38:03.550385+00:00 DEBUG 'ansible_navigator.main' Using settings file at /home/devops/ansible/ansible-navigator.yml in search path
2026-08-18T12:38:03.550401+00:00 DEBUG 'ansible_navigator.main' Command provided: ''
2026-08-18T12:38:03.550420+00:00 WARNING 'ansible_navigator.main' Configuration errors encountered, rolling back to previous configuration.
2026-08-18T12:38:03.550437+00:00 DEBUG 'ansible_navigator.main' Prior to rollback: ansible_runner_artifact_dir = 'Not set' (Constants/Not set)
2026-08-18T12:38:03.550453+00:00 DEBUG 'ansible_navigator.main' Prior to rollback: ansible_runner_rotate_artifacts_count = 'Not set' (Constants/Not set)
2026-08-18T12:38:03.550470+00:00 DEBUG 'ansible_navigator.main' Prior to rollback: ansible_runner_timeout = 'Not set' (Constants/Not set)
2026-08-18T12:38:03.550486+00:00 DEBUG 'ansible_navigator.main' Prior to rollback: ansible_runner_write_job_events = 'False' (bool/Defaults)
2026-08-18T12:38:03.550502+00:00 DEBUG 'ansible_navigator.main' Prior to rollback: app = 'welcome' (str/Defaults)
2026-08-18T12:38:03.550519+00:00 DEBUG 'ansible_navigator.main' Prior to rollback: cmdline = 'Not set' (Constants/Not set)
2026-08-18T12:38:03.550538+00:00 DEBUG 'ansible_navigator.main' Prior to rollback: collection_doc_cache_path = '/home/devops/.cache/ansible-navigator/collection_doc_cache.db' (str/Defaults)
2026-08-18T12:38:03.550555+00:00 DEBUG 'ansible_navigator.main' Prior to rollback: config = 'Not set' (Constants/Not set)
2026-08-18T12:38:03.550571+00:00 DEBUG 'ansible_navigator.main' Prior to rollback: container_engine = 'auto' (str/Defaults)
2026-08-18T12:38:03.550587+00:00 DEBUG 'ansible_navigator.main' Prior to rollback: container_options = 'Not set' (Constants/Not set)
2026-08-18T12:38:03.550603+00:00 DEBUG 'ansible_navigator.main' Prior to rollback: display_color = 'True' (bool/Defaults)
2026-08-18T12:38:03.550619+00:00 DEBUG 'ansible_navigator.main' Prior to rollback: editor_command = 'vi +{line_number} {filename}' (str/Defaults)
2026-08-18T12:38:03.550635+00:00 DEBUG 'ansible_navigator.main' Prior to rollback: editor_console = 'True' (bool/Defaults)
2026-08-18T12:38:03.550651+00:00 DEBUG 'ansible_navigator.main' Prior to rollback: enable_prompts = 'False' (bool/Defaults)
2026-08-18T12:38:03.550667+00:00 DEBUG 'ansible_navigator.main' Prior to rollback: exec_command = '/bin/bash' (str/Defaults)
2026-08-18T12:38:03.550683+00:00 DEBUG 'ansible_navigator.main' Prior to rollback: exec_shell = 'True' (bool/Defaults)
2026-08-18T12:38:03.550699+00:00 DEBUG 'ansible_navigator.main' Prior to rollback: execution_environment = 'True' (bool/Defaults)
2026-08-18T12:38:03.550715+00:00 DEBUG 'ansible_navigator.main' Prior to rollback: execution_environment_image = 'ghcr.io/ansible/creator-ee:v0.22.0' (str/Defaults)
2026-08-18T12:38:03.550731+00:00 DEBUG 'ansible_navigator.main' Prior to rollback: execution_environment_volume_mounts = 'Not set' (Constants/Not set)
2026-08-18T12:38:03.550747+00:00 DEBUG 'ansible_navigator.main' Prior to rollback: format = 'yaml' (str/Defaults)
2026-08-18T12:38:03.550763+00:00 DEBUG 'ansible_navigator.main' Prior to rollback: help_builder = 'False' (bool/Defaults)
2026-08-18T12:38:03.550779+00:00 DEBUG 'ansible_navigator.main' Prior to rollback: help_config = 'False' (bool/Defaults)
2026-08-18T12:38:03.550795+00:00 DEBUG 'ansible_navigator.main' Prior to rollback: help_doc = 'False' (bool/Defaults)
2026-08-18T12:38:03.550811+00:00 DEBUG 'ansible_navigator.main' Prior to rollback: help_inventory = 'False' (bool/Defaults)
2026-08-18T12:38:03.550826+00:00 DEBUG 'ansible_navigator.main' Prior to rollback: help_playbook = 'False' (bool/Defaults)
2026-08-18T12:38:03.550842+00:00 DEBUG 'ansible_navigator.main' Prior to rollback: images_details = '['everything']' (list/Defaults)
2026-08-18T12:38:03.550865+00:00 DEBUG 'ansible_navigator.main' Prior to rollback: inventory = 'Not set' (Constants/Not set)
2026-08-18T12:38:03.550884+00:00 DEBUG 'ansible_navigator.main' Prior to rollback: inventory_column = 'Not set' (Constants/Not set)
2026-08-18T12:38:03.550900+00:00 DEBUG 'ansible_navigator.main' Prior to rollback: lint_config = 'Not set' (Constants/Not set)
2026-08-18T12:38:03.550916+00:00 DEBUG 'ansible_navigator.main' Prior to rollback: lintables = 'Not set' (Constants/Not set)
2026-08-18T12:38:03.550932+00:00 DEBUG 'ansible_navigator.main' Prior to rollback: log_append = 'True' (bool/Defaults)
2026-08-18T12:38:03.550948+00:00 DEBUG 'ansible_navigator.main' Prior to rollback: log_file = '/home/devops/ansible/ansible-navigator.log' (str/Defaults)
2026-08-18T12:38:03.550964+00:00 DEBUG 'ansible_navigator.main' Prior to rollback: log_level = 'warning' (str/Defaults)
2026-08-18T12:38:03.550980+00:00 DEBUG 'ansible_navigator.main' Prior to rollback: mode = 'interactive' (str/Defaults)
2026-08-18T12:38:03.550997+00:00 DEBUG 'ansible_navigator.main' Prior to rollback: osc4 = 'True' (bool/Defaults)
2026-08-18T12:38:03.551013+00:00 DEBUG 'ansible_navigator.main' Prior to rollback: pass_environment_variable = 'Not set' (Constants/Not set)
2026-08-18T12:38:03.551028+00:00 DEBUG 'ansible_navigator.main' Prior to rollback: playbook = 'Not set' (Constants/Not set)
2026-08-18T12:38:03.551047+00:00 DEBUG 'ansible_navigator.main' Prior to rollback: playbook_artifact_enable = 'True' (bool/Defaults)
2026-08-18T12:38:03.551097+00:00 DEBUG 'ansible_navigator.main' Prior to rollback: playbook_artifact_replay = 'Not set' (Constants/Not set)
2026-08-18T12:38:03.551121+00:00 DEBUG 'ansible_navigator.main' Prior to rollback: playbook_artifact_save_as = '{playbook_dir}/{playbook_name}-artifact-{time_stamp}.json' (str/Defaults)
2026-08-18T12:38:03.551139+00:00 DEBUG 'ansible_navigator.main' Prior to rollback: plugin_name = 'Not set' (Constants/Not set)
2026-08-18T12:38:03.551156+00:00 DEBUG 'ansible_navigator.main' Prior to rollback: plugin_type = 'module' (str/Defaults)
2026-08-18T12:38:03.551172+00:00 DEBUG 'ansible_navigator.main' Prior to rollback: pull_arguments = 'Not set' (Constants/Not set)
2026-08-18T12:38:03.551189+00:00 DEBUG 'ansible_navigator.main' Prior to rollback: pull_policy = 'tag' (str/Defaults)
2026-08-18T12:38:03.551205+00:00 DEBUG 'ansible_navigator.main' Prior to rollback: set_environment_variable = 'Not set' (Constants/Not set)
2026-08-18T12:38:03.551222+00:00 DEBUG 'ansible_navigator.main' Prior to rollback: settings_effective = 'False' (bool/Defaults)
2026-08-18T12:38:03.551238+00:00 DEBUG 'ansible_navigator.main' Prior to rollback: settings_sample = 'False' (bool/Defaults)
2026-08-18T12:38:03.551254+00:00 DEBUG 'ansible_navigator.main' Prior to rollback: settings_schema = 'json' (str/Defaults)
2026-08-18T12:38:03.551270+00:00 DEBUG 'ansible_navigator.main' Prior to rollback: settings_sources = 'False' (bool/Defaults)
2026-08-18T12:38:03.551286+00:00 DEBUG 'ansible_navigator.main' Prior to rollback: time_zone = 'UTC' (str/Defaults)
2026-08-18T12:38:03.551302+00:00 DEBUG 'ansible_navigator.main' Prior to rollback: workdir = '/home/devops/ansible' (str/Defaults)
2026-08-18T12:38:03.551318+00:00 DEBUG 'ansible_navigator.main' After rollback: ansible_runner_artifact_dir = 'Not set' (Constants/Not set)
2026-08-18T12:38:03.551334+00:00 DEBUG 'ansible_navigator.main' After rollback: ansible_runner_rotate_artifacts_count = 'Not set' (Constants/Not set)
2026-08-18T12:38:03.551350+00:00 DEBUG 'ansible_navigator.main' After rollback: ansible_runner_timeout = 'Not set' (Constants/Not set)
2026-08-18T12:38:03.551366+00:00 DEBUG 'ansible_navigator.main' After rollback: ansible_runner_write_job_events = 'Not set' (Constants/Not set)
2026-08-18T12:38:03.551382+00:00 DEBUG 'ansible_navigator.main' After rollback: app = 'Not set' (Constants/Not set)
2026-08-18T12:38:03.551398+00:00 DEBUG 'ansible_navigator.main' After rollback: cmdline = 'Not set' (Constants/Not set)
2026-08-18T12:38:03.551414+00:00 DEBUG 'ansible_navigator.main' After rollback: collection_doc_cache_path = 'Not set' (Constants/Not set)
2026-08-18T12:38:03.551430+00:00 DEBUG 'ansible_navigator.main' After rollback: config = 'Not set' (Constants/Not set)
2026-08-18T12:38:03.551446+00:00 DEBUG 'ansible_navigator.main' After rollback: container_engine = 'Not set' (Constants/Not set)
2026-08-18T12:38:03.551462+00:00 DEBUG 'ansible_navigator.main' After rollback: container_options = 'Not set' (Constants/Not set)
2026-08-18T12:38:03.551478+00:00 DEBUG 'ansible_navigator.main' After rollback: display_color = 'Not set' (Constants/Not set)
2026-08-18T12:38:03.551494+00:00 DEBUG 'ansible_navigator.main' After rollback: editor_command = 'Not set' (Constants/Not set)
2026-08-18T12:38:03.551510+00:00 DEBUG 'ansible_navigator.main' After rollback: editor_console = 'Not set' (Constants/Not set)
2026-08-18T12:38:03.551526+00:00 DEBUG 'ansible_navigator.main' After rollback: enable_prompts = 'Not set' (Constants/Not set)
2026-08-18T12:38:03.551542+00:00 DEBUG 'ansible_navigator.main' After rollback: exec_command = 'Not set' (Constants/Not set)
2026-08-18T12:38:03.551558+00:00 DEBUG 'ansible_navigator.main' After rollback: exec_shell = 'Not set' (Constants/Not set)
2026-08-18T12:38:03.551574+00:00 DEBUG 'ansible_navigator.main' After rollback: execution_environment = 'Not set' (Constants/Not set)
2026-08-18T12:38:03.551594+00:00 DEBUG 'ansible_navigator.main' After rollback: execution_environment_image = 'Not set' (Constants/Not set)
2026-08-18T12:38:03.551611+00:00 DEBUG 'ansible_navigator.main' After rollback: execution_environment_volume_mounts = 'Not set' (Constants/Not set)
2026-08-18T12:38:03.551628+00:00 DEBUG 'ansible_navigator.main' After rollback: format = 'Not set' (Constants/Not set)
2026-08-18T12:38:03.551644+00:00 DEBUG 'ansible_navigator.main' After rollback: help_builder = 'Not set' (Constants/Not set)
2026-08-18T12:38:03.551660+00:00 DEBUG 'ansible_navigator.main' After rollback: help_config = 'Not set' (Constants/Not set)
2026-08-18T12:38:03.551675+00:00 DEBUG 'ansible_navigator.main' After rollback: help_doc = 'Not set' (Constants/Not set)
2026-08-18T12:38:03.551691+00:00 DEBUG 'ansible_navigator.main' After rollback: help_inventory = 'Not set' (Constants/Not set)
2026-08-18T12:38:03.551707+00:00 DEBUG 'ansible_navigator.main' After rollback: help_playbook = 'Not set' (Constants/Not set)
2026-08-18T12:38:03.551722+00:00 DEBUG 'ansible_navigator.main' After rollback: images_details = 'Not set' (Constants/Not set)
2026-08-18T12:38:03.551738+00:00 DEBUG 'ansible_navigator.main' After rollback: inventory = 'Not set' (Constants/Not set)
2026-08-18T12:38:03.551754+00:00 DEBUG 'ansible_navigator.main' After rollback: inventory_column = 'Not set' (Constants/Not set)
2026-08-18T12:38:03.551771+00:00 DEBUG 'ansible_navigator.main' After rollback: lint_config = 'Not set' (Constants/Not set)
2026-08-18T12:38:03.551797+00:00 DEBUG 'ansible_navigator.main' After rollback: lintables = 'Not set' (Constants/Not set)
2026-08-18T12:38:03.551823+00:00 DEBUG 'ansible_navigator.main' After rollback: log_append = 'Not set' (Constants/Not set)
2026-08-18T12:38:03.551849+00:00 DEBUG 'ansible_navigator.main' After rollback: log_file = 'Not set' (Constants/Not set)
2026-08-18T12:38:03.551876+00:00 DEBUG 'ansible_navigator.main' After rollback: log_level = 'Not set' (Constants/Not set)
2026-08-18T12:38:03.551896+00:00 DEBUG 'ansible_navigator.main' After rollback: mode = 'Not set' (Constants/Not set)
2026-08-18T12:38:03.551919+00:00 DEBUG 'ansible_navigator.main' After rollback: osc4 = 'Not set' (Constants/Not set)
2026-08-18T12:38:03.551935+00:00 DEBUG 'ansible_navigator.main' After rollback: pass_environment_variable = 'Not set' (Constants/Not set)
2026-08-18T12:38:03.551952+00:00 DEBUG 'ansible_navigator.main' After rollback: playbook = 'Not set' (Constants/Not set)
2026-08-18T12:38:03.551975+00:00 DEBUG 'ansible_navigator.main' After rollback: playbook_artifact_enable = 'Not set' (Constants/Not set)
2026-08-18T12:38:03.552000+00:00 DEBUG 'ansible_navigator.main' After rollback: playbook_artifact_replay = 'Not set' (Constants/Not set)
2026-08-18T12:38:03.552026+00:00 DEBUG 'ansible_navigator.main' After rollback: playbook_artifact_save_as = 'Not set' (Constants/Not set)
2026-08-18T12:38:03.552053+00:00 DEBUG 'ansible_navigator.main' After rollback: plugin_name = 'Not set' (Constants/Not set)
2026-08-18T12:38:03.552080+00:00 DEBUG 'ansible_navigator.main' After rollback: plugin_type = 'Not set' (Constants/Not set)
2026-08-18T12:38:03.552106+00:00 DEBUG 'ansible_navigator.main' After rollback: pull_arguments = 'Not set' (Constants/Not set)
2026-08-18T12:38:03.552137+00:00 DEBUG 'ansible_navigator.main' After rollback: pull_policy = 'Not set' (Constants/Not set)
2026-08-18T12:38:03.552163+00:00 DEBUG 'ansible_navigator.main' After rollback: set_environment_variable = 'Not set' (Constants/Not set)
2026-08-18T12:38:03.552191+00:00 DEBUG 'ansible_navigator.main' After rollback: settings_effective = 'Not set' (Constants/Not set)
2026-08-18T12:38:03.552220+00:00 DEBUG 'ansible_navigator.main' After rollback: settings_sample = 'Not set' (Constants/Not set)
2026-08-18T12:38:03.552249+00:00 DEBUG 'ansible_navigator.main' After rollback: settings_schema = 'Not set' (Constants/Not set)
2026-08-18T12:38:03.552278+00:00 DEBUG 'ansible_navigator.main' After rollback: settings_sources = 'Not set' (Constants/Not set)
2026-08-18T12:38:03.552304+00:00 DEBUG 'ansible_navigator.main' After rollback: time_zone = 'Not set' (Constants/Not set)
2026-08-18T12:38:03.552336+00:00 DEBUG 'ansible_navigator.main' After rollback: workdir = 'Not set' (Constants/Not set)
2026-08-18T12:38:03.552360+00:00 DEBUG 'ansible_navigator.main' Configuration rollback complete.
2026-08-18T12:38:03.552377+00:00 DEBUG 'ansible_navigator.main' Collection doc cache not mounted
2026-08-18T12:38:03.552406+00:00 WARNING 'ansible_navigator.main' Issues were found while applying the settings.
2026-08-18T12:38:03.552425+00:00 INFO 'ansible_navigator.main' Command provided: ''
2026-08-18T12:38:03.552447+00:00 ERROR 'ansible_navigator.main' The following errors were found in the settings file (/home/devops/ansible/ansible-navigator.yml):
2026-08-18T12:38:03.552467+00:00 ERROR 'ansible_navigator.main' In 'ansible-navigator.execution-environment': Additional properties are not allowed ('policy' was unexpected).
2026-08-18T12:38:03.552486+00:00 INFO 'ansible_navigator.main' Check the settings file and compare it to the current version.
2026-08-18T12:38:03.552504+00:00 INFO 'ansible_navigator.main' The current version can be found here: (https://ansible-navigator.readthedocs.io/en/latest/settings/#ansible-navigator-settings)
2026-08-18T12:38:03.552524+00:00 INFO 'ansible_navigator.main' The schema used for validation can be seen with 'ansible-navigator settings --schema'
2026-08-18T12:38:03.552542+00:00 INFO 'ansible_navigator.main' A sample settings file can be created with 'ansible-navigator settings --sample'
2026-08-18T12:38:03.552561+00:00 INFO 'ansible_navigator.main' Configuration failed, using default log file location. (/home/devops/ansible/ansible-navigator.log) Log level set to debug
2026-08-18T12:38:03.552579+00:00 INFO 'ansible_navigator.main' Review the hints and log file to see what went wrong.
